year,zip3,population,area_sq_miles,population_density
2014,006,1187099,1690.8650346903994,702.0660878574263
2014,007,1343214,1495.3326967171333,898.2710021314347
2014,009,1106452,247.1571047904395,4476.715330267939
2014,010,473339,1312.60496890372,360.6103978071407
2014,011,169694,42.627091908422834,3980.895538559354
2014,012,129674,917.2782112109767,141.36823312177705
2014,013,83109,805.8971817377586,103.12605861307493
2014,014,214920,488.6077364575314,439.8620487636923
2014,015,378307,829.9551731172127,455.8161841188651
2014,016,190178,58.63333681671193,3243.513167167976
2014,017,389772,391.1757955031819,996.4113436482537
2014,018,729417,408.72137452316286,1784.6314028743384
2014,019,485544,372.31916955721346,1304.1069053130973
2014,020,407486,399.80081308626666,1019.2225394801162
2014,021,1322342,162.70859888577746,8127.056646393305
2014,022,26030,2.1226900941144358,12262.741542994501
2014,023,446938,542.3120162818249,824.1344218486548
2014,024,416662,111.06917792456882,3751.373763502333
2014,025,117357,348.3705056189614,336.8740984300262
2014,026,147493,295.39130709539484,499.3139488440262
2014,027,529023,623.9050998635734,847.9222242544246
2014,028,671978,980.3424573332422,685.4523079903479
2014,029,381274,114.52032838694237,3329.3128422732757
2014,030,379956,918.0694138680851,413.8641308167956
2014,031,149366,106.42640797971194,1403.4674554502828
2014,032,187786,2411.836243122713,77.86017833319605
2014,033,61321,197.2612626381376,310.86184474287387
2014,034,83489,786.1249789500989,106.2032148011667
2014,035,45335,2501.9160039565722,18.120112716936326
2014,036,13686,208.84636705367745,65.53142481277848
2014,037,77681,862.0462689996974,90.11233247391651
2014,038,322510,1615.1459873338533,199.6785445582986
2014,039,48936,212.25237817426486,230.55572060456367
2014,040,339732,2089.0493796966407,162.62516496825646
2014,041,113462,85.35184601603959,1329.3444172101194
2014,042,176235,2199.0721240894886,80.14061843149821
2014,043,81839,780.7768052878179,104.81740677456688
2014,044,175911,7109.19794303239,24.744141520550503
2014,045,48097,574.6138302730037,83.70317153199866
2014,046,73828,2994.602483243599,24.653689567515922
2014,047,71062,4677.873316223958,15.191091163914248
2014,048,40116,394.4633806602511,101.69765298075073
2014,049,159250,5271.96246218868,30.206967735860285
2014,050,60693,1251.2930215792096,48.50422639087498
2014,051,29291,496.8296804375854,58.955817563479286
2014,052,33237,451.20150992843804,73.66331731751406
2014,053,37244,778.5273366813558,47.839039485447934
2014,054,236623,1950.618367840562,121.30666044222387
2014,056,85464,1178.7222775756115,72.50562887110424
2014,057,81641,1512.482120046017,53.978158761649425
2014,058,58522,1515.9387574657258,38.604461896491316
2014,059,3643,409.57339132731204,8.89462078626266
2014,060,675117,1186.2997078122637,569.0948042506302
2014,061,297040,85.17541543843923,3487.391267433107
2014,062,166362,675.4061968759044,246.31399707244097
2014,063,268710,656.7245102388157,409.16700353133535
2014,064,720574,1045.1007521965478,689.4780225595748
2014,065,290874,115.92469530301031,2509.1633774813695
2014,066,242809,88.17666814918626,2753.6649444407567
2014,067,331269,703.2850113361899,471.03094003185595
2014,068,474368,386.0600935144073,1228.7413487410793
2014,069,125226,37.61308472898911,3329.3201262880198
2014,070,1715964,363.44583125339193,4721.374830692835
2014,071,397759,34.42351136476823,11554.864225940015
2014,072,183423,19.1991855602923,9553.686505294001
2014,073,255524,15.9467417155505,16023.586796469226
2014,074,465356,495.03847811466346,940.0400586481517
2014,075,198947,21.170819796707203,9397.227028069228
2014,076,499017,123.14091498860074,4052.4061401216195
2014,077,601606,393.4370499001754,1529.1035761696621
2014,078,361284,868.8284053602325,415.8289459357684
2014,079,258773,248.52913044432063,1041.217983330024
2014,080,1162557,1644.3463254490462,707.0025225267087
2014,081,158234,29.39817331051641,5382.443267092246
2014,082,251698,608.9212451813278,413.3506623258777
2014,083,243850,879.6134170383958,277.22405692835827
2014,084,57544,23.725502029987748,2425.407054707104
2014,085,313880,609.7627831798495,514.7575559845559
2014,086,269492,124.7907724228589,2159.550700486209
2014,087,457047,375.478717014265,1217.2380997632847
2014,088,909924,769.0580271463806,1183.166897530877
2014,089,112485,22.07175928268136,5096.331405184431
2014,100,1530547,21.486089551516287,71234.32099313708
2014,101,63700,0.6272622222128574,101552.42535614366
2014,102,14720,0.2061163569948726,71415.9720975768
2014,103,471522,55.65406565780903,8472.372942152502
2014,104,1414485,41.50944510853621,34076.220395177435
2014,105,653161,604.3469841651422,1080.7715056314719
2014,106,82536,21.093740597017828,3912.819521999275
2014,107,230028,24.36217417229851,9442.014426674525
2014,108,87536,11.96792785645159,7314.215213355558
2014,109,544746,683.2443293599379,797.2931154954731
2014,110,251730,44.17855476274714,5698.013467209826
2014,111,204942,7.0203125415623955,29192.717387820092
2014,112,2570801,68.74016416954086,37398.81961380499
2014,113,1168339,48.11278487854301,24283.337639868096
2014,114,776172,42.03801514817691,18463.573916706693
2014,115,722003,139.35311693482836,5181.104060540397
2014,116,117470,8.50542945627647,13811.177978004926
2014,117,1576333,589.0158062621236,2676.2151087308866
2014,118,73250,15.67366457425701,4673.444404335948
2014,119,249471,494.65973022381286,504.32850049694724
2014,120,331357,1938.384953062676,170.9448886695345
2014,121,282558,2256.401532392838,125.22505234268155
2014,122,151804,52.42517230598723,2895.6318753512837
2014,123,162799,134.31912036493355,1212.0314632621853
2014,124,153028,1506.3882769447416,101.58602688436447
2014,125,449204,1603.4531158108498,280.14788556685806
2014,126,86679,50.76290415255467,1707.5264200706263
2014,127,98125,1342.3146798551074,73.10133865971864
2014,128,224662,3657.795945161822,61.420047309408034
2014,129,164259,4116.535475618987,39.90224327540892
2014,130,387689,1905.6888471919458,203.43772309486104
2014,131,180301,1467.7165235298612,122.84456644691561
2014,132,229344,102.56676783837973,2236.045893162884
2014,133,142755,3297.451118323577,43.29252955615506
2014,134,185514,2086.882304189398,88.89528634536902
2014,135,70879,60.632971404800166,1168.9844379684926
2014,136,238324,3896.2402184808507,61.16768644540168
2014,137,137347,1561.1087427446625,87.9804181728708
2014,138,139254,1706.6688694701222,81.59403531115844
2014,139,81082,116.5668296612035,695.5838143291824
2014,140,446202,1873.353770150932,238.1835225730218
2014,141,199677,855.8792931460623,233.30042168215374
2014,142,563574,154.70330982277176,3642.934340872415
2014,143,64917,35.91865378112996,1807.3338827109512
2014,144,306848,1649.9892671939817,185.96969453130708
2014,145,322855,1724.2548111315114,187.24320669758328
2014,146,476824,165.02410345238044,2889.4203333005407
2014,147,177574,2393.328989058011,74.19539930024048
2014,148,286313,3125.586291883937,91.60297405432559
2014,149,48649,66.86077599903297,727.616442870834
2014,150,447999,918.264233150453,487.87591177647187
2014,151,368544,259.2913503413224,1421.350922484923
2014,152,687848,212.4275496059519,3238.0357504285193
2014,153,184240,1199.3864847159982,153.61186935804605
2014,154,143311,886.9523734419366,161.5768831463437
2014,155,88706,1578.5305097565035,56.195302815961
2014,156,310627,960.2719320705052,323.47816240992984
2014,157,110978,1133.6799715853579,97.89182377880984
2014,158,88395,1836.2418066886025,48.13908477522775
2014,159,143300,773.8847480887382,185.1696914222793
2014,160,195139,941.1464796389657,207.34179452581864
2014,161,220948,1168.225170771067,189.13134687396527
2014,162,88080,1211.974138651148,72.67481804358266
2014,163,147996,2060.004423436756,71.84256417910726
2014,164,129370,1433.381657756076,90.25509661015586
2014,165,186923,123.30459963199431,1515.9450706451862
2014,166,207029,1759.161497680073,117.68618189576304
2014,167,48056,1486.183437505633,32.335173967929414
2014,168,198993,1841.923588158046,108.03542626814193
2014,169,65744,2001.0019510583504,32.855540178372806
2014,170,620835,2637.0020906085942,235.4321227924083
2014,171,166916,129.5644735123676,1288.2852488422839
2014,172,206879,1607.684675046351,128.6813286281002
2014,173,337420,1231.696467782639,273.9473635151688
2014,174,176502,140.31724533740964,1257.8781715360772
2014,175,329956,835.2564451663935,395.0355629213596
2014,176,166284,89.06007074037493,1867.0993478631497
2014,177,171657,2364.1273643268078,72.60903223328657
2014,178,238250,1676.5609428242458,142.10637616229843
2014,179,123917,689.929693294824,179.60815602561289
2014,180,537310,817.9000663502522,656.9384477466295
2014,181,168419,60.28405387840357,2793.757041285095
2014,182,139585,598.6533183538121,233.16499837307074
2014,183,176607,773.9640140180031,228.18502772906953
2014,184,199775,1691.8597735124629,118.08011699766817
2014,185,117825,62.912828472128716,1872.8294826578679
2014,186,176657,1390.1042683524834,127.08183409102789
2014,187,134269,191.05007009011933,702.7948219891498
2014,188,77771,1407.437947015951,55.25714306971047
2014,189,366259,489.90650283640514,747.6099988048232
2014,190,1123688,402.40162382530906,2792.4539402152523
2014,191,1547119,147.65651524414216,10477.824140993178
2014,193,439597,655.1149888233265,671.0226563272115
2014,194,520251,369.0450442415193,1409.7222225792168
2014,195,220142,805.9291949245683,273.1530280654548
2014,196,212613,102.64134227143845,2071.4167926383684
2014,197,324038,324.2256848353851,999.4211290339925
2014,198,216767,83.05505424735138,2609.919431928042
2014,199,376255,1606.0638728665326,234.27150461236207
2014,200,632778,66.01506720584838,9585.357203786065
2014,201,889908,1387.5640548469567,641.3455269985022
2014,202,0,0.1477587431639232,0.0
2014,203,958,1.1832511460125057,809.6336971473975
2014,204,0,0.0177646705004307,0.0
2014,205,0,0.4281127964167295,0.0
2014,206,346454,1183.52927899949,292.7295557004545
2014,207,986006,588.9034007053359,1674.308551825393
2014,208,693670,455.29940780487163,1523.5468970723705
2014,209,320486,62.13449401058516,5157.9401281581595
2014,210,742393,773.4373132195628,959.861888366446
2014,211,466010,718.184997076357,648.8718114372613
2014,212,1203234,292.4199251125922,4114.746967179858
2014,214,94542,54.3586596530137,1739.2261068151354
2014,215,103424,1042.2787703317645,99.22873126071582
2014,216,170172,1808.3496209959542,94.10348420692965
2014,217,479881,1448.7993360712853,331.2266840909074
2014,218,179681,1302.3915908936299,137.9623465448765
2014,219,101803,373.6227676795248,272.47536501127144
2014,220,496246,197.5431541135338,2512.0890785959255
2014,221,459736,212.5894704681997,2162.553013502942
2014,222,220689,26.045594504019213,8473.17959918114
2014,223,333894,59.10072548306033,5649.575318592357
2014,224,221899,1093.714223113169,202.88572216641973
2014,225,190483,1445.8137042015096,131.74795580264572
2014,226,186888,1202.1629613081086,155.4597887433179
2014,227,80183,1005.9969833005514,79.70501038375832
2014,228,165783,1497.8835438301455,110.67816365489037
2014,229,256196,1818.543631557164,140.87976529912956
2014,230,225293,2372.282316777709,94.96888224754689
2014,231,370375,1744.1135943854079,212.35715448368663
2014,232,551171,321.3158031173225,1715.3560287190423
2014,233,258501,738.5357937576135,350.0182417493494
2014,234,578878,1261.1914519671411,458.99296185134784
2014,235,244745,59.772259492294715,4094.6252003665722
2014,236,383981,220.48625748556972,1741.518969839336
2014,237,96007,35.560088253574044,2699.8526920233558
2014,238,339093,3458.6451012057537,98.04214947691086
2014,239,106274,2600.993846099811,40.858997094267565
2014,240,358456,2000.4353610005514,179.18899405013127
2014,241,229606,2420.1352969257177,94.87320824239332
2014,242,194606,2598.451709383797,74.89306008544193
2014,243,151967,2634.1465201140304,57.69117201324908
2014,244,143350,2777.4240934758286,51.612571640294064
2014,245,380434,3987.4074766803933,95.40885957226521
2014,246,70555,1023.3193349329842,68.94719721544257
2014,247,60499,274.64908669020144,220.27744832168926
2014,248,37729,875.4168206908603,43.09832654372014
2014,249,53860,2077.0378582538515,25.93115950485354
2014,250,67829,1063.369947631436,63.78683180870702
2014,251,74200,947.5070023080607,78.31076690647562
2014,252,58689,1331.4578390929778,44.07875208424204
2014,253,117618,328.91150256854235,357.59770966200676
2014,254,181796,871.7638919384982,208.5381164339684
2014,255,142115,1520.6312707122606,93.45789655728547
2014,256,50180,736.7191028435365,68.11279876728969
2014,257,75891,96.72080398299366,784.6398796823883
2014,258,90366,704.1249297215866,128.33802097552635
2014,259,45233,869.8242466655419,52.00245931681029
2014,260,131147,619.5553806572752,211.67922044493986
2014,261,132048,1421.5479649593105,92.89028809082757
2014,262,84269,2840.793288924765,29.663897168630548
2014,263,89495,1221.790759368983,73.24903983250077
2014,264,59099,1304.9742432948126,45.28748387461367
2014,265,180550,1063.5489570611185,169.7618137851499
2014,266,32633,990.6404847039402,32.94131473917362
2014,267,55314,1116.6041760915089,49.53769758735602
2014,268,33093,1625.6468957723775,20.35681923673643
2014,270,289433,1960.005123884338,147.6695119176024
2014,271,257952,203.2865307601766,1268.9084664655622
2014,272,583275,2354.5145299059413,247.72622661339057
2014,273,387945,2619.5655666233965,148.09516697841568
2014,274,311347,234.0665821766311,1330.1642511490668
2014,275,1103955,4294.335641422565,257.0723604721074
2014,276,510268,299.18752398157613,1705.5122927900634
2014,277,269181,246.03045472533321,1094.0962585323507
2014,278,551612,5940.473314675371,92.85657401023843
2014,279,198437,3364.8575414126967,58.973373332378436
2014,280,683203,1811.3964535976027,377.16922689292835
2014,281,596861,2583.179278361089,231.0567466222017
2014,282,834525,410.6930079556241,2031.9922273674829
2014,283,845162,5010.909031919977,168.66440692022866
2014,284,487458,4072.4015109557854,119.69792239017083
2014,285,502389,3772.3302092384874,133.17736574853458
2014,286,633960,4124.796665282218,153.69484884817336
2014,287,542570,5438.699337359137,99.76098444586111
2014,288,123017,138.19659833491778,890.1593923597873
2014,289,37724,683.556403428187,55.18783791769892
2014,290,429316,4270.117215948797,100.539628841221
2014,291,369109,4245.7690221519015,86.93572308672667
2014,292,339241,309.943135744503,1094.5265788355714
2014,293,396795,2119.755783848858,187.1890163118395
2014,294,764023,4232.9566872831265,180.49393283312313
2014,295,648158,5139.543340737564,126.11198253014135
2014,296,976184,3806.7424348849504,256.4355263582478
2014,297,362159,1916.54149574357,188.96486238587357
2014,298,225085,2485.9823518168996,90.54167252454342
2014,299,217203,2160.214668518869,100.546951729072
2014,300,2266594,1688.0334461097855,1342.7423521871299
2014,301,1204985,3575.372267783389,337.0236467004456
2014,302,1018120,3365.284622410659,302.5360747260328
2014,303,934362,359.2826062504585,2600.6324373761904
2014,304,226208,4985.804915703602,45.37040735138296
2014,305,637405,4260.794253645449,149.59769518433075
2014,306,389411,3428.78805951581,113.57103245832872
2014,307,367674,2026.689382334849,181.41605872352324
2014,308,195999,2098.3272052183347,93.40726246724994
2014,309,202343,187.40360758558313,1079.717741866812
2014,310,544112,8636.312308115208,63.002816548067514
2014,312,166846,356.0059335823521,468.66072798588567
2014,313,212345,2027.4469566198604,104.73516917750563
2014,314,244542,278.9609269753682,876.6173910140207
2014,315,337149,5415.322915453056,62.25833717836446
2014,316,194177,3066.5153096568292,63.321712234246164
2014,317,370359,4833.740963389016,76.61953811863663
2014,318,88452,2315.205156798909,38.20482160738494
2014,319,198192,187.43118130869743,1057.4121051586374
2014,320,614625,4811.813348208662,127.7325107028127
2014,321,571819,2546.796995103536,224.52476624535737
2014,322,923396,1004.6520559664162,919.1202013833012
2014,323,432169,4418.542163621888,97.80805161441533
2014,324,345862,4516.527545197505,76.57697125477748
2014,325,660209,2417.7806781380655,273.0640566242044
2014,326,361734,3105.758697105461,116.47202351461908
2014,327,956617,1814.8591594062727,527.1026101622978
2014,328,916499,504.0558545661102,1818.2488938431627
2014,329,624704,1428.8957066001885,437.19355941405666
2014,330,1682185,1927.1101370288786,872.9054804275526
2014,331,1958651,686.0847012720917,2854.823896187165
2014,333,794522,365.8974625587069,2171.4334787782846
2014,334,1469825,2521.0004400066323,583.0324250146236
2014,335,737197,1661.6771524594699,443.64634785335113
2014,336,745881,264.07541973264495,2824.4999127716783
2014,337,735714,230.19909579219953,3195.989964548463
2014,338,718964,3481.3144866354487,206.5208422738188
2014,339,760977,2300.127809590312,330.8411805757618
2014,341,387529,2519.9581153739605,153.783905230699
2014,342,775821,1974.7310906490952,392.8742519291511
2014,344,433094,1593.3407690704187,271.8150494904327
2014,346,659521,864.0312959100881,763.3068421501139
2014,347,644342,2128.517986141381,302.71860712254346
2014,349,449593,2239.7486968285407,200.73368080830616
2014,350,443382,3520.5069360014404,125.94265770815075
2014,351,329537,2718.867368142169,121.20377914027344
2014,352,495909,352.2839386613561,1407.6968762311585
2014,354,227370,3384.210108409016,67.18554484399053
2014,355,154900,3988.7548523785085,38.834174004860834
2014,356,381928,3265.948289824045,116.94245165791544
2014,357,227454,1860.5910234069765,122.24825183962409
2014,358,194033,273.40916717422095,709.6799350416765
2014,359,287811,2574.064238310982,111.81189486896889
2014,360,289906,6293.420185223225,46.06493630930463
2014,361,212700,324.2942772744369,655.8857645828906
2014,362,183697,2529.1622228364527,72.63156089449416
2014,363,240070,2650.8774770413493,90.562465477636
2014,364,105821,4153.964677568698,25.474699043887078
2014,365,367134,4458.411578126567,82.346367886087
2014,366,286939,284.8684473726705,1007.2684519694129
2014,367,113392,5051.5022531124005,22.44718389071991
2014,368,256374,2333.82432947497,109.85145572532244
2014,369,19291,1237.9008869157763,15.583638564201555
2014,370,936983,5186.732345824177,180.64996177301538
2014,371,630129,3756.5533317481436,167.741262895039
2014,372,438840,292.8121210163923,1498.7084498986046
2014,373,574314,5400.0039460554335,106.35436672588395
2014,374,201928,233.9326318722808,863.1886812193254
2014,376,411880,1818.4962710285354,226.4948279311247
2014,377,341688,2976.797354216165,114.78376232633126
2014,378,530083,4294.10640632098,123.4443094422884
2014,379,399446,402.62715224323017,992.0990121368953
2014,380,423457,4133.382301090634,102.44806048747695
2014,381,741584,369.9384421663032,2004.6145938697177
2014,382,115190,2076.2616443248016,55.47952027860134
2014,383,288271,4198.106363806127,68.66691194042188
2014,384,177981,3142.9428161205688,56.62877449984516
2014,385,232781,3439.0876829675076,67.68684647177672
2014,386,412634,5356.709986809598,77.03123764700216
2014,387,115784,2691.425838143071,43.01957659731925
2014,388,263046,3784.6101568029308,69.5041203985484
2014,389,111395,3587.084774466333,31.05446539567015
2014,390,284215,5321.3427535227165,53.410391542971055
2014,391,287735,5946.822447974547,48.3846629888876
2014,392,232932,280.661579147758,829.9390344318197
2014,393,209978,5511.209201890556,38.100168639573596
2014,394,374181,5797.480618334235,64.54200102311196
2014,395,391473,2122.8608317480403,184.40822598702667
2014,396,130842,3887.06670035068,33.66085793902014
2014,397,170094,3068.809991104953,55.42669650223476
2014,398,108040,3770.858688372714,28.65129906170625
2014,400,252926,2290.2578951900387,110.43559789977843
2014,401,147401,1305.9838613844763,112.86586638501021
2014,402,745994,356.47530360631646,2092.694760206613
2014,403,332829,3566.820288556525,93.31252294033975
2014,404,187205,1940.4553078188355,96.4747805557178
2014,405,305292,303.10466808871485,1007.2164243628374
2014,406,50609,221.473180374842,228.510738475623
2014,407,106208,989.1256189130642,107.37564366870856
2014,408,35123,700.2087208906515,50.16075771710504
2014,409,69579,1149.7050889195457,60.51899802008184
2014,410,499772,2661.778428691826,187.75867841322204
2014,411,137261,1754.3073756904214,78.24227492971684
2014,412,49554,774.7473168099966,63.96149934928126
2014,413,34395,1120.5307099855231,30.695276526998864
2014,414,24824,597.0854676275849,41.57528753569207
2014,415,67487,808.4868465605543,83.4732194928113
2014,416,39867,454.9770567892665,87.624198638362
2014,417,39521,701.7636933156722,56.31667807331604
2014,418,30815,429.04013969942764,71.8231166472863
2014,420,222998,3166.234234558995,70.43003880319675
2014,421,220631,2278.7509397337876,96.82102425189782
2014,422,156439,2622.9366883719836,59.642690078462884
2014,423,171319,2011.5780828223235,85.16646779111487
2014,424,135901,2109.751760784995,64.41563530177315
2014,425,78814,1076.828025759313,73.19088853062233
2014,426,65448,1327.5918291452967,49.29828473118534
2014,427,181821,2875.2340717216916,63.236938442067604
2014,430,809740,2612.7745357253843,309.91575772350063
2014,431,416983,2315.72926236669,180.06552267420102
2014,432,773719,230.74097962776955,3353.1928366090865
2014,433,182158,1939.0530612812988,93.94173044425744
2014,434,165498,1003.2069198440107,164.96895777566345
2014,435,295044,2057.0379853235668,143.43147871116747
2014,436,341361,150.50129437028804,2268.1598947589614
2014,437,193660,2515.5492621622393,76.98517493294472
2014,438,64607,938.4502109126734,68.84435556487071
2014,439,177848,1414.7992567156305,125.7054660976167
2014,440,852268,1923.7493386129886,443.0244538066898
2014,441,1201834,412.6961988908473,2912.151852209982
2014,442,565379,1236.4470404252925,457.2609917894505
2014,443,270788,145.20636956560628,1864.8493231397413
2014,444,342740,1305.5729076815137,262.52076615824603
2014,445,161019,104.67877304784834,1538.220169302125
2014,446,451880,2185.255716256141,206.78586795973567
2014,447,194626,162.01857399657518,1201.2573324100117
2014,448,333387,2717.8608713221656,122.66521937078268
2014,449,92015,211.18770168722884,435.7024545694198
2014,450,592054,881.6723184385622,671.5125195815664
2014,451,339362,2120.4231488677588,160.04447045449817
2014,452,795183,347.6156944012914,2287.534805842316
2014,453,493688,2565.4551340724433,192.43680914283306
2014,454,481727,265.13440126645486,1816.9162420981872
2014,455,100829,184.1374607913244,547.5746193451938
2014,456,346690,4004.4013135916684,86.57723660794709
2014,457,155552,1861.63509906447,83.55665408230095
2014,458,368741,3353.993932161483,109.94086675713355
2014,460,531477,1964.8980323891446,270.4857917506133
2014,461,532354,2823.0654066730413,188.57303084145497
2014,462,927217,420.99273134689963,2202.453702783694
2014,463,664446,1730.3189056644583,384.0020459955887
2014,464,133770,94.29590251013491,1418.6194356178141
2014,465,477561,2153.0635925750826,221.8053389815732
2014,466,146255,137.64029140081843,1062.5885669923127
2014,467,331140,3105.9622669284104,106.61430228110125
2014,468,308633,300.3553279927199,1027.5595977024943
2014,469,309644,2985.8633875385285,103.70333796659827
2014,470,117757,1383.4103219754186,85.12080481794496
2014,471,292695,2101.9268119960834,139.25080470430072
2014,472,210150,2099.190804569746,100.11000407515253
2014,473,322076,2537.4440596398395,126.92930067814576
2014,474,265537,2303.768176521031,115.2620314431954
2014,475,164730,2574.927153213038,63.974625377050806
2014,476,127364,1509.0289126619039,84.40129869700897
2014,477,184350,237.45722660317924,776.3503458585909
2014,478,186642,1808.1605873440883,103.22202646510982
2014,479,308334,3698.8860710686304,83.35860961268278
2014,480,1140995,1303.0560665783282,875.6300126026952
2014,481,1549744,1811.381790741917,855.5590035854595
2014,482,905522,192.78009706224822,4697.175765543936
2014,483,982134,722.44442181361,1359.4595934929782
2014,484,456125,3073.2734077944597,148.4166683130672
2014,485,186054,115.39243436026312,1612.3587393877713
2014,486,401868,4258.5441490169305,94.36746125850775
2014,487,208790,2867.828556950554,72.80421261374583
2014,488,628654,4147.325899140493,151.58056426920407
2014,489,162227,97.72266361151804,1660.075503517888
2014,490,744666,4188.071975931825,177.80639976568585
2014,491,109219,541.5704442805114,201.67090200998675
2014,492,349896,2581.6341695616443,135.5327583301284
2014,493,331299,2572.690025617672,128.7753272648768
2014,494,564610,2620.393317674455,215.46765372653283
2014,495,409834,201.6596467245524,2032.305454545369
2014,496,268823,4700.776543593977,57.1869344366817
2014,497,225988,7176.661070607785,31.48929533896203
2014,498,181281,8504.0418030702,21.31704008493378
2014,499,81247,5695.817268702658,14.264326990691137
2014,500,230983,3567.6612039189376,64.74353555384522
2014,501,179733,3851.867997616448,46.66125633360736
2014,502,222465,3673.5756047768605,60.55816564948931
2014,503,289228,152.80243142000705,1892.8232837146477
2014,504,103588,3472.8564056680225,29.82789608891828
2014,505,123642,4625.966864970531,26.72781790467659
2014,506,171910,4093.8945436914896,41.99179978021312
2014,507,78237,192.80292615002514,405.7874097778043
2014,508,33462,2253.0236717384887,14.852041023687912
2014,510,88003,3967.9983485540597,22.17818463358694
2014,511,85884,131.490461959583,653.1576413991053
2014,512,44507,1416.7781026692098,31.414234816411135
2014,513,47029,1515.305943162988,31.035976736046834
2014,514,47648,1921.0764098922293,24.802761490717078
2014,515,148320,3380.330807043386,43.87736244362676
2014,516,23644,1118.1383325146323,21.145863005005765
2014,520,142314,2335.485425630513,60.935511923213724
2014,521,59306,2326.092730999912,25.495974089780276
2014,522,173176,2215.252756892771,78.1743751186685
2014,523,157433,2709.497220928611,58.1041378392866
2014,524,135648,131.64224918124256,1030.4290669877753
2014,525,111851,3356.6683175309536,33.32202929191218
2014,526,106260,1894.7863149359407,56.08020237553408
2014,527,170545,1886.5285112037895,90.40149618050332
2014,528,104038,110.76010938918468,939.3092926121553
2014,530,638331,2737.1990194512596,233.20591431746513
2014,531,687419,1672.3463367838112,411.05062084329757
2014,532,821776,160.88560757345428,5107.827930629582
2014,534,126305,58.40824252840328,2162.4516426526493
2014,535,549497,4921.537095117451,111.65150020816544
2014,537,280665,118.88820204872876,2360.74728327512
2014,538,59549,1357.2256634046562,43.87553345448751
2014,539,199216,3259.8861273690036,61.11133708856993
2014,540,147384,1566.7485656659685,94.06997601899981
2014,541,252264,4340.665724309836,58.116430985965835
2014,542,127590,1380.042928831314,92.45364570510084
2014,543,181906,165.1433183642436,1101.5038440658209
2014,544,389732,7580.461539217786,51.41270066257941
2014,545,88840,6096.633529337548,14.571976414933577
2014,546,248440,4473.189854518813,55.53978437759043
2014,547,263944,4611.733807187976,57.23313856246637
2014,548,178530,7742.343923822052,23.058908485153893
2014,549,483331,3076.9068637261717,157.0834027178451
2014,550,672692,4525.644791571771,148.64003495209616
2014,551,771453,305.81376312546666,2522.623547467662
2014,553,973777,4550.262874456648,214.00455904787253
2014,554,1048428,302.13202236297235,3470.0989051086085
2014,556,15875,3198.641867883092,4.963043896660525
2014,557,168873,10587.287261142623,15.95054482178795
2014,558,116995,567.4714279613368,206.16897033972106
2014,559,330522,4733.7648926000065,69.82222554328459
2014,560,261420,5320.9195037827685,49.13060605674457
2014,561,91001,5111.14832021749,17.804413861370335
2014,562,143640,7308.04561617683,19.6550497279387
2014,563,309845,5995.183971421204,51.682317252817995
2014,564,145231,5682.255446965586,25.558689037388426
2014,565,172558,7334.150394512563,23.528014932596488
2014,566,91462,9599.228498354898,9.528057386661295
2014,567,69821,7865.748410543246,8.876586989028528
2014,570,177866,5973.448197570795,29.776101527478257
2014,571,167938,176.3029037397301,952.5537948479911
2014,572,72688,6662.482676087081,10.910047130162315
2014,573,82949,10662.851229986196,7.779251366344664
2014,574,60837,9318.785899858101,6.528425553904653
2014,575,53313,14941.767944923151,3.568051665406466
2014,576,21389,11801.888809383978,1.8123370204092306
2014,577,197406,17491.145076681565,11.286053550786283
2014,580,83222,6332.981483232161,13.141045843943637
2014,581,113145,71.21125272276507,1588.8640583320255
2014,582,97715,6261.088883475903,15.606710241390568
2014,583,50500,8337.672225359907,6.056846399694022
2014,584,47040,11583.350692924801,4.061001108145019
2014,585,141239,10294.793131566837,13.719459749698132
2014,586,44606,10606.109304316415,4.205689260796746
2014,587,93169,11481.430002326753,8.1147557387119
2014,588,33482,4522.859905340611,7.402838182200674
2014,590,84128,25790.312966598398,3.261999965217794
2014,591,132934,815.7184945844334,162.96553392199723
2014,592,37646,17038.287563338647,2.209494343844921
2014,593,35241,21481.2923319124,1.6405437557239662
2014,594,130813,21638.37830850506,6.0454160720807515
2014,595,31252,13893.53794522648,2.249391056706151
2014,596,79126,6300.62363990771,12.558439373972673
2014,597,164231,15039.375596242717,10.920067721497015
2014,598,195562,12936.256034538519,15.117356944533942
2014,599,116028,8294.418081759539,13.988684782499698
2014,600,1645369,1146.9939187646562,1434.50542595039
2014,601,1438004,1248.744484120412,1151.5598413336722
2014,602,79742,8.179075571113481,9749.512558806704
2014,603,63199,7.169368391401864,8815.14194134504
2014,604,1453898,1763.024889062463,824.6610748491192
2014,605,1027843,1219.6354317034088,842.7460971386006
2014,606,2696882,225.00615718879607,11985.814227017465
2014,607,108961,15.59710039196483,6985.977987045177
2014,608,156168,25.91719464532143,6025.652164023525
2014,609,167714,2663.930939000579,62.95733779905003
2014,610,308633,3449.29658897029,89.4770838167139
2014,611,234353,197.19325176131764,1188.4433057763074
2014,612,212229,1997.359509459051,106.25478237389443
2014,613,149560,2446.3726339845493,61.135412456115866
2014,614,147267,3374.543610928682,43.64056802320353
2014,615,205995,2060.047490152742,99.99526757741228
2014,616,173694,164.8691384792992,1053.52646105935
2014,617,237742,2642.521654220923,89.96785309980434
2014,618,294338,2194.5559072258675,134.12189638498293
2014,619,108749,2012.5329230759887,54.0358861974721
2014,620,307240,2749.797605273038,111.73185961426168
2014,622,463845,3279.274406538438,141.44744919033144
2014,623,111172,3082.1046343507505,36.07015763221112
2014,624,149511,3853.698650160283,38.7967543839427
2014,625,182161,2237.8706486810497,81.39925339624145
2014,626,165105,3621.935248261973,45.58474646371095
2014,627,142082,145.05546116312865,979.5012118862267
2014,628,211131,4709.729101749804,44.828692996707304
2014,629,226151,3696.5319058404866,61.17923658191168
2014,630,721133,2141.632455581992,336.7211764653758
2014,631,928403,304.207621004917,3051.8729180193486
2014,633,492247,3006.901430848537,163.7057320702028
2014,634,67850,3031.896176527504,22.37873464312029
2014,635,61815,3103.7176464475638,19.916437975842253
2014,636,133698,3569.7002587107645,37.45356481226983
2014,637,127988,1970.4283237551133,64.95440532243713
2014,638,122187,2747.206869246258,44.47681074469796
2014,639,85182,3016.352066894394,28.24007215036491
2014,640,613025,2899.2592073662827,211.44194297717806
2014,641,555297,399.01583880355753,1391.6665605682444
2014,644,104534,4824.562569675771,21.667042035486563
2014,645,87884,180.1422890425762,487.8587946621952
2014,646,72438,4545.701164755587,15.935495399837802
2014,647,115167,4492.711820971703,25.634183671075345
2014,648,196679,1712.043940956713,114.87964490566355
2014,650,154732,3785.8590641436767,40.87104072771363
2014,651,69209,219.15270144034758,315.8026323432677
2014,652,268237,3808.320773075545,70.43445549450806
2014,653,103835,2734.6717762277826,37.96982179090992
2014,654,95372,2597.009313218936,36.72378050958489
2014,655,123880,3720.6189690909096,33.295535240005684
2014,656,212366,5181.85320128984,40.98263531416501
2014,657,290970,5418.991800249671,53.69448981018832
2014,658,224073,227.77565530178816,983.7442886647285
2014,660,492638,4785.7394421663885,102.93874247716978
2014,661,152043,140.94906009312695,1078.7088604886271
2014,662,380150,171.5964943775167,2215.3715982312565
2014,664,86180,3014.633037498969,28.587227343430676
2014,665,133063,3342.081623472684,39.814407603168334
2014,666,163858,303.88872983028034,539.2039385320854
2014,667,117274,3972.104297819853,29.524400974155572
2014,668,59841,4323.786583465151,13.839952283686138
2014,669,25041,3612.674748563534,6.931429409734923
2014,670,184674,6782.480851789475,27.228090139211524
2014,671,113592,4301.79760569403,26.405705338076604
2014,672,412520,267.52223229036423,1542.0026831723562
2014,673,61670,2385.623842750196,25.850680603906756
2014,674,137841,7248.535344475573,19.016393443546452
2014,675,122737,7158.623999685158,17.145334076129444
2014,676,59348,6938.667751638995,8.553226948499056
2014,677,31144,8414.784956197993,3.701104682070405
2014,678,117979,12877.329202116394,9.161760031778181
2014,679,31410,1682.3338691389981,18.67049137878638
2014,680,201981,3133.2913344373,64.46288533085713
2014,681,601247,288.72985229481077,2082.385992377713
2014,683,81425,4350.452644475865,18.716443242611124
2014,684,71800,3276.8607289996444,21.911215012765894
2014,685,273915,264.7607396263385,1034.5755960138995
2014,686,73858,4476.054933489123,16.500691143758385
2014,687,128736,10350.930549787427,12.43714266855397
2014,688,166610,9249.96301649705,18.01196390762382
2014,689,73015,5391.089785904566,13.543643845610498
2014,690,25479,5327.477743738278,4.782563386575774
2014,691,79327,14463.362103879663,5.484686024608433
2014,692,8409,4816.556851801895,1.7458529523749222
2014,693,70023,12353.472650718562,5.668284698548063
2014,700,573007,1477.8332722130851,387.7345372945288
2014,701,407356,235.95909823129554,1726.3839498178413
2014,703,279202,2271.6845880799365,122.90526663122098
2014,704,433020,2837.1393249294015,152.6255676607546
2014,705,631166,4869.653413692368,129.61209892788332
2014,706,265435,4914.617443412376,54.00929025631342
2014,707,409492,3292.5026504730504,124.37104642608753
2014,708,379233,231.61084018994225,1637.371548278975
2014,710,180545,4961.226590999053,36.39120219333567
2014,711,306900,562.2195666708038,545.8721435422738
2014,712,338402,5964.084016627301,56.739978688524054
2014,713,203106,4326.260985991531,46.94723703855568
2014,714,193749,6412.652757557809,30.21354926347006
2014,716,164684,5305.869817658573,31.038077762841418
2014,717,107023,3908.0976219376753,27.384935166214422
2014,718,127087,4121.107253045855,30.8380714687956
2014,719,170863,3924.3906116745534,43.53873426659026
2014,720,393339,6194.055616271994,63.50265873730373
2014,721,316254,4355.164579024461,72.61585509837141
2014,722,216460,293.4793289041544,737.564723240499
2014,723,171085,4288.192625823227,39.89676185946892
2014,724,224326,4238.292119905296,52.92839513030369
2014,725,105854,3284.733449684983,32.226054753438746
2014,726,138115,3743.2990445994637,36.89659798868098
2014,727,458174,2647.819282745006,173.0382443340351
2014,728,124408,2964.846636418929,41.96102370754172
2014,729,229289,2778.827607704933,82.51285519268772
2014,730,701632,8000.494122209312,87.69858327278496
2014,731,658272,401.30486487488497,1640.3289808241668
2014,734,93280,2898.298015521078,32.184405986017765
2014,735,213765,5746.379732371098,37.19994326093644
2014,736,59878,4961.971857524407,12.067380009259852
2014,737,107611,5687.638588158961,18.920154354398374
2014,738,33137,5141.358381293034,6.445183848799538
2014,739,29112,5120.585864592492,5.685286951499406
2014,740,604386,6149.789119305968,98.27751623265543
2014,741,417534,264.47352615118103,1578.7364658998988
2014,743,130235,2745.645616246057,47.43328826903082
2014,744,224319,3762.031036340123,59.627099785499865
2014,745,85609,4887.266335579849,17.51674537905922
2014,746,55742,2353.2338116786987,23.68740399843056
2014,747,89659,3269.3053026180946,27.424480646760067
2014,748,199890,4777.417327184257,41.84059844690444
2014,749,114409,2983.501214685123,38.34722755830172
2014,750,2192326,1492.9409537302588,1468.461290798045
2014,751,765914,3649.1575787709135,209.8878942514646
2014,752,1309561,357.2727084251197,3665.438106852959
2014,753,0,0.0459797523205304,0.0
2014,754,340785,6302.17926822242,54.07415205060028
2014,755,126765,2088.456655946202,60.69793195806954
2014,756,338737,4222.7990557810435,80.2162251922138
2014,757,353708,3281.845423079887,107.77716632005736
2014,758,127735,4653.578368745158,27.44876950131687
2014,759,258845,6670.164832741998,38.80638732185468
2014,760,1180908,2996.7745862964066,394.0596684849216
2014,761,944382,509.6481815770166,1853.007690673547
2014,762,465567,3635.8384487904214,128.0494187399569
2014,763,173315,4869.95399207618,35.588631901245456
2014,764,144675,8231.938764129121,17.57483918981819
2014,765,487491,4932.4694370137395,98.83305030575947
2014,766,160760,4853.665291714667,33.12136093818037
2014,767,175699,332.6394288380179,528.196553889462
2014,768,88196,9975.53571858446,8.841229432489577
2014,769,133205,10070.255412652565,13.227569166978359
2014,770,3014722,848.3158733669814,3553.7729454884684
2014,772,0,0.0,
2014,773,1139483,3898.322688320133,292.3008409268004
2014,774,1084445,5348.5050630344695,202.75665577938915
2014,775,1181729,2847.7101827512447,414.97516396078686
2014,776,272461,2324.892562812006,117.19294231405375
2014,777,143821,417.0504129147049,344.8527936823174
2014,778,305047,4152.423176188675,73.46240666154578
2014,779,167005,4858.247065545481,34.375567513721904
2014,780,557627,11135.155282381502,50.078062304375784
2014,781,403560,4329.7189902721375,93.2069727635222
2014,782,1663404,889.8498714657776,1869.3085804013315
2014,783,234119,6974.044142815876,33.57004848344291
2014,784,313917,316.6914381844053,991.2393015728144
2014,785,1305759,3948.640748340911,330.68569242432017
2014,786,913294,7440.91122954531,122.73953711121057
2014,787,1002133,553.6262420062787,1810.125539512693
2014,788,179760,11257.386447558521,15.96818238739472
2014,789,68808,2756.7908006020916,24.959456475613646
2014,790,226850,19508.787945994973,11.628092971637987
2014,791,223547,700.8309450129132,318.9742142391858
2014,792,32614,8070.569461851748,4.041102694693479
2014,793,145514,10462.51941727543,13.908122336168017
2014,794,262780,463.31871946175346,567.1689680599927
2014,795,94966,9032.61633969919,10.513675819775006
2014,796,130284,540.2674637907172,241.14722564612546
2014,797,406980,13194.632519677802,30.844360340695417
2014,798,74223,9678.818327176226,7.668601423336602
2014,799,772994,906.6001229798144,852.6294894592804
2014,800,810232,439.4912233506441,1843.5681009119123
2014,801,667964,3395.410327209471,196.7255605742851
2014,802,1038108,256.6676420518096,4044.561253227444
2014,803,125990,163.75736748083722,769.3699644673591
2014,804,213249,9078.835283644641,23.488585632142073
2014,805,511229,2933.302377777853,174.2844528654716
2014,806,263629,3099.956967456404,85.0427934218437
2014,807,69326,9500.28464868359,7.297255036416849
2014,808,117293,9990.742041423377,11.740168999828297
2014,809,546279,867.3750836614909,629.8071160794325
2014,810,230180,18706.770967816567,12.304635599377649
2014,811,72244,9855.409096602687,7.33039078255043
2014,812,85164,7437.235769715461,11.451028666697528
2014,813,66730,4702.504759667638,14.1903099327679
2014,814,83980,5695.89460657717,14.743952583502251
2014,815,144366,2260.324464103529,63.869591420476546
2014,816,151690,15141.730198412424,10.018009699836307
2014,820,131628,5195.849496329206,25.33329729681226
2014,821,787,3124.69405946653,0.25186465779448575
2014,822,24947,6599.446532291769,3.780165484776908
2014,823,16163,3707.7857547507533,4.359205485184922
2014,824,53399,8416.101575254435,6.3448616348699005
2014,825,39577,5351.836404702723,7.395031725039879
2014,826,94515,8009.0596929327,11.801010808222753
2014,827,61716,8784.71744379529,7.02538247756511
2014,828,37451,4372.47772856892,8.565166554263374
2014,829,70933,5791.192431229226,12.248427390789347
2014,830,21127,2131.916527540397,9.909862664451655
2014,831,22643,3353.5316298405833,6.751986412925642
2014,832,173530,15236.229665020937,11.389300621950262
2014,833,187992,8512.313446176702,22.084713067566426
2014,834,203423,9081.935590945102,22.398639360844772
2014,835,69441,6580.617337270694,10.552353440566504
2014,836,448584,14419.273593480395,31.110027637094362
2014,837,263392,1238.1849861723417,212.7242721737693
2014,838,253051,6769.708068177318,37.37989843159244
2014,840,1299595,11174.807742901301,116.29685538219272
2014,841,603930,413.8526132266378,1459.2876321147457
2014,843,181616,4702.354929441481,38.622350444646536
2014,844,190136,202.7902017473337,937.599540617351
2014,845,55794,10159.908483298032,5.491584898793161
2014,846,294982,3562.41184748333,82.80401386167362
2014,847,231018,9824.164031262664,23.51528326123725
2014,850,1360358,543.9440551367502,2500.9152819181
2014,851,407865,3414.9443640392255,119.43532793534996
2014,852,1475725,1525.9041770914814,967.1151191242377
2014,853,1304676,13608.193062408496,95.87430116670369
2014,855,95012,6900.583998941192,13.768689724605686
2014,856,300497,14374.460492461882,20.904923712273153
2014,857,889120,1685.4264725327566,527.5341371990464
2014,859,77969,5766.081612672747,13.522007706002464
2014,860,182230,17617.4478138837,10.343722991271804
2014,863,212301,7066.320006802751,30.04406817064861
2014,864,195206,9606.883218853662,20.31938929130575
2014,865,62951,7992.895372602259,7.87586938968087
2014,870,199456,10508.901682965656,18.979718910426868
2014,871,743052,856.5382382452087,867.5059288915015
2014,873,73811,4900.462371652587,15.062048109372313
2014,874,123436,3949.16447658581,31.256231724922916
2014,875,231546,6509.395735150476,35.5710436760913
2014,877,40773,8379.54270396572,4.865778651704189
2014,878,18636,8220.352266439286,2.2670561304390837
2014,879,16273,3512.0129130892747,4.633525104463744
2014,880,276112,14288.112439873525,19.324595964786802
2014,881,72453,8025.574763197252,9.027764632166477
2014,882,187463,13193.352680617962,14.208897809227627
2014,883,77679,9659.687248773573,8.041564700747676
2014,884,16851,9846.737411928521,1.7113282598138937
2014,890,599790,13551.054151075916,44.2615012317974
2014,891,1452295,1810.9963234901995,801.9315009989082
2014,893,12234,6773.882767033569,1.8060542853707426
2014,894,289728,16270.862254967009,17.806554776256846
2014,895,283949,1144.8132923832072,248.03083776996607
2014,897,66427,222.96213675102712,297.9295093237125
2014,898,57365,9355.099882957473,6.1319494946819235
2014,900,2430980,219.70608291008026,11064.691372222653
2014,902,1254864,295.6464302833575,4244.475398526869
2014,903,135823,10.60933951398288,12802.210714530176
2014,904,93830,8.73664099645493,10739.825527691184
2014,905,176218,23.65940457895803,7448.11643132909
2014,906,740410,109.98381607615106,6731.990454735193
2014,907,631085,171.79127242256368,3673.5568175296376
2014,908,477844,58.540433518176116,8162.631727891716
2014,910,288457,114.43285825614511,2520.7532556280416
2014,911,168878,28.94497241974063,5834.450195738458
2014,912,206442,33.374274664866,6185.662522197885
2014,913,1396947,783.6286860525929,1782.6644492009375
2014,914,313410,33.74270206005041,9288.230665174293
2014,915,107539,21.23065993471921,5065.268829639058
2014,916,217286,21.333013384827506,10185.434006924612
2014,917,1960408,632.0714799489739,3101.560602225338
2014,918,84378,7.59363042762491,11111.681139108483
2014,919,561800,801.5422102943221,700.8988332550946
2014,920,1275134,3097.3623763582373,411.6838280638169
2014,921,1341673,348.8760383406205,3845.7012020128345
2014,922,787299,8383.916884311224,93.90586892306484
2014,923,1149355,7869.163345097334,146.05809405596773
2014,924,241441,142.84563013601198,1690.2232134795402
2014,925,1415645,1792.0657413513836,789.9514885723291
2014,926,1316707,496.4633036881549,2652.1738670680634
2014,927,496404,56.11590888821076,8846.047579642574
2014,928,1258109,330.2277777669608,3809.8218402688035
2014,930,697847,1343.655204846171,519.3646386982837
2014,931,191187,365.2786308603908,523.4004506359188
2014,932,788078,7582.0583162963885,103.93984946095124
2014,933,536599,1030.8941259742792,520.5180497976648
2014,934,498886,4612.3849407122325,108.16226451449721
2014,935,530993,7084.501302720118,74.95135893279087
2014,936,596013,6688.584723997437,89.10898562166862
2014,937,577640,378.1276599604901,1527.6322289153788
2014,939,393092,1993.4824310603956,197.18859513143644
2014,940,840622,472.2649161988112,1779.9797765331357
2014,941,829130,49.57471333119284,16724.857175892215
2014,943,108406,24.7071504301107,4387.636700826704
2014,944,136221,18.827115344319083,7235.362269191361
2014,945,2343582,2618.1265618489597,895.1370167318909
2014,946,421194,63.23615536913279,6660.651608898977
2014,947,142692,17.292453624605706,8251.691928608749
2014,948,170638,41.3644150433958,4125.236627206792
2014,949,384994,761.258708588701,505.733459146551
2014,950,839257,2314.2274787082565,362.6510391573313
2014,951,1009800,429.87118389214567,2349.075811169883
2014,952,506312,2188.3482839368858,231.36719310928598
2014,953,1044546,5558.364464345223,187.92326532388478
2014,954,513985,4877.098353723818,105.387458427521
2014,955,165556,4228.772780518182,39.1498925557578
2014,956,1186442,4049.3228571697096,292.99762993688984
2014,957,326625,914.4763233543646,357.17163108380555
2014,958,818702,220.13014811122133,3719.1725305447426
2014,959,519008,6009.689022210784,86.36187298241808
2014,960,299830,11618.697009484858,25.805819684878216
2014,961,111794,5984.937890815671,18.67922475378669
2014,967,976017,4643.546924775642,210.18781888311753
2014,968,416638,99.16829330261533,4201.322682125983
2014,970,789414,4982.495861732617,158.4374622491886
2014,971,325878,2135.380267144997,152.60888424135285
2014,972,868816,295.4534425700268,2940.6189768598747
2014,973,603919,3926.1295795553024,153.82044524073083
2014,974,558915,8249.57497573304,67.75076311738545
2014,975,287528,3086.9558857957873,93.14289242778669
2014,976,70702,6307.816299497444,11.208633327770336
2014,977,217395,12203.592979964476,17.81401595062316
2014,978,146091,15271.76827881274,9.566082809328575
2014,979,31575,9348.878059210874,3.3774106154792656
2014,980,1403109,2099.1858021555304,668.406292839457
2014,981,895316,188.78570551315144,4742.49889612341
2014,982,894192,5541.745450693749,161.35566094759182
2014,983,722671,5323.435118147189,135.75275812726053
2014,984,410662,164.64850472602035,2494.1738807974775
2014,985,482238,5445.074781796915,88.56407291450603
2014,986,585546,3926.4039490891223,149.130351230377
2014,988,223269,10480.517843992036,21.3032412447052
2014,989,289017,5371.731628946106,53.80332078441957
2014,990,141983,2242.7448165251494,63.30769285646361
2014,991,116765,11976.130423106484,9.749810320595387
2014,992,349014,336.7241087259405,1036.4984001904725
2014,993,363394,7673.362363660732,47.357857322228114
2014,994,22027,667.725765320753,32.98809353180938
2014,995,326358,54413.04079674755,5.997790147752734
2014,996,191505,44803.56657617502,4.274324894970207
2014,997,137358,81411.54858461337,1.6872053460233578
2014,998,50653,14009.563628405402,3.6156015521637936
2014,999,21793,7496.699721726804,2.907012526704239
2015,006,1169597,1690.8650346903994,691.7151730056062
2015,007,1324804,1495.3326967171333,885.9593606884183
2015,009,1086409,247.1571047904395,4395.621161370816
2015,010,475489,1312.60496890372,362.24836204690405
2015,011,169824,42.627091908422834,3983.9452422613867
2015,012,128899,917.2782112109767,140.52334223640776
2015,013,82812,805.8971817377586,102.75752524836012
2015,014,216478,488.6077364575314,443.0507006898687
2015,015,379915,829.9551731172127,457.7536381550398
2015,016,191488,58.63333681671193,3265.855405749673
2015,017,394130,391.1757955031819,1007.5521147544878
2015,018,736920,408.72137452316286,1802.988651767312
2015,019,489122,372.31916955721346,1313.7169396399765
2015,020,410818,399.80081308626666,1027.5566896142257
2015,021,1337048,162.70859888577746,8217.439085309908
2015,022,26700,2.1226900941144358,12578.378762887176
2015,023,449508,542.3120162818249,828.8733911556975
2015,024,420725,111.06917792456882,3787.9545690500195
2015,025,117612,348.3705056189614,337.60607773334567
2015,026,147293,295.39130709539484,498.6368808491464
2015,027,530798,623.9050998635734,850.7672082117414
2015,028,672008,980.3424573332422,685.4829095416482
2015,029,381653,114.52032838694237,3332.6222983789153
2015,030,381525,918.0694138680851,415.5731519172692
2015,031,149832,106.42640797971194,1407.8460679473694
2015,032,188042,2411.836243122713,77.96632152626314
2015,033,61271,197.2612626381376,310.6083737910443
2015,034,83386,786.1249789500989,106.07219237755974
2015,035,45091,2501.9160039565722,18.022587460447244
2015,036,13689,208.84636705367745,65.54578943899784
2015,037,77618,862.0462689996974,90.0392505498185
2015,038,323816,1615.1459873338533,200.48714019624202
2015,039,49352,212.25237817426486,232.51565153008883
2015,040,340928,2089.0493796966407,163.1976741734595
2015,041,114109,85.35184601603959,1336.9248039293288
2015,042,176221,2199.0721240894886,80.13425211006353
2015,043,81759,780.7768052878179,104.71494471440039
2015,044,175557,7109.19794303239,24.694346873835546
2015,045,47784,574.6138302730037,83.15845787647929
2015,046,73267,2994.602483243599,24.466352515890843
2015,047,70279,4677.873316223958,15.023707409145947
2015,048,40325,394.4633806602511,102.22748669978995
2015,049,159129,5271.96246218868,30.18401613086161
2015,050,60688,1251.2930215792096,48.50023052426838
2015,051,29385,496.8296804375854,59.14501721016145
2015,052,33286,451.20150992843804,73.77191624487087
2015,053,36847,778.5273366813558,47.32910234991677
2015,054,237920,1950.618367840562,121.9715777942715
2015,056,85339,1178.7222775756115,72.39958183833151
2015,057,81131,1512.482120046017,53.64096469287955
2015,058,58311,1515.9387574657258,38.46527421561644
2015,059,3697,409.57339132731204,9.026465288721672
2015,060,674977,1186.2997078122637,568.9767902284754
2015,061,296270,85.17541543843923,3478.3511001966285
2015,062,165987,675.4061968759044,245.75877563423896
2015,063,267589,656.7245102388157,407.4600472924212
2015,064,720411,1045.1007521965478,689.3220567355551
2015,065,290653,115.92469530301031,2507.2569674673314
2015,066,243846,88.17666814918626,2765.42542509586
2015,067,329942,703.2850113361899,469.1440805387483
2015,068,477510,386.0600935144073,1236.8799780705122
2015,069,126376,37.61308472898911,3359.89459281439
2015,070,1725573,363.44583125339193,4747.813433570359
2015,071,398878,34.42351136476823,11587.371078252161
2015,072,184531,19.1991855602923,9611.397286645662
2015,073,259517,15.9467417155505,16273.98277523561
2015,074,467471,495.03847811466346,944.3124538123718
2015,075,199644,21.170819796707203,9430.149702141038
2015,076,502884,123.14091498860074,4083.809187600664
2015,077,601006,393.4370499001754,1527.5785545679796
2015,078,361254,868.8284053602325,415.79441667795993
2015,079,258632,248.52913044432063,1040.650645409725
2015,080,1163287,1644.3463254490462,707.4464679344991
2015,081,157541,29.39817331051641,5358.8703738828535
2015,082,251127,608.9212451813278,412.4129384338004
2015,083,243151,879.6134170383958,276.42938965014247
2015,084,57534,23.725502029987748,2424.9855673140296
2015,085,312811,609.7627831798495,513.0044152067188
2015,086,271841,124.7907724228589,2178.374207660604
2015,087,458937,375.478717014265,1222.2716740095932
2015,088,915426,769.0580271463806,1190.3211041132013
2015,089,113368,22.07175928268136,5136.337278241086
2015,100,1541606,21.486089551516287,71749.02609913063
2015,101,63216,0.6272622222128574,100780.81823098866
2015,102,15282,0.2061163569948726,74142.5873366283
2015,103,472481,55.65406565780903,8489.60438766623
2015,104,1430052,41.50944510853621,34451.243476292984
2015,105,656225,604.3469841651422,1085.841440751993
2015,106,82732,21.093740597017828,3922.111377993167
2015,107,230982,24.36217417229851,9481.173493236192
2015,108,87731,11.96792785645159,7330.508760771529
2015,109,547050,683.2443293599379,800.6652620336791
2015,110,253513,44.17855476274714,5738.372415336927
2015,111,207808,7.0203125415623955,29600.96132041318
2015,112,2595259,68.74016416954086,37754.62324470231
2015,113,1177717,48.11278487854301,24478.254646307734
2015,114,782414,42.03801514817691,18612.058567516156
2015,115,724655,139.35311693482836,5200.134851227628
2015,116,118917,8.50542945627647,13981.304602114684
2015,117,1575134,589.0158062621236,2674.179509707477
2015,118,73421,15.67366457425701,4684.354424720132
2015,119,250909,494.65973022381286,507.23554934717276
2015,120,332740,1938.384953062676,171.65836923892027
2015,121,283723,2256.401532392838,125.74136115708151
2015,122,151118,52.42517230598723,2882.54655832083
2015,123,162246,134.31912036493355,1207.91440235159
2015,124,152590,1506.3882769447416,101.2952651951615
2015,125,449423,1603.4531158108498,280.2844657997571
2015,126,86802,50.76290415255467,1709.9494492895683
2015,127,98048,1342.3146798551074,73.04397506148374
2015,128,223722,3657.795945161822,61.163061951533344
2015,129,163979,4116.535475618987,39.83422491344937
2015,130,388358,1905.6888471919458,203.78877725618742
2015,131,179148,1467.7165235298612,122.05899240620981
2015,132,229222,102.56676783837973,2234.8564240729324
2015,133,141300,3297.451118323577,42.85127964894196
2015,134,186639,2086.882304189398,89.43436801650186
2015,135,70880,60.632971404800166,1169.0009306452794
2015,136,238442,3896.2402184808507,61.19797205239282
2015,137,135876,1561.1087427446625,87.03813916326526
2015,138,138913,1706.6688694701222,81.39423088154705
2015,139,80835,116.5668296612035,693.4648581843005
2015,140,444179,1873.353770150932,237.10364111537433
2015,141,200407,855.8792931460623,234.15334569357202
2015,142,564300,154.70330982277176,3647.627194573035
2015,143,64668,35.91865378112996,1800.401551629801
2015,144,307085,1649.9892671939817,186.1133318292654
2015,145,323242,1724.2548111315114,187.46765148236892
2015,146,476505,165.02410345238044,2887.487282350247
2015,147,176972,2393.328989058011,73.94386681024338
2015,148,285906,3125.586291883937,91.47275848451174
2015,149,48375,66.86077599903297,723.5183749691997
2015,150,449004,918.264233150453,488.9703679947566
2015,151,368549,259.2913503413224,1421.3702058123208
2015,152,688658,212.4275496059519,3241.848815172252
2015,153,184182,1199.3864847159982,153.56351130104014
2015,154,142711,886.9523734419366,160.9004093942395
2015,155,88379,1578.5305097565035,55.98814812495003
2015,156,308445,960.2719320705052,321.2058893931655
2015,157,111346,1133.6799715853579,98.21643037787094
2015,158,88034,1836.2418066886025,47.94248757398495
2015,159,141606,773.8847480887382,182.9807349863453
2015,160,195411,941.1464796389657,207.63080373520796
2015,161,219889,1168.225170771067,188.22484355037994
2015,162,88230,1211.974138651148,72.79858306068685
2015,163,147138,2060.004423436756,71.42606021909704
2015,164,129127,1433.381657756076,90.08556744206227
2015,165,186791,123.30459963199431,1514.8745509695702
2015,166,205484,1759.161497680073,116.8079225648048
2015,167,47874,1486.183437505633,32.21271263818572
2015,168,200871,1841.923588158046,109.05501253766684
2015,169,65440,2001.0019510583504,32.70361628852391
2015,170,623240,2637.0020906085942,236.3441433056135
2015,171,167562,129.5644735123676,1293.2711835085358
2015,172,208417,1607.684675046351,129.63798388759983
2015,173,337983,1231.696467782639,274.4044566503091
2015,174,177719,140.31724533740964,1266.5513748695205
2015,175,332593,835.2564451663935,398.1926771409029
2015,176,167369,89.06007074037493,1879.2821362999898
2015,177,171075,2364.1273643268078,72.36285260321164
2015,178,238638,1676.5609428242458,142.33780228591218
2015,179,123846,689.929693294824,179.50524698909797
2015,180,538956,817.9000663502522,658.9509185455928
2015,181,169088,60.28405387840357,2804.8545033328433
2015,182,138388,598.6533183538121,231.16551058389163
2015,183,176218,773.9640140180031,227.68242038175822
2015,184,198872,1691.8597735124629,117.54638482072464
2015,185,118165,62.912828472128716,1878.2337858541646
2015,186,176392,1390.1042683524834,126.89120090901912
2015,187,133416,191.05007009011933,698.3300238365103
2015,188,77508,1407.437947015951,55.07027870346427
2015,189,366678,489.90650283640514,748.4652640392591
2015,190,1124666,402.40162382530906,2794.8843479027337
2015,191,1555247,147.65651524414216,10532.870814596174
2015,193,442709,655.1149888233265,675.7729674223515
2015,194,523262,369.0450442415193,1417.881118212644
2015,195,221527,805.9291949245683,274.8715413154056
2015,196,212856,102.64134227143845,2073.7842597293325
2015,197,326591,324.2256848353851,1007.2952738639933
2015,198,217910,83.05505424735138,2623.6813879024003
2015,199,381953,1606.0638728665326,237.81930871670951
2015,200,645988,66.01506720584838,9785.463036577366
2015,201,909336,1387.5640548469567,655.3470427715112
2015,202,0,0.1477587431639232,0.0
2015,203,1496,1.1832511460125057,1264.3131638126374
2015,204,0,0.0177646705004307,0.0
2015,205,0,0.4281127964167295,0.0
2015,206,351285,1183.52927899949,296.81141500526525
2015,207,994653,588.9034007053359,1688.9917748966866
2015,208,702535,455.29940780487163,1543.0176010707364
2015,209,324631,62.13449401058516,5224.650255374998
2015,210,747466,773.4373132195628,966.4209202534425
2015,211,470608,718.184997076357,655.2740615799374
2015,212,1207071,292.4199251125922,4127.868508054758
2015,214,94847,54.3586596530137,1744.8369883553885
2015,215,102923,1042.2787703317645,98.74805371622307
2015,216,169792,1808.3496209959542,93.89334785078039
2015,217,482361,1448.7993360712853,332.93844633309965
2015,218,180406,1302.3915908936299,138.51901475823817
2015,219,101960,373.6227676795248,272.895574949159
2015,220,499880,197.5431541135338,2530.485059040337
2015,221,465058,212.5894704681997,2187.587179062878
2015,222,224466,26.045594504019213,8618.194526731253
2015,223,342825,59.10072548306033,5800.6902148479
2015,224,224361,1093.714223113169,205.1367672273426
2015,225,193835,1445.8137042015096,134.06637344542997
2015,226,187658,1202.1629613081086,156.10030090746088
2015,227,80995,1005.9969833005514,80.51216986184734
2015,228,167314,1497.8835438301455,111.70027248725339
2015,229,258287,1818.543631557164,142.02958648775265
2015,230,227090,2372.282316777709,95.72638062254674
2015,231,371226,1744.1135943854079,212.8450814184571
2015,232,558038,321.3158031173225,1736.7275265830694
2015,233,262084,738.5357937576135,354.86973307893
2015,234,581349,1261.1914519671411,460.9522202939466
2015,235,245452,59.772259492294715,4106.453429816241
2015,236,384942,220.48625748556972,1745.8775181269223
2015,237,96135,35.560088253574044,2703.4522331461803
2015,238,341687,3458.6451012057537,98.79215415333623
2015,239,105208,2600.993846099811,40.44915375626872
2015,240,360187,2000.4353610005514,180.0543056886609
2015,241,229966,2420.1352969257177,95.02196025657092
2015,242,193732,2598.451709383797,74.55670594160938
2015,243,151001,2634.1465201140304,57.32444981589835
2015,244,142632,2777.4240934758286,51.35405872478844
2015,245,382378,3987.4074766803933,95.89639439567343
2015,246,69734,1023.3193349329842,68.14490611043402
2015,247,60126,274.64908669020144,218.9193516882905
2015,248,36960,875.4168206908603,42.21988785962778
2015,249,54224,2077.0378582538515,26.10640907893016
2015,250,67325,1063.369947631436,63.312866937758194
2015,251,73545,947.5070023080607,77.61947913930929
2015,252,58198,1331.4578390929778,43.709983366537486
2015,253,116734,328.91150256854235,354.9100566213054
2015,254,183906,871.7638919384982,210.9584965615602
2015,255,141349,1520.6312707122606,92.95415839619845
2015,256,50420,736.7191028435365,68.43856743417192
2015,257,76060,96.72080398299366,786.3871769859726
2015,258,90027,704.1249297215866,127.85657232104676
2015,259,44943,869.8242466655419,51.66905863142849
2015,260,130555,619.5553806572752,210.72369650231514
2015,261,132168,1421.5479649593105,92.97470311090284
2015,262,84600,2840.793288924765,29.78041391812107
2015,263,89514,1221.790759368983,73.26459077676378
2015,264,58093,1304.9742432948126,44.516587433424114
2015,265,182530,1063.5489570611185,171.62350523513385
2015,266,32128,990.6404847039402,32.43154352772255
2015,267,54885,1116.6041760915089,49.15349698235592
2015,268,32904,1625.6468957723775,20.24055782689921
2015,270,288404,1960.005123884338,147.14451329006783
2015,271,260560,203.2865307601766,1281.737648951227
2015,272,589847,2354.5145299059413,250.51746018469606
2015,273,386647,2619.5655666233965,147.59966496978564
2015,274,316478,234.0665821766311,1352.085364160099
2015,275,1124265,4294.335641422565,261.801846403317
2015,276,519623,299.18752398157613,1736.780307831279
2015,277,274553,246.03045472533321,1115.9309537776905
2015,278,550437,5940.473314675371,92.65877832330264
2015,279,198002,3364.8575414126967,58.84409594257923
2015,280,691369,1811.3964535976027,381.67735098899885
2015,281,602882,2583.179278361089,233.38759529787708
2015,282,852368,410.6930079556241,2075.438304253038
2015,283,849132,5010.909031919977,169.45667833739282
2015,284,494811,4072.4015109557854,121.50349091778742
2015,285,503633,3772.3302092384874,133.5071353951454
2015,286,634179,4124.796665282218,153.74794237441753
2015,287,545272,5438.699337359137,100.25779440581599
2015,288,125161,138.19659833491778,905.6735224167662
2015,289,37710,683.556403428187,55.16735679876011
2015,290,436723,4270.117215948797,102.27424164583793
2015,291,367415,4245.7690221519015,86.53673765177679
2015,292,339869,309.943135744503,1096.552756955282
2015,293,398991,2119.755783848858,188.22498470816709
2015,294,778245,4232.9566872831265,183.85375932100723
2015,295,655220,5139.543340737564,127.4860345678048
2015,296,987143,3806.7424348849504,259.31436573008756
2015,297,368820,1916.54149574357,192.44039370872432
2015,298,224524,2485.9823518168996,90.31600720572489
2015,299,220626,2160.214668518869,102.13151647158759
2015,300,2303265,1688.0334461097855,1364.4664478112488
2015,301,1217942,3575.372267783389,340.6476049989288
2015,302,1028007,3365.284622410659,305.4740134472211
2015,303,950416,359.2826062504585,2645.315925306604
2015,304,226043,4985.804915703602,45.33731339708878
2015,305,645310,4260.794253645449,151.45298307889095
2015,306,393494,3428.78805951581,114.76183221880636
2015,307,368066,2026.689382334849,181.60947760824075
2015,308,199203,2098.3272052183347,94.93419305845228
2015,309,203143,187.40360758558313,1083.9866031246438
2015,310,543001,8636.312308115208,62.87417367824494
2015,312,166004,356.0059335823521,466.2955988670329
2015,313,216385,2027.4469566198604,106.72782303550616
2015,314,247410,278.9609269753682,886.8984007278049
2015,315,338597,5415.322915453056,62.52572658848957
2015,316,194911,3066.5153096568292,63.561071874058996
2015,317,369104,4833.740963389016,76.35990484298006
2015,318,88471,2315.205156798909,38.21302822352184
2015,319,200552,187.43118130869743,1070.003393243799
2015,320,621585,4811.813348208662,129.17895084841624
2015,321,580300,2546.796995103536,227.85483142774353
2015,322,935979,1004.6520559664162,931.6449356186737
2015,323,433624,4418.542163621888,98.13734574494985
2015,324,349219,4516.527545197505,77.32024138130853
2015,325,668688,2417.7806781380655,276.5709917555289
2015,326,364038,3105.758697105461,117.21387123194089
2015,327,970034,1814.8591594062727,534.4954703357502
2015,328,935485,504.0558545661102,1855.9153544705134
2015,329,631537,1428.8957066001885,441.97557392248984
2015,330,1707932,1927.1101370288786,886.2659000036207
2015,331,1987734,686.0847012720917,2897.213705996473
2015,333,806021,365.8974625587069,2202.8603160118305
2015,334,1490264,2521.0004400066323,591.1399206245594
2015,335,750710,1661.6771524594699,451.7784931259748
2015,336,757099,264.07541973264495,2866.9802012110845
2015,337,741226,230.19909579219953,3219.9344547778064
2015,338,727173,3481.3144866354487,208.87885963522464
2015,339,778853,2300.127809590312,338.6129226178634
2015,341,395757,2519.9581153739605,157.04903886518363
2015,342,788848,1974.7310906490952,399.47109950079596
2015,344,434126,1593.3407690704187,272.4627452125488
2015,346,666484,864.0312959100881,771.3655780234087
2015,347,667966,2128.517986141381,313.81740927212076
2015,349,454525,2239.7486968285407,202.93571356625964
2015,350,442487,3520.5069360014404,125.68843295692315
2015,351,332094,2718.867368142169,122.14424428762163
2015,352,497450,352.2839386613561,1412.0711886277315
2015,354,229059,3384.210108409016,67.68462733174837
2015,355,154673,3988.7548523785085,38.77726401455029
2015,356,382198,3265.948289824045,117.02512289947835
2015,357,229515,1860.5910234069765,123.35596437508826
2015,358,195703,273.40916717422095,715.7879965132798
2015,359,287534,2574.064238310982,111.70428294698291
2015,360,290145,6293.420185223225,46.10291248012525
2015,361,211405,324.2942772744369,651.8924779579031
2015,362,183504,2529.1622228364527,72.5552510404811
2015,363,240785,2650.8774770413493,90.83218748711869
2015,364,105363,4153.964677568698,25.364442930619386
2015,365,368627,4458.411578126567,82.68124051366692
2015,366,288807,284.8684473726705,1013.8258647584686
2015,367,111733,5051.5022531124005,22.118766735411736
2015,368,260390,2333.82432947497,111.572236483874
2015,369,19107,1237.9008869157763,15.43499984688192
2015,370,952996,5186.732345824177,183.7372620099154
2015,371,645945,3756.5533317481436,171.95150526437598
2015,372,442928,292.8121210163923,1512.6696205831036
2015,373,577649,5400.0039460554335,106.97195886717046
2015,374,203112,233.9326318722808,868.2499674132346
2015,376,412050,1818.4962710285354,226.58831176318327
2015,377,339564,2976.797354216165,114.07024382061515
2015,378,533280,4294.10640632098,124.18881824050867
2015,379,403820,402.62715224323017,1002.9626609882714
2015,380,425267,4133.382301090634,102.88595852548869
2015,381,740965,369.9384421663032,2002.9413425136943
2015,382,114189,2076.2616443248016,54.99740377717865
2015,383,288489,4198.106363806127,68.71884011496255
2015,384,178207,3142.9428161205688,56.70068163058926
2015,385,234263,3439.0876829675076,68.11777471107105
2015,386,414846,5356.709986809598,77.44417768024026
2015,387,114566,2691.425838143071,42.56702836703238
2015,388,263576,3784.6101568029308,69.64416124239787
2015,389,111171,3587.084774466333,30.992019143606502
2015,390,282380,5321.3427535227165,53.06555376705722
2015,391,289455,5946.822447974547,48.673893080259475
2015,392,233893,280.661579147758,833.3630869968986
2015,393,208957,5511.209201890556,37.91490984017078
2015,394,373895,5797.480618334235,64.49266924973863
2015,395,394954,2122.8608317480403,186.0479943354462
2015,396,130659,3887.06670035068,33.613778736601645
2015,397,169671,3068.809991104953,55.288858056314005
2015,398,107410,3770.858688372714,28.484228361883268
2015,400,255058,2290.2578951900387,111.36649743055948
2015,401,147308,1305.9838613844763,112.79465570412063
2015,402,751143,356.47530360631646,2107.138958578589
2015,403,335384,3566.820288556525,94.02884722732367
2015,404,187939,1940.4553078188355,96.8530422951366
2015,405,309258,303.10466808871485,1020.3010133432988
2015,406,50606,221.473180374842,228.49719281743123
2015,407,106998,989.1256189130642,108.17432887602139
2015,408,34983,700.2087208906515,49.96081733386914
2015,409,68347,1149.7050889195457,59.44741887176495
2015,410,502219,2661.778428691826,188.67798859081734
2015,411,136639,1754.3073756904214,77.88771904708241
2015,412,49306,774.7473168099966,63.64139498154865
2015,413,33820,1120.5307099855231,30.182126824919365
2015,414,24665,597.0854676275849,41.308994000477156
2015,415,66424,808.4868465605543,82.15841764473895
2015,416,39451,454.9770567892665,86.70986681922442
2015,417,39228,701.7636933156722,55.899158610866166
2015,418,30538,429.04013969942764,71.1774894101843
2015,420,222792,3166.234234558995,70.36497728697931
2015,421,222559,2278.7509397337876,97.66710179656589
2015,422,156802,2622.9366883719836,59.78108457407128
2015,423,172077,2011.5780828223235,85.54328637274133
2015,424,135241,2109.751760784995,64.10280228877716
2015,425,78545,1076.828025759313,72.9410807678551
2015,426,65428,1327.5918291452967,49.28321985991924
2015,427,181505,2875.2340717216916,63.12703434656877
2015,430,818850,2612.7745357253843,313.4024726602224
2015,431,420018,2315.72926236669,181.3761249321257
2015,432,784899,230.74097962776955,3401.6454349209926
2015,433,181283,1939.0530612812988,93.49047925496724
2015,434,165474,1003.2069198440107,164.9450344957047
2015,435,294385,2057.0379853235668,143.1111151570174
2015,436,339787,150.50129437028804,2257.701512945132
2015,437,193788,2515.5492621622393,77.03605845247078
2015,438,64318,938.4502109126734,68.53640102808295
2015,439,176957,1414.7992567156305,125.0756947743914
2015,440,852340,1923.7493386129886,443.06188072014197
2015,441,1197702,412.6961988908473,2902.1396446560834
2015,442,566758,1236.4470404252925,458.3762841998118
2015,443,271029,145.20636956560628,1866.5090299468254
2015,444,341046,1305.5729076815137,261.22325148860705
2015,445,160114,104.67877304784834,1529.5746724774124
2015,446,452546,2185.255716256141,207.0906377837181
2015,447,194266,162.01857399657518,1199.0353649459134
2015,448,332746,2717.8608713221656,122.42937212533919
2015,449,91297,211.18770168722884,432.30263538362567
2015,450,594595,881.6723184385622,674.3945426947566
2015,451,341482,2120.4231488677588,161.04427089580727
2015,452,795621,347.6156944012914,2288.7948179966993
2015,453,494747,2565.4551340724433,192.84960139397603
2015,454,480920,265.13440126645486,1813.8725027865578
2015,455,100386,184.1374607913244,545.1688079578953
2015,456,344808,4004.4013135916684,86.10725374343944
2015,457,155333,1861.63509906447,83.43901556113747
2015,458,368482,3353.993932161483,109.86364538904566
2015,460,539166,1964.8980323891446,274.39897191225805
2015,461,536778,2823.0654066730413,190.14012170287913
2015,462,933995,420.99273134689963,2218.55374322457
2015,463,664048,1730.3189056644583,383.7720305928227
2015,464,133364,94.29590251013491,1414.313840261151
2015,465,480194,2153.0635925750826,223.02824758914056
2015,466,145681,137.64029140081843,1058.4182764897414
2015,467,332014,3105.9622669284104,106.89569655601119
2015,468,310698,300.3553279927199,1034.434787877413
2015,469,308026,2985.8633875385285,103.16145115196612
2015,470,117327,1383.4103219754186,84.80997874330212
2015,471,293464,2101.9268119960834,139.61665949791728
2015,472,212174,2099.190804569746,101.07418512796295
2015,473,320708,2537.4440596398395,126.39017549238928
2015,474,266538,2303.768176521031,115.6965369677537
2015,475,165291,2574.927153213038,64.19249561827296
2015,476,127400,1509.0289126619039,84.42515509876371
2015,477,184810,237.45722660317924,778.2875368490708
2015,478,186251,1808.1605873440883,103.00578460985828
2015,479,310554,3698.8860710686304,83.95879030420612
2015,480,1145994,1303.0560665783282,879.4663786104348
2015,481,1548673,1811.381790741917,854.967742259176
2015,482,899204,192.78009706224822,4664.402672801069
2015,483,989860,722.44442181361,1370.1538417516954
2015,484,453498,3073.2734077944597,147.56187941165106
2015,485,184984,115.39243436026312,1603.0860344142427
2015,486,400257,4258.5441490169305,93.98916296133689
2015,487,207944,2867.828556950554,72.50921589996055
2015,488,629732,4147.325899140493,151.8404907920325
2015,489,162561,97.72266361151804,1663.4933391320271
2015,490,746317,4188.071975931825,178.2006145761017
2015,491,108873,541.5704442805114,201.032019287242
2015,492,349380,2581.6341695616443,135.3328849297513
2015,493,333369,2572.690025617672,129.57993255326673
2015,494,569004,2620.393317674455,217.1445012327307
2015,495,413927,201.6596467245524,2052.6020288302116
2015,496,269871,4700.776543593977,57.40987632517206
2015,497,225572,7176.661070607785,31.43132966440848
2015,498,180760,8504.0418030702,21.255775099169963
2015,499,80759,5695.817268702658,14.178650084818216
2015,500,236704,3567.6612039189376,66.34710710198318
2015,501,180220,3851.867997616448,46.78768849595077
2015,502,224907,3673.5756047768605,61.222913095227085
2015,503,292341,152.80243142000705,1913.1959961844075
2015,504,103597,3472.8564056680225,29.830487615589323
2015,505,123143,4625.966864970531,26.61994856307395
2015,506,172158,4093.8945436914896,42.052377793973186
2015,507,78257,192.80292615002514,405.8911426432715
2015,508,33175,2253.0236717384887,14.72465665414041
2015,510,87901,3967.9983485540597,22.152478977727185
2015,511,86098,131.490461959583,654.7851358714098
2015,512,44361,1416.7781026692098,31.311184098924087
2015,513,47072,1515.305943162988,31.064353843781426
2015,514,47461,1921.0764098922293,24.70542022982965
2015,515,147549,3380.330807043386,43.64927825778509
2015,516,23547,1118.1383325146323,21.059111663799307
2015,520,142849,2335.485425630513,61.164586356360985
2015,521,58977,2326.092730999912,25.35453518856391
2015,522,174865,2215.252756892771,78.9368163320897
2015,523,159465,2709.497220928611,58.85409247452464
2015,524,136391,131.64224918124256,1036.073151653763
2015,525,112287,3356.6683175309536,33.45191999267725
2015,526,105362,1894.7863149359407,55.60627030576907
2015,527,171048,1886.5285112037895,90.66812347874597
2015,528,104495,110.76010938918468,943.4353268181546
2015,530,640400,2737.1990194512596,233.96179651137837
2015,531,688300,1672.3463367838112,411.5774255969674
2015,532,823819,160.88560757345428,5120.526394033571
2015,534,126353,58.40824252840328,2163.273444472429
2015,535,552691,4921.537095117451,112.30048444586807
2015,537,284782,118.88820204872876,2395.3764552960124
2015,538,59673,1357.2256634046562,43.96689630102325
2015,539,199678,3259.8861273690036,61.25305983039247
2015,540,147874,1566.7485656659685,94.38272562716155
2015,541,254243,4340.665724309836,58.5723518344469
2015,542,127448,1380.042928831314,92.3507503552292
2015,543,182157,165.1433183642436,1103.0237360147423
2015,544,389633,7580.461539217786,51.399640771768304
2015,545,88142,6096.633529337548,14.457487000957624
2015,546,249282,4473.189854518813,55.728016942579686
2015,547,264645,4611.733807187976,57.38514213190644
2015,548,178401,7742.343923822052,23.04224686416815
2015,549,484607,3076.9068637261717,157.49810490303076
2015,550,676161,4525.644791571771,149.40655556070877
2015,551,779600,305.81376312546666,2549.2639442788986
2015,553,983773,4550.262874456648,216.20135520576343
2015,554,1059766,302.13202236297235,3507.6255463144153
2015,556,15875,3198.641867883092,4.963043896660525
2015,557,169150,10587.287261142623,15.976708275481764
2015,558,117077,567.4714279613368,206.31347100699622
2015,559,331594,4733.7648926000065,70.04868376931009
2015,560,261526,5320.9195037827685,49.150527425584045
2015,561,90647,5111.14832021749,17.735153496023525
2015,562,143440,7308.04561617683,19.6276826300162
2015,563,310610,5995.183971421204,51.80991967563717
2015,564,145543,5682.255446965586,25.61359681175936
2015,565,173251,7334.150394512563,23.622504404821996
2015,566,91256,9599.228498354898,9.506597328695667
2015,567,69883,7865.748410543246,8.884469265038893
2015,570,179816,5973.448197570795,30.10254614296735
2015,571,171401,176.3029037397301,972.1961258961077
2015,572,72461,6662.482676087081,10.875975747010393
2015,573,83417,10662.851229986196,7.823142065924518
2015,574,61355,9318.785899858101,6.584012194220951
2015,575,53437,14941.767944923151,3.5763505494780885
2015,576,21678,11801.888809383978,1.8368246261363925
2015,577,199378,17491.145076681565,11.398796312415366
2015,580,85539,6332.981483232161,13.506908274796265
2015,581,115518,71.21125272276507,1622.1874434610359
2015,582,98325,6261.088883475903,15.704137384073352
2015,583,50919,8337.672225359907,6.1071002341786125
2015,584,46485,11583.350692924801,4.0130875108869315
2015,585,144300,10294.793131566837,14.016794524751948
2015,586,46501,10606.109304316415,4.384359868993174
2015,587,96040,11481.430002326753,8.36481169858956
2015,588,37101,4522.859905340611,8.202995621463092
2015,590,84396,25790.312966598398,3.2723914637756866
2015,591,134577,815.7184945844334,164.97970916861468
2015,592,38359,17038.287563338647,2.251341272261258
2015,593,35603,21481.2923319124,1.6573956282466549
2015,594,130952,21638.37830850506,6.051839843678523
2015,595,31422,13893.53794522648,2.2616269609567605
2015,596,79628,6300.62363990771,12.638114026624573
2015,597,166735,15039.375596242717,11.086563995492963
2015,598,196578,12936.256034538519,15.195895897171196
2015,599,117034,8294.418081759539,14.109971169330418
2015,600,1645985,1146.9939187646562,1435.0424819800012
2015,601,1441017,1248.744484120412,1153.9726648042179
2015,602,80083,8.179075571113481,9791.204311992642
2015,603,63313,7.169368391401864,8831.042923659845
2015,604,1455820,1763.024889062463,825.7512466396163
2015,605,1034364,1219.6354317034088,848.0927768352476
2015,606,2702091,225.00615718879607,12008.964704609192
2015,607,109179,15.59710039196483,6999.954943948802
2015,608,156105,25.91719464532143,6023.221345377366
2015,609,166979,2663.930939000579,62.68142974556432
2015,610,307688,3449.29658897029,89.20311491446822
2015,611,232745,197.19325176131764,1180.288868514193
2015,612,212417,1997.359509459051,106.34890664101293
2015,613,148054,2446.3726339845493,60.519807139460944
2015,614,145650,3374.543610928682,43.16139211486343
2015,615,206342,2060.047490152742,100.1637102961645
2015,616,173486,164.8691384792992,1052.2648544183587
2015,617,237874,2642.521654220923,90.01780538677583
2015,618,295427,2194.5559072258675,134.61812434455067
2015,619,107656,2012.5329230759887,53.4927894920878
2015,620,306068,2749.797605273038,111.30564642760658
2015,622,461805,3279.274406538438,140.8253603538704
2015,623,110936,3082.1046343507505,35.99358657833783
2015,624,149816,3853.698650160283,38.87589912972797
2015,625,181327,2237.8706486810497,81.02657770093639
2015,626,164527,3621.935248261973,45.425163268435064
2015,627,142162,145.05546116312865,980.0527250754476
2015,628,209475,4709.729101749804,44.47708041682776
2015,629,225350,3696.5319058404866,60.96254698733942
2015,630,724334,2141.632455581992,338.2158306912477
2015,631,926277,304.207621004917,3044.8842699605752
2015,633,497110,3006.901430848537,165.32301155602474
2015,634,67910,3031.896176527504,22.398524238972715
2015,635,61473,3103.7176464475638,19.806247540062298
2015,636,134110,3569.7002587107645,37.56898066518203
2015,637,128377,1970.4283237551133,65.1518243278941
2015,638,121759,2747.206869246258,44.321016142991304
2015,639,84961,3016.352066894394,28.16680484101281
2015,640,616275,2899.2592073662827,212.56291898089052
2015,641,558719,399.01583880355753,1400.2426612319696
2015,644,104190,4824.562569675771,21.595740234539434
2015,645,87616,180.1422890425762,486.37108180240875
2015,646,72206,4545.701164755587,15.884458168926368
2015,647,114919,4492.711820971703,25.578983157469654
2015,648,196824,1712.043940956713,114.9643389935495
2015,650,155979,3785.8590641436767,41.200424357392414
2015,651,69670,219.15270144034758,317.9061884343866
2015,652,269799,3808.320773075545,70.84461002010454
2015,653,104362,2734.6717762277826,38.16253230358686
2015,654,95889,2597.009313218936,36.92285565243033
2015,655,123053,3720.6189690909096,33.07326039625783
2015,656,212561,5181.85320128984,41.020266638794475
2015,657,291316,5418.991800249671,53.758339325514044
2015,658,225928,227.77565530178816,991.8882669908681
2015,660,496898,4785.7394421663885,103.828887051792
2015,661,153275,140.94906009312695,1087.4496069624668
2015,662,384098,171.5964943775167,2238.379061258527
2015,664,85983,3014.633037498969,28.52187942295428
2015,665,134448,3342.081623472684,40.22881998324686
2015,666,163994,303.88872983028034,539.6514707590159
2015,667,116713,3972.104297819853,29.38316601204546
2015,668,59655,4323.786583465151,13.796934434305852
2015,669,24856,3612.674748563534,6.880220814199562
2015,670,185506,6782.480851789475,27.350759118038127
2015,671,112848,4301.79760569403,26.232754384034692
2015,672,414533,267.52223229036423,1549.5272914367458
2015,673,60833,2385.623842750196,25.499828979689635
2015,674,137451,7248.535344475573,18.962589470541445
2015,675,122469,7158.623999685158,17.107896713863767
2015,676,59288,6938.667751638995,8.544579755385389
2015,677,31004,8414.784956197993,3.684467299091666
2015,678,117881,12877.329202116394,9.15414975805901
2015,679,31304,1682.3338691389981,18.60748367149089
2015,680,206695,3133.2913344373,65.96737358197808
2015,681,606866,288.72985229481077,2101.847090547301
2015,683,81602,4350.452644475865,18.757128664213116
2015,684,71675,3276.8607289996444,21.873068747075145
2015,685,278037,264.7607396263385,1050.1443695632463
2015,686,74070,4476.054933489123,16.548054280080475
2015,687,127908,10350.930549787427,12.35714986056271
2015,688,167236,9249.96301649705,18.079639853882583
2015,689,72877,5391.089785904566,13.518046052681727
2015,690,25301,5327.477743738278,4.749151703118398
2015,691,79083,14463.362103879663,5.467815811566158
2015,692,8339,4816.556851801895,1.7313197490610628
2015,693,69908,12353.472650718562,5.658975575255244
2015,700,575276,1477.8332722130851,389.2698931717193
2015,701,415247,235.95909823129554,1759.8261864560952
2015,703,279482,2271.6845880799365,123.02852317901342
2015,704,437391,2837.1393249294015,154.16620401991852
2015,705,635822,4869.653413692368,130.56822446792862
2015,706,266034,4914.617443412376,54.1311715638408
2015,707,413908,3292.5026504730504,125.71227541473102
2015,708,379907,231.61084018994225,1640.2816020547277
2015,710,180789,4961.226590999053,36.440383579334586
2015,711,307074,562.2195666708038,546.1816311700886
2015,712,337650,5964.084016627301,56.61389059219552
2015,713,203202,4326.260985991531,46.969427100669556
2015,714,193153,6412.652757557809,30.12060800771634
2015,716,162727,5305.869817658573,30.66924097127769
2015,717,105846,3908.0976219376753,27.083765616765852
2015,718,126565,4121.107253045855,30.711406480978507
2015,719,170237,3924.3906116745534,43.37921905469017
2015,720,398206,6194.055616271994,64.28841209528363
2015,721,318569,4355.164579024461,73.14740791526141
2015,722,215849,293.4793289041544,735.4828048911506
2015,723,169819,4288.192625823227,39.601532584464756
2015,724,225222,4238.292119905296,53.13980103972459
2015,725,105245,3284.733449684983,32.04065158166589
2015,726,137738,3743.2990445994637,36.79588468859241
2015,727,467871,2647.819282745006,176.70050333456143
2015,728,124465,2964.846636418929,41.98024898526767
2015,729,229655,2778.827607704933,82.64456541428808
2015,730,712967,8000.494122209312,89.11537076451427
2015,731,666604,401.30486487488497,1661.0912509317013
2015,734,93368,2898.298015521078,32.21476863317439
2015,735,214591,5746.379732371098,37.34368593692893
2015,736,60395,4961.971857524407,12.171572458319394
2015,737,108948,5687.638588158961,19.155225549460503
2015,738,33274,5141.358381293034,6.471830503212598
2015,739,29218,5120.585864592492,5.705987707780628
2015,740,612002,6149.789119305968,99.51593268113025
2015,741,419483,264.47352615118103,1586.1058235379328
2015,743,129838,2745.645616246057,47.288695682991694
2015,744,224773,3762.031036340123,59.74777927900072
2015,745,84845,4887.266335579849,17.36042076985223
2015,746,55428,2353.2338116786987,23.553970593538253
2015,747,89998,3269.3053026180946,27.528172400396084
2015,748,200178,4777.417327184257,41.90088206465774
2015,749,114069,2983.501214685123,38.233267490738655
2015,750,2244125,1492.9409537302588,1503.1572376608965
2015,751,775387,3649.1575787709135,212.4838358614157
2015,752,1329726,357.2727084251197,3721.8795856574516
2015,753,0,0.0459797523205304,0.0
2015,754,343946,6302.17926822242,54.57572458058824
2015,755,126474,2088.456655946202,60.558594615744774
2015,756,338201,4222.7990557810435,80.08929516477946
2015,757,356943,3281.845423079887,108.76289220990262
2015,758,127492,4653.578368745158,27.396551620635616
2015,759,258961,6670.164832741998,38.82377819642956
2015,760,1197525,2996.7745862964066,399.6046300832967
2015,761,961361,509.6481815770166,1886.322829653267
2015,762,478834,3635.8384487904214,131.69837074562528
2015,763,174091,4869.95399207618,35.74797632241712
2015,764,144464,8231.938764129121,17.549207317904926
2015,765,492022,4932.4694370137395,99.75165711272697
2015,766,161574,4853.665291714667,33.28906924748417
2015,767,176699,332.6394288380179,531.202812057633
2015,768,87800,9975.53571858446,8.80153231634751
2015,769,134648,10070.255412652565,13.370862454076814
2015,770,3061887,848.3158733669814,3609.3713392952486
2015,772,0,0.0,
2015,773,1173451,3898.322688320133,301.01433201407553
2015,774,1127119,5348.5050630344695,210.73533383934577
2015,775,1201512,2847.7101827512447,421.92214898750296
2015,776,273752,2324.892562812006,117.7482367911622
2015,777,143788,417.0504129147049,344.7736665576866
2015,778,309300,4152.423176188675,74.48662789804885
2015,779,169199,4858.247065545481,34.82717072994361
2015,780,563858,11135.155282381502,50.6376413889943
2015,781,413545,4329.7189902721375,95.51312704799979
2015,782,1699669,889.8498714657776,1910.0626459610237
2015,783,235272,6974.044142815876,33.73537579947198
2015,784,317546,316.6914381844053,1002.6984051747465
2015,785,1322093,3948.640748340911,334.82230576572454
2015,786,942295,7440.91122954531,126.63704362692425
2015,787,1027371,553.6262420062787,1855.7122514224109
2015,788,179934,11257.386447558521,15.983638905726979
2015,789,68789,2756.7908006020916,24.952564403862734
2015,790,227419,19508.787945994973,11.657259314599688
2015,791,225038,700.8309450129132,321.1016887900884
2015,792,32137,8070.569461851748,3.981999058666963
2015,793,146686,10462.51941727543,14.020141244163048
2015,794,266242,463.31871946175346,574.6411461839889
2015,795,94713,9032.61633969919,10.485666216523283
2015,796,131798,540.2674637907172,243.9495413535664
2015,797,418630,13194.632519677802,31.727295123655516
2015,798,71370,9678.818327176226,7.373834035050231
2015,799,782941,906.6001229798144,863.6012506005719
2015,800,824604,439.4912233506441,1876.2695503070313
2015,801,680044,3395.410327209471,200.28330436247933
2015,802,1062002,256.6676420518096,4137.6544059481785
2015,803,127581,163.75736748083722,779.0855578753087
2015,804,215020,9078.835283644641,23.683654707047573
2015,805,523322,2933.302377777853,178.4071100083609
2015,806,268866,3099.956967456404,86.73217171160012
2015,807,68418,9500.28464868359,7.201678952796469
2015,808,117219,9990.742041423377,11.732762142590548
2015,809,555200,867.3750836614909,640.0921705709004
2015,810,230072,18706.770967816567,12.298862288730621
2015,811,72536,9855.409096602687,7.36001918225843
2015,812,85643,7437.235769715461,11.515434316166179
2015,813,67485,4702.504759667638,14.35086266765835
2015,814,83812,5695.89460657717,14.714457655733398
2015,815,144847,2260.324464103529,64.08239272738571
2015,816,152256,15141.730198412424,10.055389840189049
2015,820,133041,5195.849496329206,25.60524512767192
2015,821,683,3124.69405946653,0.21858139933117376
2015,822,25038,6599.446532291769,3.793954519895949
2015,823,16099,3707.7857547507533,4.341944509434638
2015,824,53807,8416.101575254435,6.393340137220636
2015,825,39672,5351.836404702723,7.412782641326581
2015,826,95819,8009.0596929327,11.963826425785282
2015,827,62330,8784.71744379529,7.095276586730075
2015,828,37657,4372.47772856892,8.61227943002579
2015,829,70658,5791.192431229226,12.200941488142242
2015,830,21304,2131.916527540397,9.992886552917028
2015,831,23156,3353.5316298405833,6.90495947434996
2015,832,173464,15236.229665020937,11.38496884161805
2015,833,189163,8512.313446176702,22.222278490574425
2015,834,204989,9081.935590945102,22.57106956411128
2015,835,69564,6580.617337270694,10.571044696066709
2015,836,457410,14419.273593480395,31.7221250456622
2015,837,266143,1238.1849861723417,214.94607265651
2015,838,255717,6769.708068177318,37.77371157289054
2015,840,1327564,11174.807742901301,118.79971723391155
2015,841,610183,413.8526132266378,1474.3968758410278
2015,843,183394,4702.354929441481,39.00045886620951
2015,844,192698,202.7902017473337,950.23328710966
2015,845,55890,10159.908483298032,5.501033802802269
2015,846,298339,3562.41184748333,83.74635296891962
2015,847,234368,9824.164031262664,23.856279196294885
2015,850,1377744,543.9440551367502,2532.8781277950147
2015,851,409282,3414.9443640392255,119.85026880962059
2015,852,1504406,1525.9041770914814,985.9111879931681
2015,853,1329103,13608.193062408496,97.66932273113737
2015,855,95652,6900.583998941192,13.861435498021125
2015,856,298919,14374.460492461882,20.795145679154796
2015,857,894126,1685.4264725327566,530.5043053325024
2015,859,79054,5766.081612672747,13.710177085640689
2015,860,182304,17617.4478138837,10.347923372665395
2015,863,214837,7066.320006802751,30.40295370053667
2015,864,196061,9606.883218853662,20.408387979071833
2015,865,62561,7992.895372602259,7.827076057375178
2015,870,198345,10508.901682965656,18.873999013760514
2015,871,747030,856.5382382452087,872.1502049113902
2015,873,74570,4900.462371652587,15.216931453521742
2015,874,121629,3949.16447658581,30.798666584065018
2015,875,232798,6509.395735150476,35.763381037490184
2015,877,39974,8379.54270396572,4.770427386339569
2015,878,18515,8220.352266439286,2.2523365665958166
2015,879,16146,3512.0129130892747,4.597363506217146
2015,880,276756,14288.112439873525,19.369668398441704
2015,881,72615,8025.574763197252,9.047950102339016
2015,882,189526,13193.352680617962,14.365264431870157
2015,883,77176,9659.687248773573,7.98949262149233
2015,884,16785,9846.737411928521,1.7046255320738357
2015,890,610506,13551.054151075916,45.05228841931294
2015,891,1473307,1810.9963234901995,813.5339541499478
2015,893,12057,6773.882767033569,1.779924515180239
2015,894,292463,16270.862254967009,17.9746466669718
2015,895,286459,1144.8132923832072,250.22333502405962
2015,897,66302,222.96213675102712,297.3688760169929
2015,898,58011,9355.099882957473,6.201002739231118
2015,900,2453403,219.70608291008026,11166.750449072051
2015,902,1258166,295.6464302833575,4255.644144913677
2015,903,135769,10.60933951398288,12797.120859508681
2015,904,94370,8.73664099645493,10801.634179347937
2015,905,176899,23.65940457895803,7476.899911392053
2015,906,743788,109.98381607615106,6762.704064432652
2015,907,633267,171.79127242256368,3686.2582776750214
2015,908,479579,58.540433518176116,8192.269362868596
2015,910,286203,114.43285825614511,2501.056115887333
2015,911,169763,28.94497241974063,5865.025453754473
2015,912,208548,33.374274664866,6248.765017192842
2015,913,1414938,783.6286860525929,1805.6230268030758
2015,914,318122,33.74270206005041,9427.875676164054
2015,915,107880,21.23065993471921,5081.330506527506
2015,916,217996,21.333013384827506,10218.715756070515
2015,917,1972323,632.0714799489739,3120.411318288277
2015,918,84683,7.59363042762491,11151.846380610155
2015,919,569627,801.5422102943221,710.6637587942324
2015,920,1286562,3097.3623763582373,415.3734189516086
2015,921,1361876,348.8760383406205,3903.610022853878
2015,922,796666,8383.916884311224,95.0231271365293
2015,923,1157813,7869.163345097334,147.13292242450953
2015,924,243816,142.84563013601198,1706.849553380443
2015,925,1435826,1792.0657413513836,801.2127941898237
2015,926,1335007,496.4633036881549,2689.0345974867105
2015,927,499814,56.11590888821076,8906.81466098475
2015,928,1267642,330.2277777669608,3838.6897933660966
2015,930,702732,1343.655204846171,523.0002440101086
2015,931,193596,365.2786308603908,529.9954162223966
2015,932,786540,7582.0583162963885,103.73700216858812
2015,933,544579,1030.8941259742792,528.2589029065699
2015,934,502580,4612.3849407122325,108.96315170138269
2015,935,533145,7084.501302720118,75.25512061029578
2015,936,601717,6688.584723997437,89.96178187608923
2015,937,584320,378.1276599604901,1545.2982203445645
2015,939,395454,1993.4824310603956,198.37345633873767
2015,940,851486,472.2649161988112,1802.9838143673298
2015,941,840838,49.57471333119284,16961.025964641078
2015,943,109892,24.7071504301107,4447.781232839955
2015,944,137929,18.827115344319083,7326.08248674797
2015,945,2378231,2618.1265618489597,908.3712890947709
2015,946,427852,63.23615536913279,6765.939477225804
2015,947,144407,17.292453624605706,8350.868137909649
2015,948,171949,41.3644150433958,4156.930536056334
2015,949,386770,761.258708588701,508.06643738372946
2015,950,849155,2314.2274787082565,366.92806036249164
2015,951,1024875,429.87118389214567,2384.144456300984
2015,952,507784,2188.3482839368858,232.03984654877954
2015,953,1056225,5558.364464345223,190.02442297105173
2015,954,516813,4877.098353723818,105.96731140461767
2015,955,165739,4228.772780518182,39.19316752216013
2015,956,1199905,4049.3228571697096,296.32238335243005
2015,957,330812,914.4763233543646,361.750207798227
2015,958,826196,220.13014811122133,3753.216027377415
2015,959,520948,6009.689022210784,86.68468502690658
2015,960,299347,11618.697009484858,25.76424875832718
2015,961,111333,5984.937890815671,18.60219805636558
2015,967,986305,4643.546924775642,212.40336664577896
2015,968,419952,99.16829330261533,4234.74062136476
2015,970,798447,4982.495861732617,160.25040906353053
2015,971,329666,2135.380267144997,154.38280716191284
2015,972,882233,295.4534425700268,2986.030530989321
2015,973,608561,3926.1295795553024,155.00278013466112
2015,974,561015,8249.57497573304,68.00532168630292
2015,975,290025,3086.9558857957873,93.95177991836911
2015,976,70690,6307.816299497444,11.206730926141907
2015,977,221116,12203.592979964476,18.118926152570165
2015,978,146182,15271.76827881274,9.572041516816709
2015,979,31289,9348.878059210874,3.346818709350142
2015,980,1429187,2099.1858021555304,680.8292046051627
2015,981,913962,188.78570551315144,4841.266967303996
2015,982,902600,5541.745450693749,162.87287246060842
2015,983,731073,5323.435118147189,137.3310623262463
2015,984,412620,164.64850472602035,2506.065880686928
2015,985,485431,5445.074781796915,89.15047441089582
2015,986,592671,3926.4039490891223,150.94498876955655
2015,988,225030,10480.517843992036,21.471267293247212
2015,989,290590,5371.731628946106,54.09615000759292
2015,990,144325,2242.7448165251494,64.35194897635006
2015,991,116960,11976.130423106484,9.766092708404372
2015,992,350872,336.7241087259405,1042.0162706127303
2015,993,368124,7673.362363660732,47.97427549405852
2015,994,22113,667.725765320753,33.116888921273926
2015,995,326904,54413.04079674755,6.007824507016711
2015,996,194647,44803.56657617502,4.344453240548633
2015,997,138212,81411.54858461337,1.6976952582636637
2015,998,51021,14009.563628405402,3.6418693225070364
2015,999,21803,7496.699721726804,2.908346447012
2016,006,1152493,1690.8650346903994,681.5996406307046
2016,007,1307876,1495.3326967171333,874.6388030378273
2016,009,1066714,247.1571047904395,4315.935003788176
2016,010,476121,1312.60496890372,362.72984734901127
2016,011,169828,42.627091908422834,3984.039079298372
2016,012,128138,917.2782112109767,139.6937138960645
2016,013,82518,805.8971817377586,102.39271444288485
2016,014,217409,488.6077364575314,444.9561146457546
2016,015,381713,829.9551731172127,459.9200202178769
2016,016,191540,58.63333681671193,3266.742273235359
2016,017,396678,391.1757955031819,1014.0658102062282
2016,018,742641,408.72137452316286,1816.9859622986598
2016,019,492438,372.31916955721346,1322.623276651696
2016,020,413477,399.80081308626666,1034.2075015009596
2016,021,1349415,162.70859888577746,8293.44613155509
2016,022,27159,2.1226900941144358,12794.613813530068
2016,023,452127,542.3120162818249,833.7027143522519
2016,024,422903,111.06917792456882,3807.563969611885
2016,025,117486,348.3705056189614,337.2443938422937
2016,026,147700,295.39130709539484,500.01471421872674
2016,027,532864,623.9050998635734,854.0786092572718
2016,028,672400,980.3424573332422,685.8827698119728
2016,029,382091,114.52032838694237,3336.446946859839
2016,030,382978,918.0694138680851,417.1558209159869
2016,031,150175,106.42640797971194,1411.068952253165
2016,032,187468,2411.836243122713,77.728328585558
2016,033,61597,197.2612626381376,312.26100439697336
2016,034,83250,786.1249789500989,105.89919189590398
2016,035,45513,2501.9160039565722,18.19125819093246
2016,036,13785,208.84636705367745,66.00545747801777
2016,037,77775,862.0462689996974,90.22137534479289
2016,038,325014,1615.1459873338533,201.22886881358983
2016,039,49424,212.25237817426486,232.85487034412202
2016,040,343512,2089.0493796966407,164.43460041613892
2016,041,114294,85.35184601603959,1339.0923024502777
2016,042,176090,2199.0721240894886,80.07468153092474
2016,043,81259,780.7768052878179,104.07455683835983
2016,044,175228,7109.19794303239,24.64806879821628
2016,045,48018,574.6138302730037,83.56568789370463
2016,046,72992,2994.602483243599,24.374520627839335
2016,047,69761,4677.873316223958,14.912973328724519
2016,048,40194,394.4633806602511,101.89538996680365
2016,049,159071,5271.96246218868,30.173014535077122
2016,050,60610,1251.2930215792096,48.43789500520543
2016,051,28874,496.8296804375854,58.11649572660206
2016,052,33111,451.20150992843804,73.38406293288227
2016,053,36840,778.5273366813558,47.32011101503335
2016,054,239045,1950.618367840562,122.54831798012621
2016,056,85165,1178.7222775756115,72.25196436871188
2016,057,80844,1512.482120046017,53.4512103835914
2016,058,58203,1515.9387574657258,38.39403123204067
2016,059,3557,409.57339132731204,8.68464620827238
2016,060,674263,1186.2997078122637,568.3749187154858
2016,061,295344,85.17541543843923,3467.4794185589935
2016,062,165370,675.4061968759044,244.84525129458387
2016,063,266425,656.7245102388157,405.6876145876076
2016,064,719674,1045.1007521965478,688.6168615680547
2016,065,289904,115.92469530301031,2500.795876514776
2016,066,243390,88.17666814918626,2760.2539890508
2016,067,328685,703.2850113361899,467.3567539503261
2016,068,478529,386.0600935144073,1239.519463521401
2016,069,127289,37.61308472898911,3384.1680605870642
2016,070,1732272,363.44583125339193,4766.245341227403
2016,071,399155,34.42351136476823,11595.417904070271
2016,072,184872,19.1991855602923,9629.158456718693
2016,073,261566,15.9467417155505,16402.47297320514
2016,074,467870,495.03847811466346,945.1184517653382
2016,075,199480,21.170819796707203,9422.403190594729
2016,076,504662,123.14091498860074,4098.247930403286
2016,077,599069,393.4370499001754,1522.6552764972146
2016,078,360226,868.8284053602325,414.6112141103899
2016,079,258839,248.52913044432063,1041.4835457608024
2016,080,1163993,1644.3463254490462,707.8758178768278
2016,081,156519,29.39817331051641,5324.106309149811
2016,082,250091,608.9212451813278,410.71156899038164
2016,083,241265,879.6134170383958,274.28526592093647
2016,084,57154,23.725502029987748,2408.969046377204
2016,085,315275,609.7627831798495,517.0453309004424
2016,086,271288,124.7907724228589,2173.9427902628004
2016,087,460861,375.478717014265,1227.3957993269994
2016,088,917414,769.0580271463806,1192.9060846085956
2016,089,113585,22.07175928268136,5146.168846138362
2016,100,1545774,21.486089551516287,71943.012072707
2016,101,64259,0.6272622222128574,102443.59970110573
2016,102,15480,0.2061163569948726,75103.20978739734
2016,103,473324,55.65406565780903,8504.751529030227
2016,104,1438753,41.50944510853621,34660.85842000638
2016,105,657902,604.3469841651422,1088.616336704054
2016,106,82689,21.093740597017828,3920.072858565936
2016,107,231366,24.36217417229851,9496.935633235858
2016,108,87851,11.96792785645159,7340.535559181356
2016,109,549295,683.2443293599379,803.9510558610543
2016,110,253796,44.17855476274714,5744.778238286994
2016,111,206888,7.0203125415623955,29469.913023837587
2016,112,2606852,68.74016416954086,37923.272827374334
2016,113,1176399,48.11278487854301,24450.860680164908
2016,114,789930,42.03801514817691,18790.849121102176
2016,115,728810,139.35311693482836,5229.9511918405415
2016,116,121517,8.50542945627647,14286.991694502636
2016,117,1568836,589.0158062621236,2663.4870971558225
2016,118,73632,15.67366457425701,4697.816496656171
2016,119,252334,494.65973022381286,510.11631750542824
2016,120,334011,1938.384953062676,172.31406974773398
2016,121,282814,2256.401532392838,125.33850732679005
2016,122,151364,52.42517230598723,2887.2389606378733
2016,123,161737,134.31912036493355,1204.1249195242972
2016,124,152020,1506.3882769447416,100.9168766955138
2016,125,448848,1603.4531158108498,279.92586473164334
2016,126,86142,50.76290415255467,1696.9478290903667
2016,127,97362,1342.3146798551074,72.53291754993656
2016,128,224015,3657.795945161822,61.24316483436024
2016,129,163322,4116.535475618987,39.674624685565696
2016,130,387856,1905.6888471919458,203.52535544903367
2016,131,178232,1467.7165235298612,121.434893688702
2016,132,228696,102.56676783837973,2229.728057340846
2016,133,140673,3297.451118323577,42.661132781709924
2016,134,185577,2086.882304189398,88.92547491895245
2016,135,70746,60.632971404800166,1166.790911955854
2016,136,236917,3896.2402184808507,60.80656908068524
2016,137,134075,1561.1087427446625,85.88447193260612
2016,138,138275,1706.6688694701222,81.0204032390483
2016,139,80944,116.5668296612035,694.3999440943901
2016,140,443511,1873.353770150932,236.7470613755283
2016,141,199581,855.8792931460623,233.18825633270694
2016,142,564646,154.70330982277176,3649.863733664515
2016,143,64524,35.91865378112996,1796.3924926913044
2016,144,307964,1649.9892671939817,186.6460625672628
2016,145,322236,1724.2548111315114,186.8842110340631
2016,146,475978,165.02410345238044,2884.2938094637116
2016,147,175873,2393.328989058011,73.48467377617891
2016,148,285010,3125.586291883937,91.18609226693631
2016,149,48409,66.86077599903297,724.026894343855
2016,150,450456,918.264233150453,490.55161220266655
2016,151,368289,259.2913503413224,1420.367472787645
2016,152,686623,212.4275496059519,3232.269078439541
2016,153,183913,1199.3864847159982,153.33922996768518
2016,154,141845,886.9523734419366,159.9240322787024
2016,155,88120,1578.5305097565035,55.82407147366
2016,156,306373,960.2719320705052,319.04816726175585
2016,157,111528,1133.6799715853579,98.37696951110223
2016,158,87801,1836.2418066886025,47.815597967642645
2016,159,140244,773.8847480887382,181.22078299948456
2016,160,195198,941.1464796389657,207.40448402344353
2016,161,218494,1168.225170771067,187.03072444140778
2016,162,87459,1211.974138651148,72.1624308727713
2016,163,146070,2060.004423436756,70.90761473041297
2016,164,128858,1433.381657756076,89.89789935063355
2016,165,186108,123.30459963199431,1509.3354226480117
2016,166,204090,1759.161497680073,116.0154995826975
2016,167,47344,1486.183437505633,31.856094480140882
2016,168,201801,1841.923588158046,109.55991947624946
2016,169,65429,2001.0019510583504,32.698119042509646
2016,170,628809,2637.0020906085942,238.45601118005828
2016,171,167460,129.5644735123676,1292.483930666496
2016,172,208613,1607.684675046351,129.75989834199638
2016,173,337600,1231.696467782639,274.09350341627936
2016,174,178699,140.31724533740964,1273.535548465884
2016,175,335877,835.2564451663935,402.12440376091814
2016,176,167070,89.06007074037493,1875.924851744584
2016,177,170721,2364.1273643268078,72.21311447770213
2016,178,237880,1676.5609428242458,141.88568630215133
2016,179,123486,689.929693294824,178.98345469127588
2016,180,541616,817.9000663502522,662.2031496058858
2016,181,169474,60.28405387840357,2811.2575232886443
2016,182,137309,598.6533183538121,229.3631318666617
2016,183,175353,773.9640140180031,226.56479736010198
2016,184,197872,1691.8597735124629,116.95531928701088
2016,185,117764,62.912828472128716,1871.8598870844146
2016,186,175542,1390.1042683524834,126.27973598559478
2016,187,132801,191.05007009011933,695.1109724134467
2016,188,76980,1407.437947015951,54.6951289491753
2016,189,367756,489.90650283640514,750.6656839025569
2016,190,1124950,402.40162382530906,2795.5901104622885
2016,191,1560141,147.65651524414216,10566.015305321205
2016,193,444183,655.1149888233265,678.0229541043042
2016,194,525339,369.0450442415193,1423.509157478877
2016,195,221873,805.9291949245683,275.3008594269456
2016,196,212766,102.64134227143845,2072.9074200660125
2016,197,329170,324.2256848353851,1015.2496097498421
2016,198,217838,83.05505424735138,2622.8144930378735
2016,199,387687,1606.0638728665326,241.38952786980323
2016,200,657604,66.01506720584838,9961.42286653223
2016,201,923894,1387.5640548469567,665.8388106644217
2016,202,0,0.1477587431639232,0.0
2016,203,1405,1.1832511460125057,1187.4064138748365
2016,204,0,0.0177646705004307,0.0
2016,205,0,0.4281127964167295,0.0
2016,206,354580,1183.52927899949,299.59546104321834
2016,207,1001721,588.9034007053359,1700.9937432866375
2016,208,709716,455.29940780487163,1558.7896400343311
2016,209,325477,62.13449401058516,5238.265880857614
2016,210,752864,773.4373132195628,973.4001542621173
2016,211,472995,718.184997076357,658.5977177544847
2016,212,1209037,292.4199251125922,4134.591716123576
2016,214,94813,54.3586596530137,1744.2115130361472
2016,215,102179,1042.2787703317645,98.03423317110807
2016,216,169814,1808.3496209959542,93.90551363982061
2016,217,484175,1448.7993360712853,334.190517586058
2016,218,180356,1302.3915908936299,138.48062384697184
2016,219,102175,373.6227676795248,273.47102167938726
2016,220,501102,197.5431541135338,2536.671049162261
2016,221,471103,212.5894704681997,2216.0222656487126
2016,222,226574,26.045594504019213,8699.129519390941
2016,223,346200,59.10072548306033,5857.796112828245
2016,224,227889,1093.714223113169,208.36247274112648
2016,225,195456,1445.8137042015096,135.1875414045449
2016,226,189082,1202.1629613081086,157.2848324941357
2016,227,81664,1005.9969833005514,81.17718179638128
2016,228,168701,1497.8835438301455,112.62624567503097
2016,229,260937,1818.543631557164,143.48679650681106
2016,230,228484,2372.282316777709,96.31400039703189
2016,231,377425,1744.1135943854079,216.39932239218473
2016,232,562431,321.3158031173225,1750.3994342744443
2016,233,264826,738.5357937576135,358.58248474672513
2016,234,583599,1261.1914519671411,462.73624760914174
2016,235,245724,59.772259492294715,4111.004035771418
2016,236,384864,220.48625748556972,1745.5237545822483
2016,237,96071,35.560088253574044,2701.6524625847683
2016,238,342614,3458.6451012057537,99.06017818380897
2016,239,104832,2600.993846099811,40.304593629544925
2016,240,362256,2000.4353610005514,181.08858054719227
2016,241,228555,2420.1352969257177,94.4389350010026
2016,242,191439,2598.451709383797,73.67425736974666
2016,243,151042,2634.1465201140304,57.34001462965754
2016,244,142831,2777.4240934758286,51.42570784760964
2016,245,382129,3987.4074766803933,95.83394780563812
2016,246,68828,1023.3193349329842,67.25955197993737
2016,247,60372,274.64908669020144,219.8150400845803
2016,248,36359,875.4168206908603,41.53335775671554
2016,249,53926,2077.0378582538515,25.962935526526774
2016,250,67840,1063.369947631436,63.79717628009678
2016,251,72390,947.5070023080607,76.40049078651981
2016,252,58457,1331.4578390929778,43.90450698748551
2016,253,115790,328.91150256854235,352.03998369096365
2016,254,185401,871.7638919384982,212.6734104434321
2016,255,141172,1520.6312707122606,92.83775936941986
2016,256,49903,736.7191028435365,67.7368074309298
2016,257,75073,96.72080398299366,776.1825471715478
2016,258,88316,704.1249297215866,125.42660580831935
2016,259,44322,869.8242466655419,50.95512130169712
2016,260,129597,619.5553806572752,209.17742633840555
2016,261,131882,1421.5479649593105,92.77351397972343
2016,262,84416,2840.793288924765,29.7156432779209
2016,263,88767,1221.790759368983,72.65319312600253
2016,264,58415,1304.9742432948126,44.76333559849672
2016,265,184370,1063.5489570611185,173.35356193612898
2016,266,31926,990.6404847039402,32.22763504314212
2016,267,54413,1116.6041760915089,48.73078675960522
2016,268,32734,1625.6468957723775,20.13598407201917
2016,270,288611,1960.005123884338,147.25012525887215
2016,271,261423,203.2865307601766,1285.982888401046
2016,272,593014,2354.5145299059413,251.8625357659992
2016,273,388372,2619.5655666233965,148.2581711060621
2016,274,320606,234.0665821766311,1369.7213716653691
2016,275,1144731,4294.335641422565,266.5676592574842
2016,276,529926,299.18752398157613,1771.2169041936143
2016,277,279524,246.03045472533321,1136.1357695008073
2016,278,549069,5940.473314675371,92.42849364268291
2016,279,197819,3364.8575414126967,58.78971028204302
2016,280,700586,1811.3964535976027,386.765690419991
2016,281,611383,2583.179278361089,236.67850122578213
2016,282,869225,410.6930079556241,2116.483561107816
2016,283,853380,5010.909031919977,170.30442871021737
2016,284,501173,4072.4015109557854,123.0657140882888
2016,285,504633,3772.3302092384874,133.77222353550783
2016,286,633956,4124.796665282218,153.69387910340177
2016,287,549777,5438.699337359137,101.08611745155866
2016,288,125689,138.19659833491778,909.4941663860222
2016,289,37931,683.556403428187,55.49066589057995
2016,290,439074,4270.117215948797,102.82481201220143
2016,291,367862,4245.7690221519015,86.64201893242767
2016,292,342387,309.943135744503,1104.676827823803
2016,293,402060,2119.755783848858,189.67279299975604
2016,294,794350,4232.9566872831265,187.65842853682594
2016,295,664293,5139.543340737564,129.25136650461027
2016,296,996853,3806.7424348849504,261.8651030510625
2016,297,377178,1916.54149574357,196.8013741615672
2016,298,225318,2485.9823518168996,90.63539804911511
2016,299,225230,2160.214668518869,104.26278613987324
2016,300,2342815,1688.0334461097855,1387.8960783621992
2016,301,1231626,3575.372267783389,344.4748987672735
2016,302,1038213,3365.284622410659,308.5067435562985
2016,303,959271,359.2826062504585,2669.9622617725204
2016,304,227213,4985.804915703602,45.57197961844752
2016,305,653963,4260.794253645449,153.48382509680735
2016,306,397177,3428.78805951581,115.83597268362124
2016,307,368138,2026.689382334849,181.6450035258419
2016,308,201293,2098.3272052183347,95.93022456145256
2016,309,204347,187.40360758558313,1090.4112393176806
2016,310,542647,8636.312308115208,62.833183960947736
2016,312,165628,356.0059335823521,465.2394366951936
2016,313,218148,2027.4469566198604,107.59738955819303
2016,314,250892,278.9609269753682,899.3804355337311
2016,315,339494,5415.322915453056,62.69136768025906
2016,316,195870,3066.5153096568292,63.873804700462955
2016,317,367171,4833.740963389016,75.96000753473773
2016,318,88960,2315.205156798909,38.42424060725551
2016,319,199876,187.43118130869743,1066.396736148219
2016,320,631429,4811.813348208662,131.22474923826127
2016,321,586678,2546.796995103536,230.35915352811602
2016,322,947823,1004.6520559664162,943.4340918043013
2016,323,435114,4418.542163621888,98.47456104013641
2016,324,353629,4516.527545197505,78.29665522045123
2016,325,678607,2417.7806781380655,280.6735144076822
2016,326,365826,3105.758697105461,117.78957597090415
2016,327,985844,1814.8591594062727,543.2068901272299
2016,328,954822,504.0558545661102,1894.2781664978536
2016,329,640024,1428.8957066001885,447.91512567619577
2016,330,1730461,1927.1101370288786,897.9564617245684
2016,331,2005500,686.0847012720917,2923.1084679217274
2016,333,813236,365.8974625587069,2222.578955079579
2016,334,1511501,2521.0004400066323,599.5639572343841
2016,335,763546,1661.6771524594699,459.50321870278214
2016,336,767043,264.07541973264495,2904.6361103073095
2016,337,748439,230.19909579219953,3251.2682007909148
2016,338,736401,3481.3144866354487,211.5295825260826
2016,339,798451,2300.127809590312,347.1333187098922
2016,341,404067,2519.9581153739605,160.3467127230552
2016,342,804804,1974.7310906490952,407.5511870000793
2016,344,438248,1593.3407690704187,275.04976242820993
2016,346,676080,864.0312959100881,782.4716572191772
2016,347,695076,2128.517986141381,326.55397066202266
2016,349,460509,2239.7486968285407,205.60744187599065
2016,350,444672,3520.5069360014404,126.30908220992013
2016,351,332878,2718.867368142169,122.43259965544368
2016,352,497715,352.2839386613561,1412.8234227517366
2016,354,231456,3384.210108409016,68.39291668826438
2016,355,154140,3988.7548523785085,38.64363835448192
2016,356,381930,3265.948289824045,116.94306403748259
2016,357,234073,1860.5910234069765,125.80572358743451
2016,358,195154,273.40916717422095,713.7800170235132
2016,359,286780,2574.064238310982,111.41136096439294
2016,360,290337,6293.420185223225,46.133420533671526
2016,361,210685,324.2942772744369,649.6722722667904
2016,362,182993,2529.1622228364527,72.35320785187656
2016,363,240744,2650.8774770413493,90.81672091035115
2016,364,104824,4153.964677568698,25.23468737373885
2016,365,373662,4458.411578126567,83.81056648812434
2016,366,288029,284.8684473726705,1011.0947795604573
2016,367,109213,5051.5022531124005,21.6199052336778
2016,368,263068,2333.82432947497,112.71970931041808
2016,369,18766,1237.9008869157763,15.159533528371075
2016,370,969412,5186.732345824177,186.90226049170838
2016,371,660106,3756.5533317481436,175.72118420925335
2016,372,448877,292.8121210163923,1532.986402481852
2016,373,583407,5400.0039460554335,108.03825438427023
2016,374,203687,233.9326318722808,870.7079400158509
2016,376,412472,1818.4962710285354,226.82037162864637
2016,377,340751,2976.797354216165,114.46899451095649
2016,378,535450,4294.10640632098,124.6941620291036
2016,379,406247,402.62715224323017,1008.9905703989458
2016,380,426375,4133.382301090634,103.15401986588482
2016,381,738761,369.9384421663032,1996.9835945513746
2016,382,114103,2076.2616443248016,54.95598317865482
2016,383,287490,4198.106363806127,68.48087568209041
2016,384,178864,3142.9428161205688,56.909721386778955
2016,385,235350,3439.0876829675076,68.43384690817828
2016,386,416820,5356.709986809598,77.81268745673755
2016,387,113129,2691.425838143071,42.03311062735896
2016,388,264545,3784.6101568029308,69.90019818143588
2016,389,109974,3587.084774466333,30.65832198414138
2016,390,282909,5321.3427535227165,53.16496476621712
2016,391,289479,5946.822447974547,48.67792884897629
2016,392,232629,280.661579147758,828.859442415983
2016,393,209596,5511.209201890556,38.03085535713298
2016,394,373521,5797.480618334235,64.42815846917348
2016,395,398296,2122.8608317480403,187.6222850049142
2016,396,129533,3887.06670035068,33.32410014685724
2016,397,168690,3068.809991104953,54.96919017109353
2016,398,106623,3770.858688372714,28.275522582898052
2016,400,257310,2290.2578951900387,112.34979280735072
2016,401,147119,1305.9838613844763,112.64993722360308
2016,402,754492,356.47530360631646,2116.5337187937275
2016,403,338637,3566.820288556525,94.94086402010592
2016,404,189588,1940.4553078188355,97.70284285140582
2016,405,312515,303.10466808871485,1031.0464763562495
2016,406,50665,221.473180374842,228.7635907618692
2016,407,107248,989.1256189130642,108.42707735934823
2016,408,34141,700.2087208906515,48.758318743264624
2016,409,68044,1149.7050889195457,59.18387302603442
2016,410,503509,2661.778428691826,189.1626269762272
2016,411,136011,1754.3073756904214,77.52974301123929
2016,412,49320,774.7473168099966,63.659465389404524
2016,413,33385,1120.5307099855231,29.79391791986792
2016,414,24623,597.0854676275849,41.23865231192982
2016,415,65704,808.4868465605543,81.26786512299662
2016,416,38703,454.9770567892665,85.06582787519815
2016,417,39035,701.7636933156722,55.62413725846744
2016,418,30367,429.04013969942764,70.77892530352565
2016,420,222437,3166.234234558995,70.25285671291526
2016,421,224818,2278.7509397337876,98.65843435538598
2016,422,156121,2622.9366883719836,59.521451925285284
2016,423,172422,2011.5780828223235,85.7147935108167
2016,424,135133,2109.751760784995,64.05161143210508
2016,425,78486,1076.828025759313,72.88629021765708
2016,426,65168,1327.5918291452967,49.087376533459945
2016,427,183667,2875.2340717216916,63.87897312653231
2016,430,829159,2612.7745357253843,317.34808674174434
2016,431,422195,2315.72926236669,182.31621755667328
2016,432,794717,230.74097962776955,3444.195310612074
2016,433,180197,1939.0530612812988,92.93041206460249
2016,434,165075,1003.2069198440107,164.5473099663902
2016,435,294949,2057.0379853235668,143.38529580123688
2016,436,337790,150.50129437028804,2244.4325240746
2016,437,193076,2515.5492621622393,76.75301887510706
2016,438,64084,938.4502109126734,68.28705375608178
2016,439,175475,1414.7992567156305,124.02819634451492
2016,440,852207,1923.7493386129886,442.9927448939039
2016,441,1193509,412.6961988908473,2891.9796286169994
2016,442,566953,1236.4470404252925,458.53399414906517
2016,443,270698,145.20636956560628,1864.2295156184236
2016,444,339539,1305.5729076815137,260.0689689578243
2016,445,158531,104.67877304784834,1514.4522178105392
2016,446,453148,2185.255716256141,207.36612041740796
2016,447,192925,162.01857399657518,1190.758536142147
2016,448,332702,2717.8608713221656,122.41318292284384
2016,449,90585,211.18770168722884,428.93122694311677
2016,450,596838,881.6723184385622,676.9385717553178
2016,451,342681,2120.4231488677588,161.609724069925
2016,452,798001,347.6156944012914,2295.6414593835307
2016,453,495286,2565.4551340724433,193.05970056618193
2016,454,479840,265.13440126645486,1809.7990970163478
2016,455,99580,184.1374607913244,540.7916432216366
2016,456,343927,4004.4013135916684,85.88724582440052
2016,457,155470,1861.63509906447,83.51260678213929
2016,458,367804,3353.993932161483,109.66149833281557
2016,460,545913,1964.8980323891446,277.83273788320577
2016,461,541276,2823.0654066730413,191.73342520529454
2016,462,940570,420.99273134689963,2234.171590067114
2016,463,661777,1730.3189056644583,382.4595557695023
2016,464,132728,94.29590251013491,1407.5691145300234
2016,465,482550,2153.0635925750826,224.12250230977435
2016,466,145780,137.64029140081843,1059.137542621718
2016,467,330713,3105.9622669284104,106.47682475777567
2016,468,314778,300.3553279927199,1048.0186987314894
2016,469,306426,2985.8633875385285,102.62559274441888
2016,470,117110,1383.4103219754186,84.65312000330795
2016,471,294633,2101.9268119960834,140.17281587468946
2016,472,212597,2099.190804569746,101.27569134601572
2016,473,318444,2537.4440596398395,125.49793907385663
2016,474,267163,2303.768176521031,115.96783162594446
2016,475,165128,2574.927153213038,64.12919285656314
2016,476,127815,1509.0289126619039,84.70016639676989
2016,477,185166,237.45722660317924,779.7867542243116
2016,478,185375,1808.1605873440883,102.52131436637913
2016,479,313412,3698.8860710686304,84.7314553566267
2016,480,1150159,1303.0560665783282,882.6627107613122
2016,481,1550651,1811.381790741917,856.0597262959537
2016,482,891629,192.78009706224822,4625.1091974089795
2016,483,994451,722.44442181361,1376.5086558541764
2016,484,451487,3073.2734077944597,146.90752825795948
2016,485,184348,115.39243436026312,1597.5744079066124
2016,486,398291,4258.5441490169305,93.52750284200859
2016,487,206487,2867.828556950554,72.001166003997
2016,488,631525,4147.325899140493,152.27281755959413
2016,489,162339,97.72266361151804,1661.2216040831083
2016,490,747141,4188.071975931825,178.39736382127597
2016,491,108739,541.5704442805114,200.78459071831776
2016,492,348591,2581.6341695616443,135.02726455591886
2016,493,336945,2572.690025617672,130.96991734132587
2016,494,573608,2620.393317674455,218.90148937987115
2016,495,417391,201.6596467245524,2069.779486275287
2016,496,270809,4700.776543593977,57.609417824603305
2016,497,224810,7176.661070607785,31.32515215476952
2016,498,180016,8504.0418030702,21.168287288405512
2016,499,80155,5695.817268702658,14.072607357057468
2016,500,241231,3567.6612039189376,67.61600561595286
2016,501,180229,3851.867997616448,46.7900250246183
2016,502,226409,3673.5756047768605,61.63177905079552
2016,503,297484,152.80243142000705,1946.8538375695584
2016,504,103386,3472.8564056680225,29.769730712523703
2016,505,122249,4625.966864970531,26.426691666495273
2016,506,172158,4093.8945436914896,42.052377793973186
2016,507,78289,192.80292615002514,406.05711522801903
2016,508,33073,2253.0236717384887,14.679384160433635
2016,510,87652,3967.9983485540597,22.08972693548132
2016,511,86288,131.490461959583,656.2301075991569
2016,512,44313,1416.7781026692098,31.277304410983138
2016,513,46908,1515.305943162988,30.956124874747175
2016,514,47436,1921.0764098922293,24.692406692277856
2016,515,147228,3380.330807043386,43.554317137609765
2016,516,23348,1118.1383325146323,20.881137262767496
2016,520,143085,2335.485425630513,61.26563601285211
2016,521,58362,2326.092730999912,25.09014332154852
2016,522,175298,2215.252756892771,79.13227935483178
2016,523,162076,2709.497220928611,59.81773989214596
2016,524,137485,131.64224918124256,1044.3835535711125
2016,525,111985,3356.6683175309536,33.361949828385846
2016,526,104656,1894.7863149359407,55.2336689235262
2016,527,171788,1886.5285112037895,91.0603783509121
2016,528,104770,110.76010938918468,945.9181701587449
2016,530,641658,2737.1990194512596,234.42139042145226
2016,531,689801,1672.3463367838112,412.4749669536738
2016,532,822632,160.88560757345428,5113.148481130715
2016,534,126056,58.40824252840328,2158.18854571254
2016,535,556401,4921.537095117451,113.0543139768251
2016,537,288273,118.88820204872876,2424.740176336803
2016,538,59708,1357.2256634046562,43.99268420125511
2016,539,200171,3259.8861273690036,61.40429210683947
2016,540,148545,1566.7485656659685,94.8110011109912
2016,541,255626,4340.665724309836,58.89096655574518
2016,542,127225,1380.042928831314,92.18916117902229
2016,543,182881,165.1433183642436,1107.4078068156157
2016,544,389097,7580.461539217786,51.32893267606371
2016,545,88202,6096.633529337548,14.467328497861
2016,546,249759,4473.189854518813,55.83465225552491
2016,547,265558,4611.733807187976,57.58311539709728
2016,548,177868,7742.343923822052,22.97340466273093
2016,549,485358,3076.9068637261717,157.74218118913927
2016,550,679406,4525.644791571771,150.1235804598001
2016,551,785698,305.81376312546666,2569.204184828171
2016,553,993894,4550.262874456648,218.42562230400412
2016,554,1068398,302.13202236297235,3536.1958379785997
2016,556,15837,3198.641867883092,4.95116385457718
2016,557,168872,10587.287261142623,15.950450368886528
2016,558,116946,567.4714279613368,206.08262238000788
2016,559,333114,4733.7648926000065,70.36978125397312
2016,560,261810,5320.9195037827685,49.203901659078475
2016,561,90522,5111.14832021749,17.71069715232762
2016,562,142893,7308.04561617683,19.552833617198164
2016,563,312518,5995.183971421204,52.128175130197924
2016,564,145864,5682.255446965586,25.67008846423715
2016,565,173800,7334.150394512563,23.697359701000646
2016,566,91609,9599.228498354898,9.543371117345504
2016,567,69833,7865.748410543246,8.878112590836986
2016,570,181295,5973.448197570795,30.35014182825369
2016,571,175165,176.3029037397301,993.5457458975834
2016,572,72497,6662.482676087081,10.88137913817105
2016,573,83533,10662.851229986196,7.834020957273371
2016,574,61481,9318.785899858101,6.597533268892483
2016,575,53708,14941.767944923151,3.5944876267636503
2016,576,21929,11801.888809383978,1.8580924082731318
2016,577,201215,17491.145076681565,11.503820882959293
2016,580,87092,6332.981483232161,13.752132424608147
2016,581,118163,71.21125272276507,1659.3304496414964
2016,582,99130,6261.088883475903,15.832709269089156
2016,583,50968,8337.672225359907,6.112977174249602
2016,584,46486,11583.350692924801,4.013173841692802
2016,585,147452,10294.793131566837,14.322968719776329
2016,586,47854,10606.109304316415,4.511927854686982
2016,587,97683,11481.430002326753,8.507912340205374
2016,588,40368,4522.859905340611,8.925326197332204
2016,590,85312,25790.312966598398,3.3079086752646023
2016,591,135641,815.7184945844334,166.28408072211494
2016,592,38849,17038.287563338647,2.280100030920452
2016,593,35769,21481.2923319124,1.6651232824973907
2016,594,130717,21638.37830850506,6.040979510401716
2016,595,31281,13893.53794522648,2.25147835801949
2016,596,80203,6300.62363990771,12.729374833944977
2016,597,169720,15039.375596242717,11.285042980268482
2016,598,197933,12936.256034538519,15.300640268060445
2016,599,118561,8294.418081759539,14.294070883734502
2016,600,1645843,1146.9939187646562,1434.9186801030453
2016,601,1439778,1248.744484120412,1152.9804682293734
2016,602,79561,8.179075571113481,9727.382918552585
2016,603,63206,7.169368391401864,8816.11831745209
2016,604,1454149,1763.024889062463,824.8034437978263
2016,605,1037407,1219.6354317034088,850.5877847047304
2016,606,2697610,225.00615718879607,11989.049694033549
2016,607,109422,15.59710039196483,7015.5347628826585
2016,608,155447,25.91719464532143,5997.83279507303
2016,609,165956,2663.930939000579,62.297410781325034
2016,610,306178,3449.29658897029,88.76534449923965
2016,611,231402,197.19325176131764,1173.478290626743
2016,612,211478,1997.359509459051,105.87878596641575
2016,613,147796,2446.3726339845493,60.41434487405791
2016,614,144389,3374.543610928682,42.78771195381405
2016,615,205602,2060.047490152742,99.80449527634708
2016,616,173016,164.8691384792992,1049.4141086430418
2016,617,238389,2642.521654220923,90.2126949912479
2016,618,294938,2194.5559072258675,134.3953002194555
2016,619,106831,2012.5329230759887,53.08285831007312
2016,620,304713,2749.797605273038,110.81288288842767
2016,622,460211,3279.274406538438,140.33927721400818
2016,623,110502,3082.1046343507505,35.85277370807932
2016,624,148863,3853.698650160283,38.62860423552021
2016,625,180886,2237.8706486810497,80.82951537284343
2016,626,162463,3621.935248261973,44.85530216973363
2016,627,142437,145.05546116312865,981.9485516633948
2016,628,209131,4709.729101749804,44.40404012245665
2016,629,224060,3696.5319058404866,60.613571235781095
2016,630,725269,2141.632455581992,338.6524135407291
2016,631,923334,304.207621004917,3035.2099561143996
2016,633,502483,3006.901430848537,167.10990085837335
2016,634,67841,3031.896176527504,22.375766203742426
2016,635,61362,3103.7176464475638,19.77048397757231
2016,636,134364,3569.7002587107645,37.640135098773534
2016,637,128941,1970.4283237551133,65.43805651061322
2016,638,121020,2747.206869246258,44.0520156507922
2016,639,84608,3016.352066894394,28.049776061821444
2016,640,619749,2899.2592073662827,213.76115609993576
2016,641,563053,399.01583880355753,1411.104385450726
2016,644,103662,4824.562569675771,21.486300260992675
2016,645,87214,180.1422890425762,484.1395125127292
2016,646,71758,4545.701164755587,15.785903516131878
2016,647,114826,4492.711820971703,25.55828296486752
2016,648,197703,1712.043940956713,115.47776039528573
2016,650,156276,3785.8590641436767,41.278874187396106
2016,651,69381,219.15270144034758,316.5874732275897
2016,652,271762,3808.320773075545,71.36006029779077
2016,653,103864,2734.6717762277826,37.98042635422611
2016,654,95224,2597.009313218936,36.66679188068523
2016,655,123774,3720.6189690909096,33.26704535676836
2016,656,212037,5181.85320128984,40.91914451517477
2016,657,292071,5418.991800249671,53.89766413496756
2016,658,228281,227.77565530178816,1002.2186071533514
2016,660,501380,4785.7394421663885,104.76541944227482
2016,661,154141,140.94906009312695,1093.593670636448
2016,662,387503,171.5964943775167,2258.2221239758164
2016,664,85603,3014.633037498969,28.395827596654634
2016,665,133991,3342.081623472684,40.09207885855668
2016,666,163941,303.88872983028034,539.4770648176385
2016,667,116285,3972.104297819853,29.275414561451647
2016,668,59648,4323.786583465151,13.795315482985089
2016,669,24632,3612.674748563534,6.81821689311891
2016,670,185550,6782.480851789475,27.357246419802998
2016,671,113231,4301.79760569403,26.32178693161272
2016,672,415364,267.52223229036423,1552.6335753253238
2016,673,60123,2385.623842750196,25.202212906578335
2016,674,136773,7248.535344475573,18.869053332855817
2016,675,121744,7158.623999685158,17.006620267436087
2016,676,59258,6938.667751638995,8.540256158828555
2016,677,30880,8414.784956197993,3.669731331310497
2016,678,117244,12877.329202116394,9.104682978884387
2016,679,31088,1682.3338691389981,18.479090607568004
2016,680,207349,3133.2913344373,66.17609978397917
2016,681,615158,288.72985229481077,2130.565977541824
2016,683,81485,4350.452644475865,18.730234910950784
2016,684,71624,3276.8607289996444,21.85750507067332
2016,685,281608,264.7607396263385,1063.6320188462926
2016,686,74166,4476.054933489123,16.569501738037644
2016,687,127532,10350.930549787427,12.320824624083588
2016,688,167824,9249.96301649705,18.143207675608064
2016,689,72703,5391.089785904566,13.485770574641103
2016,690,25270,5327.477743738278,4.743332814426382
2016,691,78640,14463.362103879663,5.437186695263997
2016,692,8357,4816.556851801895,1.7350568584846267
2016,693,69703,12353.472650718562,5.642381051124568
2016,700,576653,1477.8332722130851,390.20166269260574
2016,701,421027,235.95909823129554,1784.3219573050508
2016,703,280680,2271.6845880799365,123.55588512278246
2016,704,441550,2837.1393249294015,155.63211722462287
2016,705,638764,4869.653413692368,131.1723742400105
2016,706,267966,4914.617443412376,54.52428456240994
2016,707,418522,3292.5026504730504,127.11364102922403
2016,708,380241,231.61084018994225,1641.7236761809909
2016,710,179849,4961.226590999053,36.25091430540434
2016,711,307667,562.2195666708038,547.2363792349976
2016,712,337138,5964.084016627301,56.52804337767396
2016,713,202910,4326.260985991531,46.90193232840651
2016,714,192365,6412.652757557809,29.997725944739937
2016,716,160473,5305.869817658573,30.244428437713747
2016,717,105079,3908.0976219376753,26.887506445629867
2016,718,125762,4121.107253045855,30.51655593458554
2016,719,170551,3924.3906116745534,43.459231477272645
2016,720,399511,6194.055616271994,64.4990979658741
2016,721,319719,4355.164579024461,73.41146223034715
2016,722,217025,293.4793289041544,739.4899014195199
2016,723,167501,4288.192625823227,39.06097850906218
2016,724,226740,4238.292119905296,53.49796417644437
2016,725,105759,3284.733449684983,32.197133076397
2016,726,137306,3743.2990445994637,36.680478466740254
2016,727,478327,2647.819282745006,180.64941331801023
2016,728,124780,2964.846636418929,42.086493941121596
2016,729,229740,2778.827607704933,82.67515385373079
2016,730,725090,8000.494122209312,90.63065217273963
2016,731,673100,401.30486487488497,1677.2784456770858
2016,734,93789,2898.298015521078,32.36002629741231
2016,735,213021,5746.379732371098,37.07047043897711
2016,736,60124,4961.971857524407,12.116957073996113
2016,737,109301,5687.638588158961,19.217289971193438
2016,738,33481,5141.358381293034,6.5120922365228395
2016,739,28980,5120.585864592492,5.659508651224677
2016,740,618220,6149.789119305968,100.52702426156834
2016,741,421068,264.47352615118103,1592.098861945467
2016,743,129724,2745.645616246057,47.24717539380162
2016,744,225466,3762.031036340123,59.93198828560003
2016,745,84127,4887.266335579849,17.213508375335714
2016,746,55257,2353.2338116786987,23.481304631001358
2016,747,90228,3269.3053026180946,27.598523737671258
2016,748,201336,4777.417327184257,42.14327244437417
2016,749,113537,2983.501214685123,38.054953502669385
2016,750,2292205,1492.9409537302588,1535.3621282025267
2016,751,783330,3649.1575787709135,214.6605026203983
2016,752,1348726,357.2727084251197,3775.060250040559
2016,753,0,0.0459797523205304,0.0
2016,754,347593,6302.17926822242,55.154413292029595
2016,755,127330,2088.456655946202,60.96846666052139
2016,756,337364,4222.7990557810435,79.89108540178964
2016,757,359840,3281.845423079887,109.64562726488923
2016,758,127218,4653.578368745158,27.337672199620542
2016,759,259466,6670.164832741998,38.89948846936331
2016,760,1218992,2996.7745862964066,406.76799835869645
2016,761,976669,509.6481815770166,1916.3592362438528
2016,762,489671,3635.8384487904214,134.67897622428873
2016,763,174340,4869.95399207618,35.799106168901325
2016,764,144873,8231.938764129121,17.59889184687424
2016,765,497325,4932.4694370137395,100.82677781397365
2016,766,160822,4853.665291714667,33.13413478974896
2016,767,178881,332.6394288380179,537.7624673805818
2016,768,87594,9975.53571858446,8.78088179633421
2016,769,135741,10070.255412652565,13.47939991963372
2016,770,3105203,848.3158733669814,3660.4325080885164
2016,772,0,0.0,
2016,773,1205561,3898.322688320133,309.2512078622976
2016,774,1168697,5348.5050630344695,218.50909482675908
2016,775,1220856,2847.7101827512447,428.7149750683197
2016,776,273572,2324.892562812006,117.67081385864513
2016,777,144279,417.0504129147049,345.95098226052573
2016,778,315119,4152.423176188675,75.88797832720743
2016,779,171167,4858.247065545481,35.23225510985442
2016,780,572543,11135.155282381502,51.41760357001046
2016,781,424022,4329.7189902721375,97.93291457313464
2016,782,1729274,889.8498714657776,1943.3323029552243
2016,783,236221,6974.044142815876,33.87145179505879
2016,784,321256,316.6914381844053,1014.4132782425802
2016,785,1332637,3948.640748340911,337.492591738038
2016,786,973905,7440.91122954531,130.88517924161718
2016,787,1050498,553.6262420062787,1897.4859215363679
2016,788,180364,11257.386447558521,16.021836048731984
2016,789,68520,2756.7908006020916,24.85498717749458
2016,790,226292,19508.787945994973,11.599490477134243
2016,791,226326,700.8309450129132,322.93950718147846
2016,792,32220,8070.569461851748,3.9922833391495645
2016,793,147230,10462.51941727543,14.072136368693164
2016,794,269865,463.31871946175346,582.4608172825556
2016,795,95075,9032.61633969919,10.525743198251044
2016,796,131796,540.2674637907172,243.94583948341125
2016,797,428288,13194.632519677802,32.459259426988446
2016,798,71014,9678.818327176226,7.33705268551292
2016,799,785567,906.6001229798144,866.4977867176958
2016,800,836662,439.4912233506441,1903.7058206108404
2016,801,691890,3395.410327209471,203.772131590538
2016,802,1082475,256.6676420518096,4217.419037891412
2016,803,128921,163.75736748083722,787.2683958178935
2016,804,218333,9078.835283644641,24.048569357054312
2016,805,535681,2933.302377777853,182.62044992641006
2016,806,275515,3099.956967456404,88.87704019519576
2016,807,67964,9500.28464868359,7.153890910986278
2016,808,118375,9990.742041423377,11.848469263764033
2016,809,564004,867.3750836614909,650.2423353218121
2016,810,230169,18706.770967816567,12.304047576996933
2016,811,72728,9855.409096602687,7.3795008697376625
2016,812,86117,7437.235769715461,11.57916767284288
2016,813,68465,4702.504759667638,14.559262244072444
2016,814,83978,5695.89460657717,14.743601453409765
2016,815,145014,2260.324464103529,64.15627592541863
2016,816,153000,15141.730198412424,10.104525572384171
2016,820,134292,5195.849496329206,25.84601422633111
2016,821,697,3124.69405946653,0.22306183797046578
2016,822,24886,6599.446532291769,3.7709222854113977
2016,823,16187,3707.7857547507533,4.365678351091279
2016,824,53863,8416.101575254435,6.399994049307992
2016,825,39546,5351.836404702723,7.389239320777903
2016,826,97038,8009.0596929327,12.116029062141665
2016,827,62915,8784.71744379529,7.161869508328617
2016,828,37761,4372.47772856892,8.636064571187399
2016,829,70594,5791.192431229226,12.18989022352619
2016,830,21563,2131.916527540397,10.114373485756191
2016,831,23349,3353.5316298405833,6.96251074307295
2016,832,173412,15236.229665020937,11.381555923780551
2016,833,190329,8512.313446176702,22.359256529197253
2016,834,206769,9081.935590945102,22.767063026317146
2016,835,69725,6580.617337270694,10.595510485786487
2016,836,465831,14419.273593480395,32.30613504765061
2016,837,270253,1238.1849861723417,218.2654474235272
2016,838,259190,6769.708068177318,38.28673221794992
2016,840,1357702,11174.807742901301,121.49667638465354
2016,841,613161,413.8526132266378,1481.5926743084624
2016,843,185142,4702.354929441481,39.37218750563138
2016,844,195268,202.7902017473337,962.9064832397278
2016,845,55982,10159.908483298032,5.510089002477663
2016,846,301438,3562.41184748333,84.61626923146217
2016,847,238730,9824.164031262664,24.300286440689337
2016,850,1413152,543.9440551367502,2597.9730574401196
2016,851,417541,3414.9443640392255,122.26875623418032
2016,852,1518555,1525.9041770914814,995.1837230660908
2016,853,1349202,13608.193062408496,99.14630060085337
2016,855,96106,6900.583998941192,13.9272270310377
2016,856,303098,14374.460492461882,21.08586963378193
2016,857,893629,1685.4264725327566,530.2094244770634
2016,859,78355,5766.081612672747,13.58895091387376
2016,860,184274,17617.4478138837,10.459744336792077
2016,863,217040,7066.320006802751,30.7147142771705
2016,864,196374,9606.883218853662,20.440968785236496
2016,865,63622,7992.895372602259,7.959818943468353
2016,870,198294,10508.901682965656,18.869145985200674
2016,871,749275,856.5382382452087,874.7712204128106
2016,873,74576,4900.462371652587,15.218155827783793
2016,874,118760,3949.16447658581,30.072183800932027
2016,875,232977,6509.395735150476,35.79087974970296
2016,877,39350,8379.54270396572,4.695960315516637
2016,878,17942,8220.352266439286,2.1826315245942287
2016,879,16278,3512.0129130892747,4.634948789434083
2016,880,276439,14288.112439873525,19.347482122869337
2016,881,72300,8025.574763197252,9.008700577003523
2016,882,190868,13193.352680617962,14.466982322120412
2016,883,76294,9659.687248773573,7.898185317509793
2016,884,16756,9846.737411928521,1.7016803941274465
2016,890,620903,13551.054151075916,45.81953500279548
2016,891,1498116,1810.9963234901995,827.2330432525625
2016,893,11889,6773.882767033569,1.7551233773723034
2016,894,294661,16270.862254967009,18.109734775122245
2016,895,289633,1144.8132923832072,252.99583951987358
2016,897,66040,222.96213675102712,296.19378860610857
2016,898,58347,9355.099882957473,6.236918977882092
2016,900,2464006,219.70608291008026,11215.010378244515
2016,902,1258158,295.6464302833575,4255.617085564466
2016,903,135412,10.60933951398288,12763.471262422125
2016,904,94632,8.73664099645493,10831.622821448067
2016,905,176673,23.65940457895803,7467.347684528279
2016,906,742135,109.98381607615106,6747.674580468798
2016,907,632203,171.79127242256368,3680.0647150743393
2016,908,479427,58.540433518176116,8189.672866893676
2016,910,286503,114.43285825614511,2503.67774052008
2016,911,169915,28.94497241974063,5870.276797504116
2016,912,209444,33.374274664866,6275.612042603801
2016,913,1420484,783.6286860525929,1812.7003583233613
2016,914,320887,33.74270206005041,9509.819321195186
2016,915,108133,21.23065993471921,5093.247234541517
2016,916,220141,21.333013384827506,10319.264139053555
2016,917,1977114,632.0714799489739,3127.991157202045
2016,918,84767,7.59363042762491,11162.908283187666
2016,919,574078,801.5422102943221,716.216803840189
2016,920,1297455,3097.3623763582373,418.89028222958495
2016,921,1376680,348.8760383406205,3946.0434329281647
2016,922,799639,8383.916884311224,95.37773465960284
2016,923,1162560,7869.163345097334,147.73616317474222
2016,924,245630,142.84563013601198,1719.5485767826485
2016,925,1455523,1792.0657413513836,812.2040204297421
2016,926,1347201,496.4633036881549,2713.596332280425
2016,927,501287,56.11590888821076,8933.063901693555
2016,928,1273546,330.2277777669608,3856.5683620314085
2016,930,705330,1343.655204846171,524.9337757603894
2016,931,194206,365.2786308603908,531.6653742995039
2016,932,787614,7582.0583162963885,103.87865235844376
2016,933,549372,1030.8941259742792,532.9082649305025
2016,934,507837,4612.3849407122325,110.10290913003917
2016,935,534568,7084.501302720118,75.45598160801394
2016,936,603306,6688.584723997437,90.19935081863383
2016,937,588592,378.1276599604901,1556.595992108858
2016,939,396931,1993.4824310603956,199.1143708193405
2016,940,858202,472.2649161988112,1817.2046462979677
2016,941,850375,49.57471333119284,17153.40226616977
2016,943,111040,24.7071504301107,4494.2455146375405
2016,944,139452,18.827115344319083,7406.976451231995
2016,945,2406750,2618.1265618489597,919.2641925989695
2016,946,432254,63.23615536913279,6835.551552379708
2016,947,145777,17.292453624605706,8430.093447963429
2016,948,173189,41.3644150433958,4186.907993701972
2016,949,389048,761.258708588701,511.05884978479503
2016,950,857347,2314.2274787082565,370.4679025238044
2016,951,1032308,429.87118389214567,2401.4356827858583
2016,952,511093,2188.3482839368858,233.55194589068458
2016,953,1063071,5558.364464345223,191.25608024072423
2016,954,517903,4877.098353723818,106.19080494953823
2016,955,165797,4228.772780518182,39.20688308528218
2016,956,1206958,4049.3228571697096,298.0641560509226
2016,957,338913,914.4763233543646,370.60882971452213
2016,958,834486,220.13014811122133,3790.875566841366
2016,959,522312,6009.689022210784,86.911651845815
2016,960,299268,11618.697009484858,25.757449372825047
2016,961,108859,5984.937890815671,18.188827016409338
2016,967,992933,4643.546924775642,213.83072381635827
2016,968,420695,99.16829330261533,4242.232935442736
2016,970,807854,4982.495861732617,162.13841865973495
2016,971,334178,2135.380267144997,156.49577976422714
2016,972,893646,295.4534425700268,3024.6592905689117
2016,973,615188,3926.1295795553024,156.69070200930045
2016,974,564359,8249.57497573304,68.41067590271247
2016,975,293340,3086.9558857957873,95.02565337903421
2016,976,70756,6307.816299497444,11.21719413509827
2016,977,225684,12203.592979964476,18.49324214356557
2016,978,145972,15271.76827881274,9.558290653382555
2016,979,31220,9348.878059210874,3.339438144584724
2016,980,1451567,2099.1858021555304,691.490480980517
2016,981,932874,188.78570551315144,4941.4440434687085
2016,982,912065,5541.745450693749,164.58081810412676
2016,983,740423,5323.435118147189,139.08744702756943
2016,984,416718,164.64850472602035,2530.9552655423763
2016,985,489372,5445.074781796915,89.87424775799013
2016,986,599806,3926.4039490891223,152.7621731684402
2016,988,226361,10480.517843992036,21.598264834763064
2016,989,291696,5371.731628946106,54.302042646391214
2016,990,146311,2242.7448165251494,65.23747103189852
2016,991,117697,11976.130423106484,9.827631784379868
2016,992,353804,336.7241087259405,1050.7236958431179
2016,993,372314,7673.362363660732,48.520320343946345
2016,994,22138,667.725765320753,33.15432944146711
2016,995,327009,54413.04079674755,6.009754191490552
2016,996,197721,44803.56657617502,4.413063849812822
2016,997,138671,81411.54858461337,1.7033332790110882
2016,998,50956,14009.563628405402,3.6372296348105397
2016,999,21804,7496.699721726804,2.9084798390427764
2017,006,1133096,1690.8650346903994,670.1279976538589
2017,007,1288523,1495.3326967171333,861.6965327039493
2017,009,1045087,247.1571047904395,4228.431955804436
2017,010,476670,1312.60496890372,363.14809961302524
2017,011,170489,42.627091908422834,3999.5456496602455
2017,012,127310,917.2782112109767,138.79104337595382
2017,013,82577,805.8971817377586,102.46592477459588
2017,014,218826,488.6077364575314,447.85619152598053
2017,015,384338,829.9551731172127,463.08284163887106
2017,016,192553,58.63333681671193,3284.0191340622746
2017,017,399952,391.1757955031819,1022.4354487105445
2017,018,749372,408.72137452316286,1833.454393899167
2017,019,496669,372.31916955721346,1333.9871825312448
2017,020,415349,399.80081308626666,1038.8898331489347
2017,021,1367002,162.70859888577746,8401.535071662958
2017,022,27659,2.1226900941144358,13030.16397762908
2017,023,454524,542.3120162818249,838.1226791106103
2017,024,426236,111.06917792456882,3837.572294714134
2017,025,118051,348.3705056189614,338.8662303378838
2017,026,146809,295.39130709539484,496.9983763015373
2017,027,534871,623.9050998635734,857.2954446388688
2017,028,673229,980.3424573332422,686.7283926795727
2017,029,382909,114.52032838694237,3343.589783520559
2017,030,385092,918.0694138680851,419.45847904626174
2017,031,150551,106.42640797971194,1414.601909976136
2017,032,187910,2411.836243122713,77.91159144233792
2017,033,61667,197.2612626381376,312.6158637295348
2017,034,83180,786.1249789500989,105.81014753034586
2017,035,45348,2501.9160039565722,18.125308734700088
2017,036,13633,208.84636705367745,65.27764974956956
2017,037,77796,862.0462689996974,90.24573598615889
2017,038,326733,1615.1459873338533,202.29316889140358
2017,039,49687,212.25237817426486,234.09396128982664
2017,040,344847,2089.0493796966407,165.0736470624149
2017,041,114497,85.35184601603959,1341.4706927192103
2017,042,175899,2199.0721240894886,79.98782671706587
2017,043,81170,780.7768052878179,103.9605677964246
2017,044,174322,7109.19794303239,24.520628261708506
2017,045,47876,574.6138302730037,83.31856540461918
2017,046,73040,2994.602483243599,24.39054946648105
2017,047,69229,4677.873316223958,14.799246435318727
2017,048,40296,394.4633806602511,102.1539691024113
2017,049,159183,5271.96246218868,30.19425899590234
2017,050,60371,1251.2930215792096,48.246892581409945
2017,051,28604,496.8296804375854,57.57304993294055
2017,052,32685,451.20150992843804,72.43991715627003
2017,053,36552,778.5273366813558,46.95018180840117
2017,054,239735,1950.618367840562,122.90205196078378
2017,056,84928,1178.7222775756115,72.0508991945748
2017,057,80305,1512.482120046017,53.0948425344405
2017,058,58017,1515.9387574657258,38.27133498254907
2017,059,3439,409.57339132731204,8.396541554750833
2017,060,675278,1186.2997078122637,569.2305203761082
2017,061,295662,85.17541543843923,3471.21289022289
2017,062,164831,675.4061968759044,244.04721301407483
2017,063,265268,656.7245102388157,403.9258408423589
2017,064,720316,1045.1007521965478,689.2311564086724
2017,065,290412,115.92469530301031,2505.178031660167
2017,066,244177,88.17666814918626,2769.1792525759365
2017,067,328345,703.2850113361899,466.8733084132827
2017,068,481801,386.0600935144073,1247.9948279917717
2017,069,128618,37.61308472898911,3419.5015092944955
2017,070,1751139,363.44583125339193,4818.156790961011
2017,071,402742,34.42351136476823,11699.619940927883
2017,072,186858,19.1991855602923,9732.600344592698
2017,073,265793,15.9467417155505,16667.542795956328
2017,074,469824,495.03847811466346,949.065619685379
2017,075,200743,21.170819796707203,9482.060776466602
2017,076,508343,123.14091498860074,4128.140513224688
2017,077,598607,393.4370499001754,1521.481009863919
2017,078,360225,868.8284053602325,414.6100631351296
2017,079,259678,248.52913044432063,1044.859407570241
2017,080,1164093,1644.3463254490462,707.9366323162511
2017,081,156249,29.39817331051641,5314.922065042256
2017,082,248732,608.9212451813278,408.47975328226767
2017,083,240095,879.6134170383958,272.9551361419487
2017,084,56792,23.725502029987748,2393.711202747912
2017,085,317401,609.7627831798495,520.5319326718937
2017,086,271962,124.7907724228589,2179.34383063553
2017,087,463254,375.478717014265,1233.7689967721933
2017,088,923434,769.0580271463806,1200.7338424467623
2017,089,114197,22.07175928268136,5173.896586014548
2017,100,1564205,21.486089551516287,72800.82288820272
2017,101,64067,0.6272622222128574,102137.50761839961
2017,102,15464,0.2061163569948726,75025.58373076953
2017,103,475948,55.65406565780903,8551.899926348291
2017,104,1458572,41.50944510853621,35138.316019070364
2017,105,661686,604.3469841651422,1094.8776403907552
2017,106,83145,21.093740597017828,3941.6906459802963
2017,107,232784,24.36217417229851,9555.14061896379
2017,108,88570,11.96792785645159,7400.612792986906
2017,109,552846,683.2443293599379,809.1483181688536
2017,110,256868,44.17855476274714,5814.314238649559
2017,111,209037,7.0203125415623955,29776.02475138209
2017,112,2635121,68.74016416954086,38334.51711725234
2017,113,1189113,48.11278487854301,24715.114766310522
2017,114,801966,42.03801514817691,19077.161401964513
2017,115,731193,139.35311693482836,5247.051634603616
2017,116,123012,8.50542945627647,14462.761772625709
2017,117,1568874,589.0158062621236,2663.551611553562
2017,118,72779,15.67366457425701,4643.393997312845
2017,119,254283,494.65973022381286,514.0563997092457
2017,120,333122,1938.384953062676,171.85544051694296
2017,121,284709,2256.401532392838,126.17834011931187
2017,122,151296,52.42517230598723,2885.941873818528
2017,123,162346,134.31912036493355,1208.658897995459
2017,124,151254,1506.3882769447416,100.40837565914515
2017,125,448865,1603.4531158108498,279.9364668501789
2017,126,85718,50.76290415255467,1688.5952730836066
2017,127,97320,1342.3146798551074,72.50162831453571
2017,128,224455,3657.795945161822,61.363455852939886
2017,129,162385,4116.535475618987,39.44700609572247
2017,130,386336,1905.6888471919458,202.7277436026718
2017,131,177873,1467.7165235298612,121.19029604723335
2017,132,228315,102.56676783837973,2226.013403871407
2017,133,139975,3297.451118323577,42.449454132064055
2017,134,184960,2086.882304189398,88.62981857131781
2017,135,70340,60.632971404800166,1160.094885180431
2017,136,235146,3896.2402184808507,60.352028318131715
2017,137,132930,1561.1087427446625,85.15101886258685
2017,138,136776,1706.6688694701222,80.1420840601994
2017,139,80581,116.5668296612035,691.2858506506974
2017,140,443902,1873.353770150932,236.95577795977948
2017,141,198884,855.8792931460623,232.37388916016096
2017,142,565680,154.70330982277176,3656.5474949957015
2017,143,64424,35.91865378112996,1793.6084239840152
2017,144,307057,1649.9892671939817,186.0963620219117
2017,145,322572,1724.2548111315114,187.07907782395452
2017,146,474812,165.02410345238044,2877.228174955741
2017,147,174700,2393.328989058011,72.99456146593539
2017,148,283583,3125.586291883937,90.72953792265042
2017,149,48005,66.86077599903297,717.9844876567738
2017,150,449287,918.264233150453,489.2785581537363
2017,151,368343,259.2913503413224,1420.5757327235392
2017,152,685104,212.4275496059519,3225.1184051732075
2017,153,183410,1199.3864847159982,152.91984888709956
2017,154,141183,886.9523734419366,159.1776562388808
2017,155,87596,1578.5305097565035,55.49211716757514
2017,156,304096,960.2719320705052,316.6769639349124
2017,157,110378,1133.6799715853579,97.36257388903633
2017,158,86817,1836.2418066886025,47.2797208318451
2017,159,138515,773.8847480887382,178.9866001909073
2017,160,194754,941.1464796389657,206.9327189904698
2017,161,217220,1168.225170771067,185.94018125514935
2017,162,87108,1211.974138651148,71.87282073274748
2017,163,144885,2060.004423436756,70.33237324718206
2017,164,129246,1433.381657756076,90.1685878988653
2017,165,184436,123.30459963199431,1495.775506756876
2017,166,202371,1759.161497680073,115.03832949213619
2017,167,46868,1486.183437505633,31.53581100234967
2017,168,202894,1841.923588158046,110.15332085675571
2017,169,64528,2001.0019510583504,32.24784461897725
2017,170,631483,2637.0020906085942,239.47004147207934
2017,171,168924,129.5644735123676,1303.7833243993023
2017,172,209106,1607.684675046351,130.0665505155551
2017,173,338076,1231.696467782639,274.4799622658829
2017,174,179404,140.31724533740964,1278.559877430615
2017,175,338725,835.2564451663935,405.53413500750867
2017,176,167466,89.06007074037493,1880.3712888146197
2017,177,169914,2364.1273643268078,71.8717623102271
2017,178,237074,1676.5609428242458,141.4049402824795
2017,179,122402,689.929693294824,177.4122801056116
2017,180,543508,817.9000663502522,664.5163906457634
2017,181,169880,60.28405387840357,2817.9923059364555
2017,182,137705,598.6533183538121,230.02461654879613
2017,183,174950,773.9640140180031,226.0441013164864
2017,184,196920,1691.8597735124629,116.39262489891537
2017,185,117840,62.912828472128716,1873.067907798881
2017,186,175108,1390.1042683524834,125.9675291893993
2017,187,132192,191.05007009011933,691.9233263701203
2017,188,76367,1407.437947015951,54.259585768533
2017,189,367834,489.90650283640514,750.8248979557454
2017,190,1125676,402.40162382530906,2797.3942781321366
2017,191,1569948,147.65651524414216,10632.432963788797
2017,193,445939,655.1149888233265,680.7033995680142
2017,194,528282,369.0450442415193,1431.4837937622299
2017,195,222469,805.9291949245683,276.0403784861302
2017,196,214274,102.64134227143845,2087.599355758085
2017,197,330826,324.2256848353851,1020.3571631530858
2017,198,219370,83.05505424735138,2641.2600893219656
2017,199,393536,1606.0638728665326,245.0313506508366
2017,200,671048,66.01506720584838,10165.073344658365
2017,201,945152,1387.5640548469567,681.159184470404
2017,202,0,0.1477587431639232,0.0
2017,203,1343,1.1832511460125057,1135.0084084227085
2017,204,0,0.0177646705004307,0.0
2017,205,0,0.4281127964167295,0.0
2017,206,356565,1183.52927899949,301.27264811008837
2017,207,1012309,588.9034007053359,1718.972922872489
2017,208,718105,455.29940780487163,1577.214878144009
2017,209,330263,62.13449401058516,5315.292338966127
2017,210,756430,773.4373132195628,978.0107412341317
2017,211,477232,718.184997076357,664.4973118942235
2017,212,1209150,292.4199251125922,4134.97814669925
2017,214,94098,54.3586596530137,1731.0581349991603
2017,215,101601,1042.2787703317645,97.47967903794078
2017,216,169848,1808.3496209959542,93.92431531379185
2017,217,487167,1448.7993360712853,336.2556759040576
2017,218,180895,1302.3915908936299,138.89447787042278
2017,219,102416,373.6227676795248,274.1160573165268
2017,220,506350,197.5431541135338,2563.237396265253
2017,221,472037,212.5894704681997,2220.4157099615613
2017,222,229887,26.045594504019213,8826.329533945755
2017,223,351744,59.10072548306033,5951.602067910624
2017,224,231407,1093.714223113169,211.57903509869215
2017,225,195671,1445.8137042015096,135.33624659344662
2017,226,191069,1202.1629613081086,158.93768661121638
2017,227,81844,1005.9969833005514,81.35610877428279
2017,228,170552,1497.8835438301455,113.86198927313936
2017,229,262424,1818.543631557164,144.3044837892035
2017,230,228253,2372.282316777709,96.21662581460285
2017,231,382644,1744.1135943854079,219.39167335877363
2017,232,569802,321.3158031173225,1773.3394824404181
2017,233,267961,738.5357937576135,362.827370406294
2017,234,583383,1261.1914519671411,462.56498098688303
2017,235,245752,59.772259492294715,4111.472480502098
2017,236,383948,220.48625748556972,1741.3693006473586
2017,237,95536,35.560088253574044,2686.6075055479637
2017,238,342984,3458.6451012057537,99.16715649154891
2017,239,103958,2600.993846099811,39.96856822859653
2017,240,361572,2000.4353610005514,180.74665497772128
2017,241,227976,2420.1352969257177,94.19969217820031
2017,242,189129,2598.451709383797,72.78526644039519
2017,243,152312,2634.1465201140304,57.82214422658863
2017,244,142532,2777.4240934758286,51.318054140456184
2017,245,382855,3987.4074766803933,96.01602099586155
2017,246,67452,1023.3193349329842,65.91490817909478
2017,247,59867,274.64908669020144,217.97633016536753
2017,248,35813,875.4168206908603,40.90965486788013
2017,249,54056,2077.0378582538515,26.025524660125566
2017,250,66364,1063.369947631436,62.409136300889486
2017,251,71226,947.5070023080607,75.17200382318912
2017,252,57811,1331.4578390929778,43.41932451979275
2017,253,115515,328.91150256854235,351.203892530112
2017,254,187140,871.7638919384982,214.66821662441885
2017,255,139596,1520.6312707122606,91.80134769595624
2017,256,49489,736.7191028435365,67.17485648055799
2017,257,74922,96.72080398299366,774.621352539351
2017,258,87439,704.1249297215866,124.18108819776297
2017,259,44314,869.8242466655419,50.94592404141072
2017,260,128494,619.5553806572752,207.39711737098145
2017,261,131668,1421.5479649593105,92.6229738605892
2017,262,83816,2840.793288924765,29.504434668572525
2017,263,88450,1221.790759368983,72.39373789803558
2017,264,58299,1304.9742432948126,44.674444955178636
2017,265,184965,1063.5489570611185,173.91300961933123
2017,266,31076,990.6404847039402,31.369604291194783
2017,267,53864,1116.6041760915089,48.23911745390579
2017,268,32425,1625.6468957723775,19.94590589403133
2017,270,290011,1960.005123884338,147.96440910585795
2017,271,261857,203.2865307601766,1288.1178060386146
2017,272,597689,2354.5145299059413,253.8480830797322
2017,273,389782,2619.5655666233965,148.79642829571415
2017,274,324167,234.0665821766311,1384.9349915118485
2017,275,1165358,4294.335641422565,271.3709633590627
2017,276,539588,299.18752398157613,1803.5110315402978
2017,277,285865,246.03045472533321,1161.9090015467305
2017,278,549176,5940.473314675371,92.44650567545068
2017,279,197365,3364.8575414126967,58.65478629360891
2017,280,710992,1811.3964535976027,392.510429502003
2017,281,617649,2583.179278361089,239.10419426710115
2017,282,888140,410.6930079556241,2162.5398601769343
2017,283,859998,5010.909031919977,171.62514715827592
2017,284,509384,4072.4015109557854,125.08196911076395
2017,285,511193,3772.3302092384874,135.5112017362853
2017,286,636124,4124.796665282218,154.2194807695997
2017,287,551549,5438.699337359137,101.41193064513381
2017,288,128461,138.19659833491778,929.5525472246163
2017,289,38216,683.556403428187,55.9076029546915
2017,290,447106,4270.117215948797,104.70579082233823
2017,291,367549,4245.7690221519015,86.56829848311286
2017,292,341953,309.943135744503,1103.2765709703726
2017,293,405726,2119.755783848858,191.4022375083794
2017,294,809477,4232.9566872831265,191.23205357424843
2017,295,672988,5139.543340737564,130.94315105112452
2017,296,1008220,3806.7424348849504,264.85112067490616
2017,297,385378,1916.54149574357,201.07991444791702
2017,298,225661,2485.9823518168996,90.77337167541592
2017,299,229386,2160.214668518869,106.18666901159243
2017,300,2378277,1688.0334461097855,1408.9039559500072
2017,301,1252663,3575.372267783389,350.3587616001198
2017,302,1047616,3365.284622410659,311.30086086137936
2017,303,977659,359.2826062504585,2721.142028563628
2017,304,227077,4985.804915703602,45.54470217733231
2017,305,663801,4260.794253645449,155.79278427538839
2017,306,401406,3428.78805951581,117.06935308701577
2017,307,369326,2026.689382334849,182.23118116626128
2017,308,204221,2098.3272052183347,97.32562180584722
2017,309,204805,187.40360758558313,1092.8551623877893
2017,310,542722,8636.312308115208,62.841868223086976
2017,312,164526,356.0059335823521,462.14398267028173
2017,313,220027,2027.4469566198604,108.52417089462446
2017,314,253006,278.9609269753682,906.9585577565135
2017,315,340948,5415.322915453056,62.9598650575532
2017,316,196136,3066.5153096568292,63.960548112166244
2017,317,365250,4833.740963389016,75.56259277574469
2017,318,89749,2315.205156798909,38.765031140519056
2017,319,196738,187.43118130869743,1049.654591228203
2017,320,641556,4811.813348208662,133.3293612144864
2017,321,594436,2546.796995103536,233.4053327151166
2017,322,961701,1004.6520559664162,957.247829523327
2017,323,436246,4418.542163621888,98.73075413688217
2017,324,356105,4516.527545197505,78.84486398818758
2017,325,684534,2417.7806781380655,283.12493609931573
2017,326,369673,3105.758697105461,119.02824271072053
2017,327,999418,1814.8591594062727,550.6862583909583
2017,328,979081,504.0558545661102,1942.4057693820262
2017,329,650533,1428.8957066001885,455.2697562146305
2017,330,1752700,1927.1101370288786,909.4965390521087
2017,331,2037351,686.0847012720917,2969.5327650106206
2017,333,824195,365.8974625587069,2252.529969014915
2017,334,1538684,2521.0004400066323,610.3465812945086
2017,335,783352,1661.6771524594699,471.42250156148
2017,336,778810,264.07541973264495,2949.1953502847114
2017,337,756504,230.19909579219953,3286.3030907944803
2017,338,750337,3481.3144866354487,215.53266815752997
2017,339,819706,2300.127809590312,356.3741095526349
2017,341,414978,2519.9581153739605,164.67654659348077
2017,342,822186,1974.7310906490952,416.35339813774186
2017,344,441565,1593.3407690704187,277.1315518761353
2017,346,686227,864.0312959100881,794.2154447972789
2017,347,727815,2128.517986141381,341.9350950937452
2017,349,469118,2239.7486968285407,209.45117667185872
2017,350,445598,3520.5069360014404,126.57211251119026
2017,351,333060,2718.867368142169,122.49953929440237
2017,352,499128,352.2839386613561,1416.8343918733187
2017,354,233691,3384.210108409016,69.05333667650523
2017,355,153202,3988.7548523785085,38.40847724914583
2017,356,382897,3265.948289824045,117.2391495581912
2017,357,236257,1860.5910234069765,126.97954414903263
2017,358,196195,273.40916717422095,717.5874972582072
2017,359,287321,2574.064238310982,111.62153442935471
2017,360,289562,6293.420185223225,46.01027604670088
2017,361,210083,324.2942772744369,647.8159336194989
2017,362,182591,2529.1622228364527,72.1942619383364
2017,363,240777,2650.8774770413493,90.82916961848112
2017,364,103510,4153.964677568698,24.91836306624159
2017,365,379229,4458.411578126567,85.05921747120367
2017,366,286208,284.8684473726705,1004.7023552088135
2017,367,107003,5051.5022531124005,21.182411615093677
2017,368,265958,2333.82432947497,113.95802016505303
2017,369,18457,1237.9008869157763,14.909917421567991
2017,370,985857,5186.732345824177,190.0728501623398
2017,371,674879,3756.5533317481436,179.65377845066809
2017,372,454949,292.8121210163923,1553.7232489584367
2017,373,584838,5400.0039460554335,108.30325419062136
2017,374,206159,233.9326318722808,881.2750848396206
2017,376,412764,1818.4962710285354,226.98094385782935
2017,377,343752,2976.797354216165,115.4771249420554
2017,378,535626,4294.10640632098,124.73514843776383
2017,379,409720,402.62715224323017,1017.6164168691856
2017,380,426524,4133.382301090634,103.19006782592004
2017,381,738057,369.9384421663032,1995.0805752385465
2017,382,113941,2076.2616443248016,54.877958330272726
2017,383,285923,4198.106363806127,68.10761215224994
2017,384,181373,3142.9428161205688,57.70801780729638
2017,385,236155,3439.0876829675076,68.66792061440766
2017,386,419362,5356.709986809598,78.28723246780955
2017,387,111713,2691.425838143071,41.506995443380134
2017,388,263679,3784.6101568029308,69.67137672714598
2017,389,108511,3587.084774466333,30.250469900350677
2017,390,283363,5321.3427535227165,53.25028157835057
2017,391,289206,5946.822447974547,48.6320219798225
2017,392,231462,280.661579147758,824.7014098005334
2017,393,208070,5511.209201890556,37.75396512413719
2017,394,371493,5797.480618334235,64.0783513488898
2017,395,401656,2122.8608317480403,189.2050547982752
2017,396,129265,3887.06670035068,33.25515355533726
2017,397,168388,3068.809991104953,54.87078068960873
2017,398,105726,3770.858688372714,28.037645729340568
2017,400,259129,2290.2578951900387,113.14402650645519
2017,401,147796,1305.9838613844763,113.16832035222943
2017,402,759245,356.47530360631646,2129.8670407711993
2017,403,340901,3566.820288556525,95.57560303604782
2017,404,191386,1940.4553078188355,98.62942951009111
2017,405,316124,303.10466808871485,1042.9532543770476
2017,406,50731,221.473180374842,229.06159524208798
2017,407,107767,989.1256189130642,108.95178321073475
2017,408,33626,700.2087208906515,48.0228237620754
2017,409,66784,1149.7050889195457,58.08793980616487
2017,410,506456,2661.778428691826,190.26978148925267
2017,411,135258,1754.3073756904214,77.10051378354842
2017,412,48925,774.7473168099966,63.14962173918524
2017,413,32849,1120.5307099855231,29.31557315410338
2017,414,24591,597.0854676275849,41.18505864446518
2017,415,64714,808.4868465605543,80.04335540560093
2017,416,38057,454.9770567892665,83.64597605990275
2017,417,38634,701.7636933156722,55.05271983716232
2017,418,29407,429.04013969942764,68.54137242403856
2017,420,222245,3166.234234558995,70.19221685313977
2017,421,228265,2278.7509397337876,100.17110515231067
2017,422,154293,2622.9366883719836,58.82452317054106
2017,423,172703,2011.5780828223235,85.85448483197375
2017,424,134236,2109.751760784995,63.62644292807869
2017,425,77901,1076.828025759313,72.34302798264281
2017,426,65550,1327.5918291452967,49.37511557464245
2017,427,183667,2875.2340717216916,63.87897312653231
2017,430,840772,2612.7745357253843,321.7927871325401
2017,431,426123,2315.72926236669,184.01244347730858
2017,432,808361,230.74097962776955,3503.326549553724
2017,433,179234,1939.0530612812988,92.4337778985608
2017,434,164450,1003.2069198440107,163.92430788413066
2017,435,294174,2057.0379853235668,143.00854048338206
2017,436,336774,150.50129437028804,2237.6817515696125
2017,437,192287,2515.5492621622393,76.43936968052846
2017,438,64231,938.4502109126734,68.44369499105686
2017,439,174692,1414.7992567156305,123.47476093925631
2017,440,853396,1923.7493386129886,443.61080878410763
2017,441,1192357,412.6961988908473,2889.188229027917
2017,442,568371,1236.4470404252925,459.6808285492771
2017,443,270135,145.20636956560628,1860.3522752350696
2017,444,337009,1305.5729076815137,258.1311223732985
2017,445,157638,104.67877304784834,1505.9213574078115
2017,446,453876,2185.255716256141,207.69926220698633
2017,447,191876,162.01857399657518,1184.2839698370383
2017,448,330901,2717.8608713221656,121.75052942979588
2017,449,90873,211.18770168722884,430.2949427168058
2017,450,600891,881.6723184385622,681.5355177127204
2017,451,343625,2120.4231488677588,162.0549182286966
2017,452,800393,347.6156944012914,2302.522621651304
2017,453,493891,2565.4551340724433,192.51593740249504
2017,454,479950,265.13440126645486,1810.2139809373875
2017,455,99375,184.1374607913244,539.6783444983946
2017,456,342375,4004.4013135916684,85.49967228257488
2017,457,155574,1861.63509906447,83.56847165063702
2017,458,366152,3353.993932161483,109.16895122825495
2017,460,553382,1964.8980323891446,281.6339529472355
2017,461,545955,2823.0654066730413,193.39084341067513
2017,462,948747,420.99273134689963,2253.5947282620155
2017,463,661682,1730.3189056644583,382.4046525954752
2017,464,131624,94.29590251013491,1395.8612887325944
2017,465,485092,2153.0635925750826,225.30314556098446
2017,466,146108,137.64029140081843,1061.5205657660445
2017,467,331552,3105.9622669284104,106.7469503832327
2017,468,316437,300.3553279927199,1053.5421566008308
2017,469,304681,2985.8633875385285,102.04117216868768
2017,470,116883,1383.4103219754186,84.48903274994998
2017,471,295979,2101.9268119960834,140.81318070200797
2017,472,213174,2099.190804569746,101.55055916591276
2017,473,316266,2537.4440596398395,124.63959502811277
2017,474,267395,2303.768176521031,116.06853620306487
2017,475,164859,2574.927153213038,64.02472388171687
2017,476,127932,1509.0289126619039,84.77769970247284
2017,477,185222,237.45722660317924,780.0225861709787
2017,478,185218,1808.1605873440883,102.43448579534463
2017,479,316080,3698.8860710686304,85.4527535931061
2017,480,1153899,1303.0560665783282,885.5328865702631
2017,481,1555681,1811.381790741917,858.8366118899839
2017,482,887804,192.78009706224822,4605.267937557528
2017,483,1000242,722.44442181361,1384.524497384882
2017,484,450187,3073.2734077944597,146.48452651763174
2017,485,182724,115.39243436026312,1583.5006949374435
2017,486,396788,4258.5441490169305,93.17456532453633
2017,487,204999,2867.828556950554,71.48230653577892
2017,488,632918,4147.325899140493,152.60869663779457
2017,489,163030,97.72266361151804,1668.2926352488876
2017,490,748252,4188.071975931825,178.6626410195631
2017,491,108255,541.5704442805114,199.8908934992182
2017,492,347798,2581.6341695616443,134.72009477588193
2017,493,340783,2572.690025617672,132.4617410596063
2017,494,577756,2620.393317674455,220.4844578495363
2017,495,420852,201.6596467245524,2086.942067169458
2017,496,271228,4700.776543593977,57.69855203383752
2017,497,223949,7176.661070607785,31.205179929311328
2017,498,178840,8504.0418030702,21.030000103648796
2017,499,79546,5695.817268702658,13.965686792146384
2017,500,246153,3567.6612039189376,68.99562092095809
2017,501,181542,3851.867997616448,47.13089859578234
2017,502,228557,3673.5756047768605,62.216495477267564
2017,503,300301,152.80243142000705,1965.2894080890937
2017,504,102471,3472.8564056680225,29.506258834300738
2017,505,122003,4625.966864970531,26.37351359428235
2017,506,172181,4093.8945436914896,42.05799591621707
2017,507,78204,192.80292615002514,405.6162505497835
2017,508,32808,2253.0236717384887,14.561764446391518
2017,510,86966,3967.9983485540597,21.91684379901278
2017,511,86383,131.490461959583,656.9525934630304
2017,512,44380,1416.7781026692098,31.324594808734044
2017,513,46620,1515.305943162988,30.766064246199228
2017,514,47383,1921.0764098922293,24.66481799266805
2017,515,146762,3380.330807043386,43.4164608073864
2017,516,23143,1118.1383325146323,20.697796799393014
2017,520,143261,2335.485425630513,61.3409950787099
2017,521,58083,2326.092730999912,24.970199694073244
2017,522,177596,2215.252756892771,80.16963276421126
2017,523,162581,2709.497220928611,60.00412133446644
2017,524,138268,131.64224918124256,1050.3314920549194
2017,525,112172,3356.6683175309536,33.417659830778206
2017,526,103988,1894.7863149359407,54.88112257318876
2017,527,172241,1886.5285112037895,91.30050194157596
2017,528,104708,110.76010938918468,945.3584018419573
2017,530,642874,2737.1990194512596,234.86564017872558
2017,531,690683,1672.3463367838112,413.0023696696066
2017,532,823419,160.88560757345428,5118.04015548164
2017,534,125869,58.40824252840328,2154.9869427896465
2017,535,559377,4921.537095117451,113.65900311001326
2017,537,291412,118.88820204872876,2451.1431326092293
2017,538,59921,1357.2256634046562,44.149621994094716
2017,539,199739,3259.8861273690036,61.27177214045995
2017,540,148744,1566.7485656659685,94.93801574777525
2017,541,257075,4340.665724309836,59.224786317973106
2017,542,126521,1380.042928831314,91.67903212050368
2017,543,182776,165.1433183642436,1106.7719954425609
2017,544,387504,7580.461539217786,51.118787160284946
2017,545,87731,6096.633529337548,14.390072747169492
2017,546,249842,4473.189854518813,55.85320724708561
2017,547,266469,4611.733807187976,57.78065498591312
2017,548,177331,7742.343923822052,22.904045821883297
2017,549,485959,3076.9068637261717,157.93750721836855
2017,550,684097,4525.644791571771,151.16011784089022
2017,551,793815,305.81376312546666,2595.746482719028
2017,553,1004765,4550.262874456648,220.81471504434347
2017,554,1080992,302.13202236297235,3577.8796022532447
2017,556,15658,3198.641867883092,4.8952026037108975
2017,557,168555,10587.287261142623,15.920508799135849
2017,558,117067,567.4714279613368,206.2958489744017
2017,559,334763,4733.7648926000065,70.71812977516346
2017,560,262062,5320.9195037827685,49.251261894432695
2017,561,89990,5111.14832021749,17.606610953557837
2017,562,142631,7308.04561617683,19.516982718919692
2017,563,314357,5995.183971421204,52.43492134662205
2017,564,146019,5682.255446965586,25.6973663649663
2017,565,174564,7334.150394512563,23.801529912804813
2017,566,91908,9599.228498354898,9.574519453907266
2017,567,69606,7865.748410543246,8.849253289960323
2017,570,182295,5973.448197570795,30.5175493233763
2017,571,177850,176.3029037397301,1008.7752171260538
2017,572,72022,6662.482676087081,10.81008439369016
2017,573,83269,10662.851229986196,7.80926210110012
2017,574,61910,9318.785899858101,6.643569308845556
2017,575,53809,14941.767944923151,3.6012472016929555
2017,576,21681,11801.888809383978,1.8370788227356365
2017,577,202228,17491.145076681565,11.561735901990865
2017,580,88753,6332.981483232161,14.01441015341532
2017,581,120065,71.21125272276507,1686.0397115527387
2017,582,99185,6261.088883475903,15.841493683593342
2017,583,51068,8337.672225359907,6.124970929496521
2017,584,46222,11583.350692924801,3.990382508943008
2017,585,149691,10294.793131566837,14.540457305645488
2017,586,48479,10606.109304316415,4.570856155543323
2017,587,98371,11481.430002326753,8.567835189524716
2017,588,42765,4522.859905340611,9.455300605155362
2017,590,85991,25790.312966598398,3.3342363898944862
2017,591,136413,815.7184945844334,167.23048564627115
2017,592,38734,17038.287563338647,2.273350526337172
2017,593,35317,21481.2923319124,1.6440817179110498
2017,594,130169,21638.37830850506,6.015654137483884
2017,595,31199,13893.53794522648,2.2455763336162553
2017,596,80534,6300.62363990771,12.781909316072028
2017,597,172578,15039.375596242717,11.475077465524242
2017,598,199595,12936.256034538519,15.429116389402093
2017,599,119915,8294.418081759539,14.457313197619982
2017,600,1649237,1146.9939187646562,1437.8777193311307
2017,601,1443048,1248.744484120412,1155.599098414798
2017,602,79756,8.179075571113481,9751.224243688239
2017,603,63444,7.169368391401864,8849.31510509177
2017,604,1456317,1763.024889062463,826.0331485021953
2017,605,1040963,1219.6354317034088,853.5034100691341
2017,606,2706243,225.00615718879607,12027.417532975645
2017,607,109339,15.59710039196483,7010.213260942288
2017,608,154749,25.91719464532143,5970.900867850498
2017,609,164671,2663.930939000579,61.815040919108526
2017,610,304409,3449.29658897029,88.252486310803
2017,611,230341,197.19325176131764,1168.097781960634
2017,612,211244,1997.359509459051,105.76163129351293
2017,613,146566,2446.3726339845493,59.911559655275994
2017,614,143139,3374.543610928682,42.417291492821406
2017,615,205457,2060.047490152742,99.73410854949098
2017,616,171791,164.8691384792992,1041.9839733775882
2017,617,237921,2642.521654220923,90.03559142834901
2017,618,296288,2194.5559072258675,135.0104588470188
2017,619,106133,2012.5329230759887,52.73603168577464
2017,620,302872,2749.797605273038,110.14337906877576
2017,622,458394,3279.274406538438,139.78519122584655
2017,623,109600,3082.1046343507505,35.56011654454664
2017,624,148427,3853.698650160283,38.515466172692726
2017,625,180594,2237.8706486810497,80.69903419415148
2017,626,160267,3621.935248261973,44.2489964658827
2017,627,141817,145.05546116312865,977.6743244469321
2017,628,208216,4709.729101749804,44.20976143248698
2017,629,223265,3696.5319058404866,60.39850478423934
2017,630,725892,2141.632455581992,338.9433131292072
2017,631,920691,304.207621004917,3026.52181085601
2017,633,508921,3006.901430848537,169.25097536582177
2017,634,67433,3031.896176527504,22.241196951945916
2017,635,61404,3103.7176464475638,19.784016136352307
2017,636,134572,3569.7002587107645,37.69840329636027
2017,637,128710,1970.4283237551133,65.32082311662721
2017,638,119593,2747.206869246258,43.53257897641044
2017,639,84442,3016.352066894394,27.9947426982357
2017,640,623478,2899.2592073662827,215.04734672081076
2017,641,569347,399.01583880355753,1426.8781953798568
2017,644,103070,4824.562569675771,21.363594836106916
2017,645,87129,180.1422890425762,483.66766328481185
2017,646,71378,4545.701164755587,15.702308051707979
2017,647,114396,4492.711820971703,25.462572396922166
2017,648,198261,1712.043940956713,115.80368660935719
2017,650,156401,3785.8590641436767,41.311891792616514
2017,651,69323,219.15270144034758,316.32281758055086
2017,652,272750,3808.320773075545,71.61949222563283
2017,653,103836,2734.6717762277826,37.97018746550703
2017,654,94525,2597.009313218936,36.397636126625336
2017,655,124005,3720.6189690909096,33.329131800427064
2017,656,211606,5181.85320128984,40.835969638686045
2017,657,295316,5418.991800249671,54.49648401136053
2017,658,228978,227.77565530178816,1005.2786356672701
2017,660,506599,4785.7394421663885,105.85595102324979
2017,661,155507,140.94906009312695,1103.2851151845528
2017,662,390614,171.5964943775167,2276.3518649783086
2017,664,86811,3014.633037498969,28.796539718154566
2017,665,132970,3342.081623472684,39.78658063468653
2017,666,163517,303.88872983028034,538.0818172866202
2017,667,115480,3972.104297819853,29.072751202274038
2017,668,58960,4323.786583465151,13.636195696030057
2017,669,24385,3612.674748563534,6.7498464979987265
2017,670,185290,6782.480851789475,27.318912363919683
2017,671,113071,4301.79760569403,26.28459317805532
2017,672,417021,267.52223229036423,1558.8274530670492
2017,673,59330,2385.623842750196,24.86980509534276
2017,674,135696,7248.535344475573,18.720471592018914
2017,675,120904,7158.623999685158,16.889279281230227
2017,676,58953,6938.667751638995,8.496299593834078
2017,677,30600,8414.784956197993,3.636456565353018
2017,678,117348,12877.329202116394,9.112759187729223
2017,679,30825,1682.3338691389981,18.32276016399523
2017,680,210251,3133.2913344373,67.10228241120721
2017,681,621426,288.72985229481077,2152.274851598948
2017,683,81125,4350.452644475865,18.647484900912833
2017,684,71514,3276.8607289996444,21.823936356865463
2017,685,285827,264.7607396263385,1079.567160914389
2017,686,74601,4476.054933489123,16.66668553190608
2017,687,127062,10350.930549787427,12.275418078484686
2017,688,168375,9249.96301649705,18.20277548134062
2017,689,72453,5391.089785904566,13.439397761364342
2017,690,25268,5327.477743738278,4.742957402252704
2017,691,78284,14463.362103879663,5.41257277787445
2017,692,8557,4816.556851801895,1.7765802965242252
2017,693,69435,12353.472650718562,5.620686746407391
2017,700,578436,1477.8332722130851,391.4081587388951
2017,701,426774,235.95909823129554,1808.6778734069449
2017,703,280932,2271.6845880799365,123.66681601579563
2017,704,446033,2837.1393249294015,157.21222996727485
2017,705,642161,4869.653413692368,131.8699598198073
2017,706,270669,4914.617443412376,55.07427650606023
2017,707,421834,3292.5026504730504,128.11956277070666
2017,708,380879,231.61084018994225,1644.4782968173859
2017,710,178430,4961.226590999053,35.96489632699263
2017,711,306897,562.2195666708038,545.8668075486908
2017,712,336571,5964.084016627301,56.432974294404964
2017,713,201624,4326.260985991531,46.60467795467268
2017,714,191875,6412.652757557809,29.9213145096404
2017,716,158701,5305.869817658573,29.910458690830293
2017,717,104063,3908.0976219376753,26.627533410591848
2017,718,125604,4121.107253045855,30.4782167237137
2017,719,171094,3924.3906116745534,43.59759690868119
2017,720,399824,6194.055616271994,64.5496302857935
2017,721,320960,4355.164579024461,73.69641127819186
2017,722,217401,293.4793289041544,740.7710819421959
2017,723,165322,4288.192625823227,38.552839022305406
2017,724,228619,4238.292119905296,53.941303131580376
2017,725,105765,3284.733449684983,32.19895970863122
2017,726,137127,3743.2990445994637,36.63265968500059
2017,727,488802,2647.819282745006,184.60549901776406
2017,728,124909,2964.846636418929,42.13000378018559
2017,729,229625,2778.827607704933,82.63376949448477
2017,730,736234,8000.494122209312,92.02356613902383
2017,731,678277,401.30486487488497,1690.1788624253702
2017,734,94366,2898.298015521078,32.559108654336974
2017,735,210553,5746.379732371098,36.64098263710126
2017,736,60160,4961.971857524407,12.12421225420142
2017,737,109198,5687.638588158961,19.199180522359182
2017,738,33360,5141.358381293034,6.488557600143423
2017,739,28837,5120.585864592492,5.631582159260387
2017,740,626200,6149.789119305968,101.82462973147761
2017,741,421994,264.47352615118103,1595.60015757031
2017,743,129251,2745.645616246057,47.07490261496911
2017,744,224707,3762.031036340123,59.7302355640865
2017,745,84147,4887.266335579849,17.21760064259244
2017,746,54761,2353.2338116786987,23.270530844929425
2017,747,90181,3269.3053026180946,27.584147594836764
2017,748,201164,4777.417327184257,42.10726972821594
2017,749,113175,2983.501214685123,37.93361954838166
2017,750,2351356,1492.9409537302588,1574.982583286303
2017,751,794881,3649.1575787709135,217.82589072728584
2017,752,1371575,357.2727084251197,3839.0141974347493
2017,753,0,0.0459797523205304,0.0
2017,754,350268,6302.17926822242,55.57886964056417
2017,755,127142,2088.456655946202,60.87844803386484
2017,756,338563,4222.7990557810435,80.17502029524817
2017,757,362990,3281.845423079887,110.60545309271383
2017,758,126757,4653.578368745158,27.238608648204664
2017,759,260994,6670.164832741998,39.12856826548761
2017,760,1240949,2996.7745862964066,414.0948757622905
2017,761,995394,509.6481815770166,1953.1002679533328
2017,762,501972,3635.8384487904214,138.06223985749344
2017,763,173930,4869.95399207618,35.714916461838975
2017,764,145933,8231.938764129121,17.727658596770265
2017,765,503579,4932.4694370137395,102.09470254819894
2017,766,160462,4853.665291714667,33.059964038705516
2017,767,181408,332.6394288380179,545.3592817715498
2017,768,86525,9975.53571858446,8.673719631799182
2017,769,136365,10070.255412652565,13.541364584324942
2017,770,3155878,848.3158733669814,3720.1685116114377
2017,772,0,0.0,
2017,773,1239097,3898.322688320133,317.8538820586841
2017,774,1217894,5348.5050630344695,227.70736601098568
2017,775,1242710,2847.7101827512447,436.38921106760466
2017,776,273102,2324.892562812006,117.46865397929504
2017,777,145307,417.0504129147049,348.41591208235576
2017,778,320659,4152.423176188675,77.22213907261704
2017,779,172470,4858.247065545481,35.50045884309821
2017,780,582032,11135.155282381502,52.26976950388064
2017,781,433970,4329.7189902721375,100.23052326837579
2017,782,1758696,889.8498714657776,1976.3963072816346
2017,783,236613,6974.044142815876,33.92766021473216
2017,784,323792,316.6914381844053,1022.4210728787058
2017,785,1345518,3948.640748340911,340.75472694378243
2017,786,1013317,7440.91122954531,136.18184234969306
2017,787,1070203,553.6262420062787,1933.0785262665759
2017,788,181205,11257.386447558521,16.096542554004564
2017,789,68876,2756.7908006020916,24.984122837669535
2017,790,224909,19508.787945994973,11.528599348283569
2017,791,227906,700.8309450129132,325.193973841724
2017,792,32024,8070.569461851748,3.9679975683713735
2017,793,147496,10462.51941727543,14.097560455320023
2017,794,272979,463.31871946175346,589.1818925795295
2017,795,93846,9032.61633969919,10.389680738186353
2017,796,132679,540.2674637907172,245.58021515690552
2017,797,436291,13194.632519677802,33.065793939265674
2017,798,69982,9678.818327176226,7.230428099213749
2017,799,788059,906.6001229798144,869.2465178692087
2017,800,850763,439.4912233506441,1935.7906479084031
2017,801,702836,3395.410327209471,206.99589512576765
2017,802,1101116,256.6676420518096,4290.046034621437
2017,803,129969,163.75736748083722,793.6681078804525
2017,804,219981,9078.835283644641,24.230090438615164
2017,805,547530,2933.302377777853,186.65992437328802
2017,806,282382,3099.956967456404,91.09223223563062
2017,807,68019,9500.28464868359,7.159680211205575
2017,808,119408,9990.742041423377,11.951864987096393
2017,809,571252,867.3750836614909,658.5985818137032
2017,810,230859,18706.770967816567,12.340932617241831
2017,811,72821,9855.409096602687,7.388937312110416
2017,812,86578,7437.235769715461,11.641153068260516
2017,813,68812,4702.504759667638,14.633052706333354
2017,814,84067,5695.89460657717,14.759226742525408
2017,815,145770,2260.324464103529,64.49074118118439
2017,816,154440,15141.730198412424,10.199626989536023
2017,820,134967,5195.849496329206,25.97592561049974
2017,821,842,3124.69405946653,0.2694663810202757
2017,822,24720,6599.446532291769,3.745768660908533
2017,823,16054,3707.7857547507533,4.3298078858602205
2017,824,53922,8416.101575254435,6.407004420971456
2017,825,39265,5351.836404702723,7.3367339789193435
2017,826,97155,8009.0596929327,12.13063751862542
2017,827,62558,8784.71744379529,7.121230751045404
2017,828,37712,4372.47772856892,8.624858110447795
2017,829,70813,5791.192431229226,12.227706269634247
2017,830,21806,2131.916527540397,10.228355434327296
2017,831,23126,3353.5316298405833,6.896013681284211
2017,832,174036,15236.229665020937,11.422510937830554
2017,833,192164,8512.313446176702,22.574826598556506
2017,834,208925,9081.935590945102,23.004457354696836
2017,835,69735,6580.617337270694,10.597030100054797
2017,836,477479,14419.273593480395,33.11394273119901
2017,837,272677,1238.1849861723417,220.2231516656804
2017,838,262290,6769.708068177318,38.744654475273286
2017,840,1387282,11174.807742901301,124.14370179041862
2017,841,617145,413.8526132266378,1491.2192898538817
2017,843,187241,4702.354929441481,39.81855959610421
2017,844,197847,202.7902017473337,975.6240602122746
2017,845,55314,10159.908483298032,5.444340378747624
2017,846,304934,3562.41184748333,85.5976268480639
2017,847,243049,9824.164031262664,24.739916722335284
2017,850,1429146,543.9440551367502,2627.376816611601
2017,851,430134,3414.9443640392255,125.95637121631867
2017,852,1544422,1525.9041770914814,1012.1356394369503
2017,853,1371155,13608.193062408496,100.75951992389804
2017,855,96434,6900.583998941192,13.974759239913114
2017,856,303074,14374.460492461882,21.0842000059018
2017,857,895513,1685.4264725327566,531.3272424481843
2017,859,78649,5766.081612672747,13.63993874577573
2017,860,184796,17617.4478138837,10.489374054190112
2017,863,219015,7066.320006802751,30.99420912004468
2017,864,197340,9606.883218853662,20.5415216886073
2017,865,62929,7992.895372602259,7.873116945294394
2017,870,198528,10508.901682965656,18.891412822122298
2017,871,749836,856.5382382452087,875.4261824156155
2017,873,73143,4900.462371652587,14.925734441530652
2017,874,123869,3949.16447658581,31.365875170407957
2017,875,232929,6509.395735150476,35.7835057933554
2017,877,38750,8379.54270396572,4.62435736280228
2017,878,17298,8220.352266439286,2.1042893831474174
2017,879,16326,3512.0129130892747,4.648616165149333
2017,880,276167,14288.112439873525,19.32844531859273
2017,881,71768,8025.574763197252,8.942412489770247
2017,882,191720,13193.352680617962,14.531560297152616
2017,883,75100,9659.687248773573,7.774578831166087
2017,884,16413,9846.737411928521,1.6668465211753272
2017,890,633846,13551.054151075916,46.77466364856009
2017,891,1527625,1810.9963234901995,843.5273888662132
2017,893,11877,6773.882767033569,1.7533518675288793
2017,894,298459,16270.862254967009,18.34315817582989
2017,895,292888,1144.8132923832072,255.83909791113834
2017,897,64786,222.96213675102712,290.56951527309735
2017,898,58685,9355.099882957473,6.273049003667893
2017,900,2485570,219.70608291008026,11313.159686239895
2017,902,1258630,295.6464302833575,4257.21358716791
2017,903,134579,10.60933951398288,12684.955535886827
2017,904,94821,8.73664099645493,10853.25584952793
2017,905,177157,23.65940457895803,7487.804665953351
2017,906,744426,109.98381607615106,6768.5049178923855
2017,907,634470,171.79127242256368,3693.26096170568
2017,908,480486,58.540433518176116,8207.762927666306
2017,910,287707,114.43285825614511,2514.199194046173
2017,911,171686,28.94497241974063,5931.461861850288
2017,912,211053,33.374274664866,6323.822828191115
2017,913,1433396,783.6286860525929,1829.177549919093
2017,914,321604,33.74270206005041,9531.068360431107
2017,915,108337,21.23065993471921,5102.855979659534
2017,916,216086,21.333013384827506,10129.183163297736
2017,917,1988452,632.0714799489739,3145.9290018282813
2017,918,85065,7.59363042762491,11202.151699474545
2017,919,578521,801.5422102943221,721.759868126683
2017,920,1308215,3097.3623763582373,422.3642057466167
2017,921,1391666,348.8760383406205,3988.9985182681576
2017,922,802394,8383.916884311224,95.70634001650414
2017,923,1167630,7869.163345097334,148.3804502199665
2017,924,248316,142.84563013601198,1738.3520921400486
2017,925,1482270,1792.0657413513836,827.1292541322904
2017,926,1363423,496.4633036881549,2746.27145626137
2017,927,502087,56.11590888821076,8947.320108460046
2017,928,1281648,330.2277777669608,3881.1029425406155
2017,930,709822,1343.655204846171,528.2768953224605
2017,931,195305,365.2786308603908,534.674036474489
2017,932,791061,7582.0583162963885,104.33327824711455
2017,933,554795,1030.8941259742792,538.1687469367171
2017,934,511501,4612.3849407122325,110.89729208963537
2017,935,538134,7084.501302720118,75.95933390447422
2017,936,608663,6688.584723997437,91.0002676375208
2017,937,593991,378.1276599604901,1570.8742387744526
2017,939,399075,1993.4824310603956,200.1898756578053
2017,940,868408,472.2649161988112,1838.815398335503
2017,941,864365,49.57471333119284,17435.602586856192
2017,943,112061,24.7071504301107,4535.569584075985
2017,944,141274,18.827115344319083,7503.751765276575
2017,945,2442014,2618.1265618489597,932.7333657527288
2017,946,438386,63.23615536913279,6932.521394461429
2017,947,147361,17.292453624605706,8521.69409841977
2017,948,175148,41.3644150433958,4234.267541708267
2017,949,391672,761.258708588701,514.5057725856713
2017,950,868847,2314.2274787082565,375.4371633703738
2017,951,1046717,429.87118389214567,2434.955026579824
2017,952,515923,2188.3482839368858,235.75908998902287
2017,953,1074900,5558.364464345223,193.38422424349312
2017,954,519822,4877.098353723818,106.58427661256812
2017,955,166011,4228.772780518182,39.257488783698015
2017,956,1219313,4049.3228571697096,301.1152834704427
2017,957,345054,914.4763233543646,377.3241484638085
2017,958,843546,220.13014811122133,3832.0330369913536
2017,959,524439,6009.689022210784,87.26558030902481
2017,960,299093,11618.697009484858,25.742387442915252
2017,961,107849,5984.937890815671,18.02007004375137
2017,967,999522,4643.546924775642,215.24968223472686
2017,968,422084,99.16829330261533,4256.239428382585
2017,970,815425,4982.495861732617,163.65793823588714
2017,971,337860,2135.380267144997,158.22006281425402
2017,972,906895,295.4534425700268,3069.5022271911844
2017,973,623094,3926.1295795553024,158.70439000400376
2017,974,567639,8249.57497573304,68.80827214368833
2017,975,294955,3086.9558857957873,95.54882250089669
2017,976,70819,6307.816299497444,11.227181743647527
2017,977,231023,12203.592979964476,18.930736249503504
2017,978,146207,15271.76827881274,9.573678524368393
2017,979,31181,9348.878059210874,3.335266521021662
2017,980,1473876,2099.1858021555304,702.1179347185769
2017,981,955650,188.78570551315144,5062.088770981796
2017,982,923983,5541.745450693749,166.7314040713166
2017,983,749604,5323.435118147189,140.81208531022693
2017,984,421357,164.64850472602035,2559.1304379055837
2017,985,493842,5445.074781796915,90.69517312249447
2017,986,607987,3926.4039490891223,154.84575909237395
2017,988,227613,10480.517843992036,21.717724580802017
2017,989,292948,5371.731628946106,54.53511460278857
2017,990,148394,2242.7448165251494,66.16624366115705
2017,991,118236,11976.130423106484,9.872637974272395
2017,992,356602,336.7241087259405,1059.03316917007
2017,993,377604,7673.362363660732,49.20971825705054
2017,994,22300,667.725765320753,33.39694401231893
2017,995,326162,54413.04079674755,5.994188070068229
2017,996,200587,44803.56657617502,4.4770319715275795
2017,997,138368,81411.54858461337,1.6996114483216118
2017,998,50935,14009.563628405402,3.635730658785518
2017,999,21998,7496.699721726804,2.934357893013346
2018,006,1107100,1690.8650346903994,654.7536185835862
2018,007,1259961,1495.3326967171333,842.59576665857
2018,009,1017718,247.1571047904395,4117.696721131713
2018,010,476701,1312.60496890372,363.17171677183114
2018,011,170426,42.627091908422834,3998.067716327722
2018,012,126889,917.2782112109767,138.33207684338547
2018,013,82620,805.8971817377586,102.51928145702934
2018,014,219839,488.6077364575314,449.9294292674546
2018,015,387072,829.9551731172127,466.37699545410834
2018,016,192722,58.63333681671193,3286.901453390753
2018,017,402330,391.1757955031819,1028.514556946117
2018,018,754115,408.72137452316286,1845.0588763061207
2018,019,499779,372.31916955721346,1342.3402308142506
2018,020,418084,399.80081308626666,1045.7307396965907
2018,021,1383842,162.70859888577746,8505.032982131857
2018,022,28840,2.1226900941144358,13586.533465230943
2018,023,457334,542.3120162818249,843.3041980805675
2018,024,428015,111.06917792456882,3853.5893395256853
2018,025,118248,348.3705056189614,339.4317202310364
2018,026,146672,295.39130709539484,496.5345847250446
2018,027,536605,623.9050998635734,860.0747134737913
2018,028,673597,980.3424573332422,687.103771708857
2018,029,383014,114.52032838694237,3344.5066513070824
2018,030,388969,918.0694138680851,423.6814712747743
2018,031,152650,106.42640797971194,1434.3244585413393
2018,032,189727,2411.836243122713,78.66495934000557
2018,033,62163,197.2612626381376,315.1302955716846
2018,034,83755,786.1249789500989,106.54158339028754
2018,035,45207,2501.9160039565722,18.06895192664697
2018,036,13474,208.84636705367745,64.5163245599428
2018,037,78062,862.0462689996974,90.55430411012823
2018,038,329666,1615.1459873338533,204.1091038118386
2018,039,50061,212.25237817426486,235.8560145738324
2018,040,347663,2089.0493796966407,166.42162860242468
2018,041,114815,85.35184601603959,1345.1964469335976
2018,042,175999,2199.0721240894886,80.03330044159931
2018,043,81327,780.7768052878179,104.16164958950134
2018,044,173950,7109.19794303239,24.468301683804654
2018,045,47793,574.6138302730037,83.1741205694495
2018,046,73175,2994.602483243599,24.435630575160882
2018,047,68507,4677.873316223958,14.64490279426801
2018,048,40290,394.4633806602511,102.13875856502261
2018,049,159141,5271.96246218868,30.186292323092886
2018,050,60386,1251.2930215792096,48.25888018122974
2018,051,28720,496.8296804375854,57.80653034799512
2018,052,32419,451.20150992843804,71.85038012204735
2018,053,36294,778.5273366813558,46.6187868941265
2018,054,241248,1950.618367840562,123.6777034285155
2018,056,84746,1178.7222775756115,71.89649471485771
2018,057,79941,1512.482120046017,52.85417853241651
2018,058,57737,1515.9387574657258,38.08663095105634
2018,059,3486,409.57339132731204,8.511295103187381
2018,060,674198,1186.2997078122637,568.3201264909139
2018,061,293910,85.17541543843923,3450.643574640669
2018,062,164614,675.4061968759044,243.7259248751686
2018,063,263446,656.7245102388157,401.15146593843247
2018,064,717951,1045.1007521965478,686.9682166920668
2018,065,289393,115.92469530301031,2496.387842500416
2018,066,242428,88.17666814918626,2749.3440735346867
2018,067,326097,703.2850113361899,463.6768802742428
2018,068,480903,386.0600935144073,1245.6687652489866
2018,069,128747,37.61308472898911,3422.9311668439755
2018,070,1734010,363.44583125339193,4771.027346826439
2018,071,399076,34.42351136476823,11593.122960966912
2018,072,185172,19.1991855602923,9644.78411953954
2018,073,261624,15.9467417155505,16406.11007983385
2018,074,464867,495.03847811466346,939.0522566456441
2018,075,198075,21.170819796707203,9356.03825935959
2018,076,503233,123.14091498860074,4086.643339028175
2018,077,594751,393.4370499001754,1511.6802043704397
2018,078,357089,868.8284053602325,411.00060471888486
2018,079,257797,248.52913044432063,1037.2908782930608
2018,080,1158765,1644.3463254490462,704.696438983776
2018,081,154752,29.39817331051641,5264.000533823699
2018,082,245569,608.9212451813278,403.2853212846485
2018,083,237802,879.6134170383958,270.3483091477443
2018,084,55647,23.725502029987748,2345.4508962408977
2018,085,315774,609.7627831798495,517.8636819277021
2018,086,267931,124.7907724228589,2147.0417627683582
2018,087,464574,375.478717014265,1237.2845089442185
2018,088,912551,769.0580271463806,1186.5827646140767
2018,089,112786,22.07175928268136,5109.9687413000065
2018,100,1545806,21.486089551516287,71944.50140839665
2018,101,60988,0.6272622222128574,97228.87468791977
2018,102,15020,0.2061163569948726,72871.46065934807
2018,103,474101,55.65406565780903,8518.712773205583
2018,104,1441455,41.50944510853621,34725.95203889083
2018,105,656409,604.3469841651422,1086.1459016077947
2018,106,82937,21.093740597017828,3931.829900843921
2018,107,231180,24.36217417229851,9489.30084667352
2018,108,88271,11.96792785645159,7375.629353615753
2018,109,551970,683.2443293599379,807.8661999538065
2018,110,255830,44.17855476274714,5790.818676027052
2018,111,204828,7.0203125415623955,29176.47879454877
2018,112,2600747,68.74016416954086,37834.46012124023
2018,113,1166587,48.11278487854301,24246.92320232467
2018,114,784485,42.03801514817691,18661.323500522627
2018,115,727212,139.35311693482836,5218.483920529005
2018,116,125898,8.50542945627647,14802.074445176337
2018,117,1558881,589.0158062621236,2646.5860226954032
2018,118,73274,15.67366457425701,4674.975635267061
2018,119,252880,494.65973022381286,511.22010656817037
2018,120,333555,1938.384953062676,172.07882235826187
2018,121,281842,2256.401532392838,124.90773293400312
2018,122,151237,52.42517230598723,2884.8164602546844
2018,123,162065,134.31912036493355,1206.5668652361874
2018,124,150167,1506.3882769447416,99.68678215192226
2018,125,447908,1603.4531158108498,279.3396299420314
2018,126,84731,50.76290415255467,1669.1519410584367
2018,127,96428,1342.3146798551074,71.83710455316533
2018,128,224756,3657.795945161822,61.4457458451955
2018,129,160802,4116.535475618987,39.0624594279297
2018,130,384276,1905.6888471919458,201.64676965299716
2018,131,176334,1467.7165235298612,120.14172844216291
2018,132,226871,102.56676783837973,2211.934769724766
2018,133,140256,3297.451118323577,42.53467146809628
2018,134,182323,2086.882304189398,87.36621113418241
2018,135,70188,60.632971404800166,1157.587998308844
2018,136,231489,3896.2402184808507,59.41343115909262
2018,137,131972,1561.1087427446625,84.53735245116461
2018,138,135963,1706.6688694701222,79.66571748754818
2018,139,79982,116.5668296612035,686.1471675301135
2018,140,443513,1873.353770150932,236.7481289795398
2018,141,196168,855.8792931460623,229.20054448206218
2018,142,562780,154.70330982277176,3637.8019361364745
2018,143,64566,35.91865378112996,1797.561801548366
2018,144,303567,1649.9892671939817,183.98119674817923
2018,145,322891,1724.2548111315114,187.2640852822145
2018,146,471460,165.02410345238044,2856.9159906755385
2018,147,173616,2393.328989058011,72.54163585271803
2018,148,280053,3125.586291883937,89.60014981099721
2018,149,47622,66.86077599903297,712.2561664658032
2018,150,445235,918.264233150453,484.86588492339814
2018,151,367551,259.2913503413224,1417.5212536637578
2018,152,682422,212.4275496059519,3212.4929241328477
2018,153,183294,1199.3864847159982,152.82313277308776
2018,154,140205,886.9523734419366,158.0750040229509
2018,155,86658,1578.5305097565035,54.89789361965987
2018,156,302640,960.2719320705052,315.1607267614894
2018,157,109454,1133.6799715853579,96.5475290587851
2018,158,86287,1836.2418066886025,46.99108782171024
2018,159,137616,773.8847480887382,177.82492850501316
2018,160,196251,941.1464796389657,208.5233321759691
2018,161,214854,1168.225170771067,183.91488676638366
2018,162,87060,1211.974138651148,71.83321592727414
2018,163,143653,2060.004423436756,69.73431627896224
2018,164,128767,1433.381657756076,89.83441311896065
2018,165,183513,123.30459963199431,1488.2899790251067
2018,166,200731,1759.161497680073,114.10606716024525
2018,167,46701,1486.183437505633,31.423442639343094
2018,168,203856,1841.923588158046,110.67560093731107
2018,169,63979,2001.0019510583504,31.973482067901458
2018,170,635415,2637.0020906085942,240.96112864793082
2018,171,169379,129.5644735123676,1307.2950895280092
2018,172,210097,1607.684675046351,130.6829649252847
2018,173,340387,1231.696467782639,276.35623621847475
2018,174,179745,140.31724533740964,1280.9900847738393
2018,175,338796,835.2564451663935,405.6191388412544
2018,176,168280,89.06007074037493,1889.5111872363595
2018,177,168766,2364.1273643268078,71.38617087495902
2018,178,236192,1676.5609428242458,140.87886337261529
2018,179,121860,689.929693294824,176.62669281277942
2018,180,546082,817.9000663502522,667.6634743860619
2018,181,169935,60.28405387840357,2818.9046533394844
2018,182,136607,598.6533183538121,228.19049993015062
2018,183,175293,773.9640140180031,226.48727437594084
2018,184,195669,1691.8597735124629,115.65320191623944
2018,185,117927,62.912828472128716,1874.4507736167568
2018,186,175143,1390.1042683524834,125.99270715683441
2018,187,132010,191.05007009011933,690.9706965180917
2018,188,76162,1407.437947015951,54.11393103438672
2018,189,368169,489.90650283640514,751.5087019021321
2018,190,1125216,402.40162382530906,2796.2511415920126
2018,191,1575822,147.65651524414216,10672.214479628363
2018,193,447624,655.1149888233265,683.2754671114947
2018,194,531541,369.0450442415193,1440.3146940841623
2018,195,223021,805.9291949245683,276.7253021785293
2018,196,215316,102.64134227143845,2097.751210526745
2018,197,330881,324.2256848353851,1020.5267980789182
2018,198,219471,83.05505424735138,2642.476150173593
2018,199,399143,1606.0638728665326,248.52249449307527
2018,200,683439,66.01506720584838,10352.772918777746
2018,201,959754,1387.5640548469567,691.6826626111019
2018,202,0,0.1477587431639232,0.0
2018,203,1059,1.1832511460125057,894.9917382871544
2018,204,0,0.0177646705004307,0.0
2018,205,0,0.4281127964167295,0.0
2018,206,359404,1183.52927899949,303.67140583444314
2018,207,1013169,588.9034007053359,1720.433264244215
2018,208,720511,455.29940780487163,1582.4993128670849
2018,209,329283,62.13449401058516,5299.520101409432
2018,210,761382,773.4373132195628,984.4133286389034
2018,211,478378,718.184997076357,666.0930010337422
2018,212,1202665,292.4199251125922,4112.801135343054
2018,214,95049,54.3586596530137,1748.553047604999
2018,215,100825,1042.2787703317645,96.73515653389612
2018,216,169901,1808.3496209959542,93.95362380557057
2018,217,489484,1448.7993360712853,337.85493119242835
2018,218,180867,1302.3915908936299,138.87297896011364
2018,219,102517,373.6227676795248,274.3863834549131
2018,220,505866,197.5431541135338,2560.7872987046876
2018,221,475965,212.5894704681997,2238.8926363650617
2018,222,232228,26.045594504019213,8916.210377312134
2018,223,354713,59.10072548306033,6001.83833786726
2018,224,233511,1093.714223113169,213.50275516700316
2018,225,198992,1445.8137042015096,137.63322302294736
2018,226,193868,1202.1629613081086,161.2659899195751
2018,227,82556,1005.9969833005514,82.06386437575985
2018,228,171830,1497.8835438301455,114.71519311883493
2018,229,265980,1818.543631557164,146.25989466760794
2018,230,230913,2372.282316777709,97.33790888499774
2018,231,387516,1744.1135943854079,222.1850693942634
2018,232,572155,321.3158031173225,1780.662496052484
2018,233,270795,738.5357937576135,366.66469288132373
2018,234,584250,1261.1914519671411,463.2524261790049
2018,235,245592,59.772259492294715,4108.7956534696405
2018,236,383071,220.48625748556972,1737.3917284848062
2018,237,95311,35.560088253574044,2680.280187167999
2018,238,344629,3458.6451012057537,99.64277626514942
2018,239,103501,2600.993846099811,39.792866159679576
2018,240,362990,2000.4353610005514,181.4555006758351
2018,241,227578,2420.1352969257177,94.03523856252617
2018,242,186588,2598.451709383797,71.80737641810857
2018,243,151826,2634.1465201140304,57.63764423910161
2018,244,142324,2777.4240934758286,51.24316460504508
2018,245,383371,3987.4074766803933,96.14542838726004
2018,246,66369,1023.3193349329842,64.85658751316998
2018,247,59403,274.64908669020144,216.2869016455364
2018,248,35113,875.4168206908603,40.110035779629605
2018,249,53458,2077.0378582538515,25.73761464557112
2018,250,64940,1063.369947631436,61.06999745916104
2018,251,70929,947.5070023080607,74.85854967532897
2018,252,57964,1331.4578390929778,43.534236156877874
2018,253,114100,328.91150256854235,346.9018234660934
2018,254,189777,871.7638919384982,217.6931182341153
2018,255,139245,1520.6312707122606,91.57052250725971
2018,256,48567,736.7191028435365,65.92336185195214
2018,257,73819,96.72080398299366,763.2173943982056
2018,258,85970,704.1249297215866,122.09481069501805
2018,259,44373,869.8242466655419,51.01375383602288
2018,260,127280,619.5553806572752,205.43764766431522
2018,261,130462,1421.5479649593105,91.77460290883273
2018,262,83655,2840.793288924765,29.447760358397378
2018,263,87580,1221.790759368983,71.68166834494015
2018,264,58645,1304.9742432948126,44.939584287834286
2018,265,186487,1063.5489570611185,175.3440673904805
2018,266,31018,990.6404847039402,31.31105631047367
2018,267,53767,1116.6041760915089,48.1522469208405
2018,268,32234,1625.6468957723775,19.828414204724933
2018,270,289174,1960.005123884338,147.53736940591003
2018,271,264130,203.2865307601766,1299.2990682279994
2018,272,605274,2354.5145299059413,257.0695539620134
2018,273,391770,2619.5655666233965,149.55533275885477
2018,274,327578,234.0665821766311,1399.5077680623515
2018,275,1187921,4294.335641422565,276.62509388914066
2018,276,546672,299.18752398157613,1827.1884894293382
2018,277,290115,246.03045472533321,1179.1832857598158
2018,278,549092,5940.473314675371,92.43236538804422
2018,279,197040,3364.8575414126967,58.5581997380118
2018,280,720948,1811.3964535976027,398.0067414663035
2018,281,624444,2583.179278361089,241.73467371423854
2018,282,906423,410.6930079556241,2207.057296913952
2018,283,861551,5010.909031919977,171.9350709645369
2018,284,519693,4072.4015109557854,127.61339926868581
2018,285,511056,3772.3302092384874,135.47488466105565
2018,286,638283,4124.796665282218,154.7429005100616
2018,287,553927,5438.699337359137,101.84916753809188
2018,288,132096,138.19659833491778,955.8556548538695
2018,289,38437,683.556403428187,56.230912046511335
2018,290,452389,4270.117215948797,105.94299339379648
2018,291,366853,4245.7690221519015,86.404370583039
2018,292,342861,309.943135744503,1106.2061406084254
2018,293,409551,2119.755783848858,193.20669065772046
2018,294,825523,4232.9566872831265,195.02278454208616
2018,295,682232,5139.543340737564,132.7417544263951
2018,296,1021100,3806.7424348849504,268.23459098326424
2018,297,396834,1916.54149574357,207.0573482918711
2018,298,225772,2485.9823518168996,90.8180220326153
2018,299,232810,2160.214668518869,107.77169667106463
2018,300,2411266,1688.0334461097855,1428.4468151723916
2018,301,1268292,3575.372267783389,354.7300546654121
2018,302,1059906,3365.284622410659,314.9528550844404
2018,303,988584,359.2826062504585,2751.5498462813166
2018,304,226654,4985.804915703602,45.45986131268723
2018,305,677135,4260.794253645449,158.92224775243653
2018,306,405772,3428.78805951581,118.34268929917481
2018,307,370935,2026.689382334849,183.02508674154305
2018,308,208117,2098.3272052183347,99.18233890426305
2018,309,204430,187.40360758558313,1090.8541336731807
2018,310,543144,8636.312308115208,62.89073167139042
2018,312,163700,356.0059335823521,459.823796622571
2018,313,223920,2027.4469566198604,110.44431977313833
2018,314,254069,278.9609269753682,910.7691272564272
2018,315,341791,5415.322915453056,63.115534444801455
2018,316,196150,3066.5153096568292,63.96511355488747
2018,317,364178,4833.740963389016,75.34081837614004
2018,318,90286,2315.205156798909,38.996976028177514
2018,319,194323,187.43118130869743,1036.7698621071581
2018,320,655134,4811.813348208662,136.15116642957332
2018,321,600144,2546.796995103536,235.6465792734305
2018,322,975655,1004.6520559664162,971.1372153232467
2018,323,438554,4418.542163621888,99.25309836593624
2018,324,360677,4516.527545197505,79.85714609080898
2018,325,693086,2417.7806781380655,286.6620642091267
2018,326,374372,3105.758697105461,120.54123855433821
2018,327,1015702,1814.8591594062727,559.658855474099
2018,328,995980,504.0558545661102,1975.931815844767
2018,329,661697,1428.8957066001885,463.08278269965143
2018,330,1764685,1927.1101370288786,915.7156957934446
2018,331,2049009,686.0847012720917,2986.52483607471
2018,333,831395,365.8974625587069,2272.207612991046
2018,334,1557909,2521.0004400066323,617.9725220499769
2018,335,806134,1661.6771524594699,485.1327460372375
2018,336,792723,264.07541973264495,3001.8810565654617
2018,337,763105,230.19909579219953,3314.9782685890914
2018,338,767317,3481.3144866354487,220.41013615566263
2018,339,841891,2300.127809590312,366.0192257533522
2018,341,423469,2519.9581153739605,168.04604704199912
2018,342,840365,1974.7310906490952,425.55920853191793
2018,344,448911,1593.3407690704187,281.74199061127524
2018,346,695444,864.0312959100881,804.8828824741651
2018,347,764235,2128.517986141381,359.04559180419244
2018,349,478777,2239.7486968285407,213.76371406218158
2018,350,449114,3520.5069360014404,127.57083231601287
2018,351,333091,2718.867368142169,122.51094110103818
2018,352,500176,352.2839386613561,1419.8092649373089
2018,354,235696,3384.210108409016,69.64579398139242
2018,355,153511,3988.7548523785085,38.48594503331305
2018,356,382202,3265.948289824045,117.02634765861262
2018,357,241434,1860.5910234069765,129.76199334655712
2018,358,196225,273.40916717422095,717.6972229133858
2018,359,286983,2574.064238310982,111.49022457509024
2018,360,289336,6293.420185223225,45.974365525339124
2018,361,209833,324.2942772744369,647.0450288656403
2018,362,182071,2529.1622228364527,71.98866025913023
2018,363,241207,2650.8774770413493,90.99138005775043
2018,364,103006,4153.964677568698,24.79703319487278
2018,365,384955,4458.411578126567,86.34353137979217
2018,366,284904,284.8684473726705,1000.1248036687018
2018,367,105219,5051.5022531124005,20.829249345612197
2018,368,267593,2333.82432947497,114.65858703264063
2018,369,18074,1237.9008869157763,14.600522700190707
2018,370,1005062,5186.732345824177,193.77556677069956
2018,371,689886,3756.5533317481436,183.64866383487646
2018,372,458382,292.8121210163923,1565.4474903869798
2018,373,588696,5400.0039460554335,109.01769811298519
2018,374,207894,233.9326318722808,888.6917499970804
2018,376,413386,1818.4962710285354,227.32298470218487
2018,377,346099,2976.797354216165,116.2655561722417
2018,378,538565,4294.10640632098,125.41957488692535
2018,379,412724,402.62715224323017,1025.0774139312648
2018,380,426900,4133.382301090634,103.28103449016999
2018,381,736139,369.9384421663032,1989.8959288720632
2018,382,113701,2076.2616443248016,54.762365962299256
2018,383,285641,4198.106363806127,68.04043900903679
2018,384,183325,3142.9428161205688,58.32909178611264
2018,385,238070,3439.0876829675076,69.22475433792226
2018,386,421839,5356.709986809598,78.74964316506576
2018,387,109649,2691.425838143071,40.74011568368219
2018,388,264628,3784.6101568029308,69.92212910603872
2018,389,108078,3587.084774466333,30.129759064888358
2018,390,283010,5321.3427535227165,53.18394493807941
2018,391,289695,5946.822447974547,48.71425076742764
2018,392,230325,280.661579147758,820.6502674836813
2018,393,206387,5511.209201890556,37.44858749495507
2018,394,373384,5797.480618334235,64.40452751479535
2018,395,405350,2122.8608317480403,190.9451594460953
2018,396,128676,3887.06670035068,33.10362541203402
2018,397,167689,3068.809991104953,54.643005101668756
2018,398,104882,3770.858688372714,27.813824029895176
2018,400,261681,2290.2578951900387,114.25831149827191
2018,401,148156,1305.9838613844763,113.44397460083428
2018,402,761040,356.47530360631646,2134.9024527109345
2018,403,344791,3566.820288556525,96.66621026750278
2018,404,192764,1940.4553078188355,99.33957212169753
2018,405,319822,303.10466808871485,1055.1536603401707
2018,406,51208,221.473180374842,231.2153548945781
2018,407,108147,989.1256189130642,109.33596090539154
2018,408,32711,700.2087208906515,46.7160705430693
2018,409,66383,1149.7050889195457,57.73915471000004
2018,410,509028,2661.778428691826,191.23605275070548
2018,411,133671,1754.3073756904214,76.19588325984934
2018,412,48904,774.7473168099966,63.12251612740143
2018,413,32613,1120.5307099855231,29.104958667684663
2018,414,24502,597.0854676275849,41.03600125682916
2018,415,63618,808.4868465605543,78.68773656694873
2018,416,37472,454.9770567892665,82.36019693924051
2018,417,38020,701.7636933156722,54.17778144144824
2018,418,29063,429.04013969942764,67.73958264222235
2018,420,222075,3166.234234558995,70.13852531063023
2018,421,231059,2278.7509397337876,101.39721545303814
2018,422,154346,2622.9366883719836,58.844729529404
2018,423,173427,2011.5780828223235,86.21440126086235
2018,424,133614,2109.751760784995,63.33162151280063
2018,425,78359,1076.828025759313,72.76835123672235
2018,426,65423,1327.5918291452967,49.279453642102716
2018,427,184926,2875.2340717216916,64.31685051967482
2018,430,854345,2612.7745357253843,326.9876479268458
2018,431,431152,2315.72926236669,186.1841135778368
2018,432,820427,230.74097962776955,3555.61895127389
2018,433,178610,1939.0530612812988,92.11197133614128
2018,434,164499,1003.2069198440107,163.9731512473798
2018,435,294805,2057.0379853235668,143.31529223249998
2018,436,335255,150.50129437028804,2227.588815117766
2018,437,191892,2515.5492621622393,76.282346319491
2018,438,63631,938.4502109126734,67.80434301156667
2018,439,173690,1414.7992567156305,122.76653325589855
2018,440,854530,1923.7493386129886,444.2002826709798
2018,441,1189191,412.6961988908473,2881.5167263377807
2018,442,569674,1236.4470404252925,460.73465451787814
2018,443,270318,145.20636956560628,1861.6125505284156
2018,444,335519,1305.5729076815137,256.98986094604817
2018,445,157098,104.67877304784834,1500.76271841848
2018,446,454664,2185.255716256141,208.05986073746405
2018,447,190913,162.01857399657518,1178.3402068705752
2018,448,330832,2717.8608713221656,121.72514181679182
2018,449,90076,211.18770168722884,426.52104871809007
2018,450,605987,881.6723184385622,687.3154428543252
2018,451,343597,2120.4231488677588,162.0417133172076
2018,452,804149,347.6156944012914,2313.327657386152
2018,453,495105,2565.4551340724433,192.98914778293653
2018,454,480045,265.13440126645486,1810.5722897782857
2018,455,99568,184.1374607913244,540.7264745158858
2018,456,341457,4004.4013135916684,85.27042453038676
2018,457,155279,1861.63509906447,83.4100088024944
2018,458,365571,3353.993932161483,108.9957249160578
2018,460,561436,1964.8980323891446,285.7328933844688
2018,461,553791,2823.0654066730413,196.16654955672388
2018,462,951937,420.99273134689963,2261.1720562358123
2018,463,661634,1730.3189056644583,382.37691204438784
2018,464,130496,94.29590251013491,1383.8989449830474
2018,465,485164,2153.0635925750826,225.3365862824979
2018,466,146712,137.64029140081843,1065.9088157025483
2018,467,333257,3105.9622669284104,107.29589459229618
2018,468,318295,300.3553279927199,1059.7281630633
2018,469,302982,2985.8633875385285,101.47215752217345
2018,470,116910,1383.4103219754186,84.50854973603221
2018,471,297266,2101.9268119960834,141.42547604581102
2018,472,213252,2099.190804569746,101.58771634087284
2018,473,314541,2537.4440596398395,123.95977708554703
2018,474,268592,2303.768176521031,116.58811973243179
2018,475,164224,2574.927153213038,63.77811496339945
2018,476,128664,1509.0289126619039,85.26277987148615
2018,477,184521,237.45722660317924,777.070475552878
2018,478,184281,1808.1605873440883,101.91627961025334
2018,479,319265,3698.8860710686304,86.31382363927808
2018,480,1158120,1303.0560665783282,888.772194615606
2018,481,1562194,1811.381790741917,862.4322094792324
2018,482,884826,192.78009706224822,4589.820284789523
2018,483,1008281,722.44442181361,1395.6519969644607
2018,484,450426,3073.2734077944597,146.56229376066122
2018,485,181488,115.39243436026312,1572.7894207811057
2018,486,395083,4258.5441490169305,92.77419375614633
2018,487,204024,2867.828556950554,71.14232805357958
2018,488,637700,4147.325899140493,153.7617287641078
2018,489,164348,97.72266361151804,1681.7797829717485
2018,490,751780,4188.071975931825,179.5050334188043
2018,491,107671,541.5704442805114,198.8125480943543
2018,492,347813,2581.6341695616443,134.72590504914874
2018,493,343412,2572.690025617672,133.48362864568222
2018,494,582211,2620.393317674455,222.1845843038175
2018,495,424527,201.6596467245524,2105.1658420281915
2018,496,272635,4700.776543593977,57.9978642829844
2018,497,223693,7176.661070607785,31.169508744970678
2018,498,178286,8504.0418030702,20.96485461014946
2018,499,78947,5695.817268702658,13.860521901535973
2018,500,252224,3567.6612039189376,70.69729595482377
2018,501,183365,3851.867997616448,47.60417545810682
2018,502,230906,3673.5756047768605,62.85592698833965
2018,503,302432,152.80243142000705,1979.2355212510142
2018,504,101580,3472.8564056680225,29.24969769386723
2018,505,121055,4625.966864970531,26.16858346233986
2018,506,171998,4093.8945436914896,42.013295204450564
2018,507,78121,192.80292615002514,405.18575915809464
2018,508,32481,2253.0236717384887,14.416626157743321
2018,510,87233,3967.9983485540597,21.984132133469195
2018,511,86212,131.490461959583,655.652118908058
2018,512,44518,1416.7781026692098,31.42199891156427
2018,513,46472,1515.305943162988,30.668394200973196
2018,514,47278,1921.0764098922293,24.610161134950513
2018,515,146624,3380.330807043386,43.37563640058205
2018,516,23035,1118.1383325146323,20.601207677225
2018,520,143437,2335.485425630513,61.41635414456769
2018,521,57726,2326.092730999912,24.81672343956187
2018,522,179328,2215.252756892771,80.9514848551796
2018,523,164544,2709.497220928611,60.72860999045673
2018,524,139446,131.64224918124256,1059.279986989689
2018,525,112064,3356.6683175309536,33.38548507003823
2018,526,103538,1894.7863149359407,54.643628774308745
2018,527,172581,1886.5285112037895,91.48072715311176
2018,528,104863,110.76010938918468,946.7578226339265
2018,530,644923,2737.1990194512596,235.61421563321
2018,531,691592,1672.3463367838112,413.54591736663934
2018,532,821265,160.88560757345428,5104.65176087949
2018,534,126073,58.40824252840328,2158.479600523712
2018,535,564001,4921.537095117451,114.5985469782465
2018,537,294853,118.88820204872876,2480.0862904726955
2018,538,60090,1357.2256634046562,44.27414071235713
2018,539,199820,3259.8861273690036,61.296619634156116
2018,540,150175,1566.7485656659685,95.85137225650882
2018,541,257381,4340.665724309836,59.29528241682869
2018,542,126678,1380.042928831314,91.79279669747444
2018,543,183332,165.1433183642436,1110.1387680465464
2018,544,387458,7580.461539217786,51.112718928190894
2018,545,87500,6096.633529337548,14.35218298409149
2018,546,250369,4473.189854518813,55.97102026579029
2018,547,267395,4611.733807187976,57.98144714754151
2018,548,176919,7742.343923822052,22.850831962611
2018,549,488590,3076.9068637261717,158.79258672402958
2018,550,689196,4525.644791571771,152.2868081214655
2018,551,799929,305.81376312546666,2615.739042692503
2018,553,1015238,4550.262874456648,223.11634031060913
2018,554,1088833,302.13202236297235,3603.8318331312416
2018,556,15764,3198.641867883092,4.9283416684697015
2018,557,168678,10587.287261142623,15.932126506010718
2018,558,117141,567.4714279613368,206.42625201560122
2018,559,336458,4733.7648926000065,71.07619572023177
2018,560,263256,5320.9195037827685,49.47565920003959
2018,561,89625,5111.14832021749,17.535198429965785
2018,562,142642,7308.04561617683,19.51848790930543
2018,563,316965,5995.183971421204,52.86993718807616
2018,564,146954,5682.255446965586,25.861913701622786
2018,565,175432,7334.150394512563,23.919880362865047
2018,566,91977,9599.228498354898,9.581707531575365
2018,567,69439,7865.748410543246,8.82802199812595
2018,570,184462,5973.448197570795,30.880321365306997
2018,571,181668,176.3029037397301,1030.4311281689959
2018,572,72465,6662.482676087081,10.876576123806023
2018,573,83427,10662.851229986196,7.824079901385626
2018,574,62194,9318.785899858101,6.674045381914723
2018,575,54161,14941.767944923151,3.624805324218851
2018,576,21739,11801.888809383978,1.8419932903210183
2018,577,203896,17491.145076681565,11.657098440731893
2018,580,89603,6332.981483232161,14.14862813624861
2018,581,122474,71.21125272276507,1719.8686347620883
2018,582,99228,6261.088883475903,15.848361498569341
2018,583,50783,8337.672225359907,6.090788727042803
2018,584,46094,11583.350692924801,3.979332165791593
2018,585,151545,10294.793131566837,14.720548345485335
2018,586,49284,10606.109304316415,4.646755807046291
2018,587,97569,11481.430002326753,8.497983263428623
2018,588,44670,4522.859905340611,9.876494283462879
2018,590,87121,25790.312966598398,3.378051290530376
2018,591,137286,815.7184945844334,168.30070779496074
2018,592,38466,17038.287563338647,2.2576212460909186
2018,593,35273,21481.2923319124,1.6420334240132646
2018,594,129930,21638.37830850506,6.004608947470451
2018,595,31224,13893.53794522648,2.2473757313001683
2018,596,81685,6300.62363990771,12.964589645160348
2018,597,177089,15039.375596242717,11.775023428781319
2018,598,202455,12936.256034538519,15.650200448991212
2018,599,121830,8294.418081759539,14.68819135942995
2018,600,1646157,1146.9939187646562,1435.1924391830744
2018,601,1441958,1248.744484120412,1154.7262216863232
2018,602,79345,8.179075571113481,9700.97406609463
2018,603,63289,7.169368391401864,8827.695348435676
2018,604,1451777,1763.024889062463,823.4580288721972
2018,605,1043487,1219.6354317034088,855.5728809408313
2018,606,2702217,225.00615718879607,12009.524689285054
2018,607,108602,15.59710039196483,6962.9608882910425
2018,608,153780,25.91719464532143,5933.512562007183
2018,609,164590,2663.930939000579,61.78463472545908
2018,610,303048,3449.29658897029,87.85791310873275
2018,611,228740,197.19325176131764,1159.9788428706804
2018,612,210578,1997.359509459051,105.42819107063569
2018,613,146006,2446.3726339845493,59.68264931176554
2018,614,141353,3374.543610928682,41.888034738155106
2018,615,204113,2060.047490152742,99.08169640539019
2018,616,170200,164.8691384792992,1032.3338956573132
2018,617,236980,2642.521654220923,89.67949217046898
2018,618,296936,2194.5559072258675,135.30573498824918
2018,619,105495,2012.5329230759887,52.419018238349956
2018,620,301178,2749.797605273038,109.52733372902
2018,622,457640,3279.274406538438,139.5552623127624
2018,623,108918,3082.1046343507505,35.338839176997546
2018,624,147946,3853.698650160283,38.3906510162248
2018,625,178697,2237.8706486810497,79.85135338600556
2018,626,159981,3621.935248261973,44.170033154725424
2018,627,140914,145.05546116312865,971.4491193236
2018,628,206643,4709.729101749804,43.87577194688884
2018,629,220919,3696.5319058404866,59.76385585931234
2018,630,726038,2141.632455581992,339.01148542442036
2018,631,917252,304.207621004917,3015.217031611362
2018,633,515048,3006.901430848537,171.2886211420157
2018,634,67389,3031.896176527504,22.226684581654137
2018,635,61367,3103.7176464475638,19.772094948855642
2018,636,135138,3569.7002587107645,37.85696002633188
2018,637,129012,1970.4283237551133,65.47408928538815
2018,638,118328,2747.206869246258,43.07211128678681
2018,639,83681,3016.352066894394,27.742451194086613
2018,640,626887,2899.2592073662827,216.22316431978177
2018,641,575015,399.01583880355753,1441.0831452810824
2018,644,102921,4824.562569675771,21.332711207208302
2018,645,86969,180.1422890425762,482.77947650284983
2018,646,70779,4545.701164755587,15.570535201208203
2018,647,114382,4492.711820971703,25.45945623889604
2018,648,198321,1712.043940956713,115.83873243882724
2018,650,155804,3785.8590641436767,41.154199710083844
2018,651,69415,219.15270144034758,316.7426161930952
2018,652,275354,3808.320773075545,72.3032581569089
2018,653,103875,2734.6717762277826,37.984448774794316
2018,654,94198,2597.009313218936,36.27172206142136
2018,655,122584,3720.6189690909096,32.9472061015568
2018,656,213343,5181.85320128984,41.171177899616254
2018,657,296896,5418.991800249671,54.788051162269895
2018,658,230375,227.77565530178816,1011.4118635495433
2018,660,512252,4785.7394421663885,107.03716869469098
2018,661,156548,140.94906009312695,1110.670762164477
2018,662,394181,171.5964943775167,2297.1390029261997
2018,664,85671,3014.633037498969,28.418384239255623
2018,665,132736,3342.081623472684,39.716564391409726
2018,666,163441,303.88872983028034,537.8317257480414
2018,667,115017,3972.104297819853,28.9561883012812
2018,668,59163,4323.786583465151,13.683145284332197
2018,669,24205,3612.674748563534,6.700021918558916
2018,670,185296,6782.480851789475,27.31979699597853
2018,671,113511,4301.79760569403,26.386876000338173
2018,672,417788,267.52223229036423,1561.6945045021148
2018,673,58440,2385.623842750196,24.496737060034228
2018,674,134225,7248.535344475573,18.51753404255644
2018,675,119965,7158.623999685158,16.758108821650104
2018,676,59019,6938.667751638995,8.505811506259112
2018,677,30306,8414.784956197993,3.6015180610976656
2018,678,116646,12877.329202116394,9.058244778026578
2018,679,30418,1682.3338691389981,18.080834344473868
2018,680,213177,3133.2913344373,68.03612471557291
2018,681,626731,288.72985229481077,2170.6484279986034
2018,683,81150,4350.452644475865,18.65323142938769
2018,684,71845,3276.8607289996444,21.924947668414564
2018,685,289215,264.7607396263385,1092.363620105361
2018,686,74785,4476.054933489123,16.707793159657328
2018,687,126819,10350.930549787427,12.251941928313338
2018,688,168598,9249.96301649705,18.226883685838548
2018,689,72277,5391.089785904566,13.406751300817504
2018,690,25220,5327.477743738278,4.733947510084422
2018,691,77752,14463.362103879663,5.375790182224902
2018,692,8342,4816.556851801895,1.7319426006316567
2018,693,68990,12353.472650718562,5.5846644867090935
2018,700,577577,1477.8332722130851,390.82690237110904
2018,701,427938,235.95909823129554,1813.6109317578416
2018,703,278325,2271.6845880799365,122.51920951545684
2018,704,450397,2837.1393249294015,158.75039905247075
2018,705,645084,4869.653413692368,132.47020787684173
2018,706,271527,4914.617443412376,55.24885774455522
2018,707,425063,3292.5026504730504,129.10027572458569
2018,708,378971,231.61084018994225,1636.2403404314273
2018,710,175718,4961.226590999053,35.418257315398144
2018,711,306665,562.2195666708038,545.454157378271
2018,712,334703,5964.084016627301,56.11976609767397
2018,713,199721,4326.260985991531,46.16480620256112
2018,714,191554,6412.652757557809,29.87125722256499
2018,716,156802,5305.869817658573,29.55255318895011
2018,717,103216,3908.0976219376753,26.410803921736335
2018,718,125061,4121.107253045855,30.346456017995916
2018,719,171206,3924.3906116745534,43.626136371513155
2018,720,402798,6194.055616271994,65.02976804758356
2018,721,320826,4355.164579024461,73.66564321017317
2018,722,218066,293.4793289041544,743.0369996219285
2018,723,162912,4288.192625823227,37.99083068679195
2018,724,230593,4238.292119905296,54.40705677577329
2018,725,105696,3284.733449684983,32.177953437937745
2018,726,137341,3743.2990445994637,36.689828507862536
2018,727,500962,2647.819282745006,189.19795745299143
2018,728,124839,2964.846636418929,42.10639378999583
2018,729,230154,2778.827607704933,82.82413754701643
2018,730,747334,8000.494122209312,93.41098044499607
2018,731,682608,401.30486487488497,1700.971156212664
2018,734,94709,2898.298015521078,32.677453972231525
2018,735,209253,5746.379732371098,36.414753243892754
2018,736,59841,4961.971857524407,12.059923296271064
2018,737,109000,5687.638588158961,19.164368183823427
2018,738,33206,5141.358381293034,6.458604426569619
2018,739,28458,5120.585864592492,5.5575671910473385
2018,740,635046,6149.789119305968,103.26305303809636
2018,741,422108,264.47352615118103,1596.031202604038
2018,743,129616,2745.645616246057,47.20784038298997
2018,744,223719,3762.031036340123,59.467611468097864
2018,745,83598,4887.266335579849,17.10526790639527
2018,746,54590,2353.2338116786987,23.19786488239253
2018,747,90755,3269.3053026180946,27.759720062645243
2018,748,201341,4777.417327184257,42.14431903496016
2018,749,113291,2983.501214685123,37.97250004202082
2018,750,2412848,1492.9409537302588,1616.171084309305
2018,751,809824,3649.1575787709135,221.92080843841222
2018,752,1392406,357.2727084251197,3897.3197984749863
2018,753,0,0.0459797523205304,0.0
2018,754,353993,6302.17926822242,56.16993502310297
2018,755,127825,2088.456655946202,61.20548378921815
2018,756,338202,4222.7990557810435,80.08953197453214
2018,757,365856,3281.845423079887,111.4787422427282
2018,758,126219,4653.578368745158,27.122998690153164
2018,759,260826,6670.164832741998,39.10338148162054
2018,760,1264408,2996.7745862964066,421.92295869761466
2018,761,1013856,509.6481815770166,1989.3252574016865
2018,762,515800,3635.8384487904214,141.86548914779132
2018,763,173604,4869.95399207618,35.64797537768696
2018,764,147018,8231.938764129121,17.859462298314778
2018,765,509316,4932.4694370137395,103.25781163042639
2018,766,161537,4853.665291714667,33.28144614251582
2018,767,183780,332.6394288380179,552.4901261464512
2018,768,87028,9975.53571858446,8.724142988919033
2018,769,136783,10070.255412652565,13.582872965480282
2018,770,3187352,848.3158733669814,3757.270257539024
2018,772,0,0.0,
2018,773,1282309,3898.322688320133,328.93864939451004
2018,774,1263915,5348.5050630344695,236.31182640835326
2018,775,1266531,2847.7101827512447,444.7541774691315
2018,776,274446,2324.892562812006,118.04674520875574
2018,777,145499,417.0504129147049,348.8762880802073
2018,778,327599,4152.423176188675,78.8934523529677
2018,779,172842,4858.247065545481,35.577029671008184
2018,780,590388,11135.155282381502,53.02018562185083
2018,781,446765,4329.7189902721375,103.18568041107889
2018,782,1790383,889.8498714657776,2012.0056847913538
2018,783,236501,6974.044142815876,33.91160066625405
2018,784,325758,316.6914381844053,1028.6290083103395
2018,785,1357338,3948.640748340911,343.7481620910458
2018,786,1053525,7440.91122954531,141.58548160295382
2018,787,1087962,553.6262420062787,1965.1561242063763
2018,788,181893,11257.386447558521,16.157657982812573
2018,789,70167,2756.7908006020916,25.45242097611299
2018,790,224095,19508.787945994973,11.486874562394597
2018,791,228973,700.8309450129132,326.71645227620627
2018,792,31777,8070.569461851748,3.937392540911102
2018,793,146707,10462.51941727543,14.022148408896747
2018,794,276650,463.31871946175346,597.1051640680303
2018,795,94557,9032.61633969919,10.468395473016292
2018,796,133424,540.2674637907172,246.95916178969514
2018,797,444367,13194.632519677802,33.67786100426016
2018,798,69156,9678.818327176226,7.145087102815381
2018,799,792127,906.6001229798144,873.7336118998485
2018,800,865547,439.4912233506441,1969.4295449204708
2018,801,714619,3395.410327209471,210.46616789532828
2018,802,1120562,256.6676420518096,4365.809383069056
2018,803,131261,163.75736748083722,801.5578292400193
2018,804,224456,9078.835283644641,24.722995074528278
2018,805,561902,2933.302377777853,191.55952153343065
2018,806,289135,3099.956967456404,93.2706495720303
2018,807,68097,9500.28464868359,7.167890491516577
2018,808,121275,9990.742041423377,12.138737993351493
2018,809,583503,867.3750836614909,672.7228058440779
2018,810,232748,18706.770967816567,12.441912096984748
2018,811,74138,9855.409096602687,7.522569512163277
2018,812,87425,7437.235769715461,11.755039467216562
2018,813,68958,4702.504759667638,14.664099990166473
2018,814,84840,5695.89460657717,14.894938523271385
2018,815,146971,2260.324464103529,65.0220808269181
2018,816,155796,15141.730198412424,10.289180824020683
2018,820,135873,5195.849496329206,26.150295557250523
2018,821,1075,3124.69405946653,0.34403368123134964
2018,822,24579,6599.446532291769,3.724403232866943
2018,823,15703,3707.7857547507533,4.235142221979758
2018,824,53593,8416.101575254435,6.36791268745824
2018,825,39028,5351.836404702723,7.292450114077782
2018,826,96601,8009.0596929327,12.06146585288183
2018,827,62273,8784.71744379529,7.088788045651243
2018,828,37701,4372.47772856892,8.622342374363395
2018,829,70450,5791.192431229226,12.165024878140068
2018,830,21814,2131.916527540397,10.232107926461325
2018,831,23019,3353.5316298405833,6.864107019349704
2018,832,175559,15236.229665020937,11.522470050648108
2018,833,194757,8512.313446176702,22.879444140708298
2018,834,212146,9081.935590945102,23.359117434340146
2018,835,69964,6580.617337270694,10.63182926679908
2018,836,489816,14419.273593480395,33.96953368174302
2018,837,277832,1238.1849861723417,224.386503715309
2018,838,267533,6769.708068177318,39.51913395757859
2018,840,1419840,11174.807742901301,127.05721947672352
2018,841,620010,413.8526132266378,1498.1420442558965
2018,843,190269,4702.354929441481,40.462492273546665
2018,844,201430,202.7902017473337,993.2925667235716
2018,845,55242,10159.908483298032,5.437253700740793
2018,846,307628,3562.41184748333,86.35385608694406
2018,847,249775,9824.164031262664,25.424555128065926
2018,850,1459603,543.9440551367502,2683.3697072634586
2018,851,447547,3414.9443640392255,131.05542939816377
2018,852,1577398,1525.9041770914814,1033.7464328898232
2018,853,1406028,13608.193062408496,103.3221672820057
2018,855,96825,6900.583998941192,14.031421110859108
2018,856,307467,14374.460492461882,21.3898114757934
2018,857,904785,1685.4264725327566,536.8285207009618
2018,859,79743,5766.081612672747,13.829668977410952
2018,860,186272,17617.4478138837,10.573154634419039
2018,863,222273,7066.320006802751,31.45526947350497
2018,864,199015,9606.883218853662,20.71587584300285
2018,865,62303,7992.895372602259,7.794797391388337
2018,870,200718,10508.901682965656,19.099807577927262
2018,871,753465,856.5382382452087,879.663004355328
2018,873,73064,4900.462371652587,14.909613513746985
2018,874,123322,3949.16447658581,31.227364859367963
2018,875,233719,6509.395735150476,35.90486882490901
2018,877,38553,8379.54270396572,4.6008477266610655
2018,878,16867,8220.352266439286,2.0518585400362754
2018,879,15735,3512.0129130892747,4.48033660165532
2018,880,277796,14288.112439873525,19.442456179499313
2018,881,71521,8025.574763197252,8.911635877840512
2018,882,192982,13193.352680617962,14.627214527775433
2018,883,75428,9659.687248773573,7.8085343818534705
2018,884,16400,9846.737411928521,1.6655262869234975
2018,890,644474,13551.054151075916,47.558956876342386
2018,891,1546498,1810.9963234901995,853.9487242136133
2018,893,11640,6773.882767033569,1.7183645481212557
2018,894,299966,16270.862254967009,18.435777729507194
2018,895,296796,1144.8132923832072,259.25275499042027
2018,897,65373,222.96213675102712,293.2022492814527
2018,898,58424,9355.099882957473,6.24514978257294
2018,900,2486754,219.70608291008026,11318.548704078261
2018,902,1255185,295.6464302833575,4245.561154913957
2018,903,133800,10.60933951398288,12611.529664373027
2018,904,94410,8.73664099645493,10806.212597989179
2018,905,176793,23.65940457895803,7472.419663393999
2018,906,741610,109.98381607615106,6742.901150897701
2018,907,633083,171.79127242256368,3685.187210458362
2018,908,478969,58.540433518176116,8181.849214548193
2018,910,287583,114.43285825614511,2513.1155891979706
2018,911,171261,28.94497241974063,5916.778828339773
2018,912,211423,33.374274664866,6334.909211452337
2018,913,1435646,783.6286860525929,1832.0488077482748
2018,914,322523,33.74270206005041,9558.303879340188
2018,915,108016,21.23065993471921,5087.7363366061845
2018,916,216119,21.333013384827506,10130.730061497474
2018,917,1997441,632.0714799489739,3160.150494626415
2018,918,84864,7.59363042762491,11175.682146878362
2018,919,584394,801.5422102943221,729.0869931671017
2018,920,1311558,3097.3623763582373,423.44351116645277
2018,921,1401543,348.8760383406205,4017.3094336493873
2018,922,804102,8383.916884311224,95.9100634101838
2018,923,1173268,7869.163345097334,149.09691774678592
2018,924,249516,142.84563013601198,1746.75276914261
2018,925,1502378,1792.0657413513836,838.3498246370514
2018,926,1375663,496.4633036881549,2770.9258464430227
2018,927,498859,56.11590888821076,8889.796314157249
2018,928,1284978,330.2277777669608,3891.186891330502
2018,930,710909,1343.655204846171,529.0858826252146
2018,931,194315,365.2786308603908,531.9637766444296
2018,932,792746,7582.0583162963885,104.55551341462552
2018,933,559247,1030.8941259742792,542.4873281448431
2018,934,514268,4612.3849407122325,111.49719865328241
2018,935,537422,7084.501302720118,75.8588328290172
2018,936,610338,6688.584723997437,91.250694307604
2018,937,598990,378.1276599604901,1584.0946416418926
2018,939,400478,1993.4824310603956,200.89366916917007
2018,940,871715,472.2649161988112,1845.8178240643028
2018,941,870179,49.57471333119284,17552.880118269404
2018,943,112411,24.7071504301107,4549.73552364842
2018,944,142383,18.827115344319083,7562.656168830602
2018,945,2461763,2618.1265618489597,940.2765457837403
2018,946,442033,63.23615536913279,6990.194097343366
2018,947,148167,17.292453624605706,8568.30402535652
2018,948,176251,41.3644150433958,4260.932973791444
2018,949,392671,761.258708588701,515.8180728440842
2018,950,874367,2314.2274787082565,377.8224085767271
2018,951,1050264,429.87118389214567,2443.2063356531253
2018,952,519952,2188.3482839368858,237.6002046002454
2018,953,1084440,5558.364464345223,195.1005564597764
2018,954,518934,4877.098353723818,106.40220113744017
2018,955,166091,4228.772780518182,39.27640680179739
2018,956,1232453,4049.3228571697096,304.3602704629554
2018,957,349079,914.4763233543646,381.7255746103445
2018,958,851413,220.13014811122133,3867.7709859615475
2018,959,527784,6009.689022210784,87.82218148882588
2018,960,299581,11618.697009484858,25.78438871032085
2018,961,107931,5984.937890815671,18.03377110489786
2018,967,1000199,4643.546924775642,215.39547595899998
2018,968,421820,99.16829330261533,4253.577287175875
2018,970,826260,4982.495861732617,165.83255118102107
2018,971,342993,2135.380267144997,160.6238501297858
2018,972,920240,295.4534425700268,3114.6700881032702
2018,973,633492,3926.1295795553024,161.35279979010608
2018,974,574316,8249.57497573304,69.61764717447974
2018,975,298187,3086.9558857957873,96.59580863207907
2018,976,71015,6307.816299497444,11.258254303578546
2018,977,237328,12203.592979964476,19.44738737105036
2018,978,146671,15271.76827881274,9.604061384527668
2018,979,31230,9348.878059210874,3.3405077916521764
2018,980,1502562,2099.1858021555304,715.7832329358876
2018,981,979180,188.78570551315144,5186.727444953649
2018,982,939795,5541.745450693749,169.58465674065755
2018,983,763806,5323.435118147189,143.47991156992651
2018,984,426497,164.64850472602035,2590.348456001485
2018,985,501512,5445.074781796915,92.10378554883636
2018,986,617753,3926.4039490891223,157.33302227940942
2018,988,230957,10480.517843992036,22.036792784279857
2018,989,294834,5371.731628946106,54.88621181506125
2018,990,152458,2242.7448165251494,67.97830893494806
2018,991,119454,11976.130423106484,9.974340273510053
2018,992,359578,336.7241087259405,1067.8712651747198
2018,993,383628,7673.362363660732,49.994771759610025
2018,994,22369,667.725765320753,33.50027984805212
2018,995,324542,54413.04079674755,5.964415795328957
2018,996,202850,44803.56657617502,4.527541343279323
2018,997,137791,81411.54858461337,1.6925240017611243
2018,998,50726,14009.563628405402,3.6208122783460133
2018,999,22070,7496.699721726804,2.9439621192292273
2019,006,1084958,1690.8650346903994,641.6585462119144
2019,007,1237780,1495.3326967171333,827.7622783996051
2019,009,993602,247.1571047904395,4020.123155441795
2019,010,475652,1312.60496890372,362.3725425915931
2019,011,169924,42.627091908422834,3986.291168186027
2019,012,126077,917.2782112109767,137.44684923187597
2019,013,82465,805.8971817377586,102.32694922965293
2019,014,220577,488.6077364575314,451.43984333774875
2019,015,388821,829.9551731172127,468.48433818375355
2019,016,192717,58.63333681671193,3286.816177670976
2019,017,404083,391.1757955031819,1032.995918063425
2019,018,756457,408.72137452316286,1850.788941201142
2019,019,501188,372.31916955721346,1346.1246182839468
2019,020,420681,399.80081308626666,1052.2264743599408
2019,021,1391213,162.70859888577746,8550.334828810375
2019,022,29515,2.1226900941144358,13904.526186764608
2019,023,460125,542.3120162818249,848.4506818688773
2019,024,427683,111.06917792456882,3850.600211432692
2019,025,118695,348.3705056189614,340.71483689214926
2019,026,146046,295.39130709539484,494.41536190107087
2019,027,538576,623.9050998635734,863.2338477723104
2019,028,673336,980.3424573332422,686.8375382125439
2019,029,383895,114.52032838694237,3352.199608639716
2019,030,390882,918.0694138680851,425.7651917114894
2019,031,153373,106.42640797971194,1441.1178852267333
2019,032,189624,2411.836243122713,78.62225328966998
2019,033,62425,197.2612626381376,316.4584833592717
2019,034,83782,786.1249789500989,106.57592907414566
2019,035,45173,2501.9160039565722,18.05536234172636
2019,036,13462,208.84636705367745,64.45886605506531
2019,037,78284,862.0462689996974,90.81183089028308
2019,038,331167,1615.1459873338533,205.0384315703019
2019,039,50286,212.25237817426486,236.91607336768615
2019,040,349728,2089.0493796966407,167.4101164859901
2019,041,115108,85.35184601603959,1348.6292959424516
2019,042,176330,2199.0721240894886,80.18381846980498
2019,043,81226,780.7768052878179,104.03229123854115
2019,044,174262,7109.19794303239,24.512188491078852
2019,045,48075,574.6138302730037,83.6648849491826
2019,046,72898,2994.602483243599,24.343130818832634
2019,047,67972,4677.873316223958,14.53053458379414
2019,048,40264,394.4633806602511,102.07284623633831
2019,049,159260,5271.96246218868,30.208864562719683
2019,050,60156,1251.2930215792096,48.075070317326144
2019,051,28750,496.8296804375854,57.86691321395752
2019,052,32265,451.20150992843804,71.50906920749739
2019,053,35997,778.5273366813558,46.23729739978706
2019,054,241935,1950.618367840562,124.02989943534412
2019,056,84737,1178.7222775756115,71.88885932849807
2019,057,79421,1512.482120046017,52.510372815239386
2019,058,57539,1515.9387574657258,37.956018814500766
2019,059,3501,409.57339132731204,8.547918576092663
2019,060,673788,1186.2997078122637,567.9745139974606
2019,061,292980,85.17541543843923,3439.7249310953125
2019,062,164359,675.4061968759044,243.3483742971912
2019,063,262045,656.7245102388157,399.01815131691706
2019,064,716742,1045.1007521965478,685.8113904267914
2019,065,288772,115.92469530301031,2491.030916623865
2019,066,241278,88.17666814918626,2736.3020747368378
2019,067,324745,703.2850113361899,461.7544733151761
2019,068,481486,386.0600935144073,1247.1788928425765
2019,069,129004,37.61308472898911,3429.763895450303
2019,070,1737704,363.44583125339193,4781.191172305633
2019,071,399811,34.42351136476823,11614.474646801968
2019,072,185459,19.1991855602923,9659.732670304817
2019,073,261910,15.9467417155505,16424.044778037503
2019,074,463597,495.03847811466346,936.486799502117
2019,075,197949,21.170819796707203,9350.086671220353
2019,076,502595,123.14091498860074,4081.462282836908
2019,077,592695,393.4370499001754,1506.4544636820076
2019,078,356096,868.8284053602325,409.85768628542473
2019,079,257997,248.52913044432063,1038.0956129317826
2019,080,1158371,1644.3463254490462,704.4568300924481
2019,081,154345,29.39817331051641,5250.156136224532
2019,082,243787,608.9212451813278,400.35883446208845
2019,083,236056,879.6134170383958,268.3633462467933
2019,084,55072,23.725502029987748,2321.215371139122
2019,085,315656,609.7627831798495,517.6701640495124
2019,086,267069,124.7907724228589,2140.1342007486355
2019,087,467919,375.478717014265,1246.1931363801455
2019,088,911975,769.0580271463806,1185.8337964222521
2019,089,112440,22.07175928268136,5094.2926007817705
2019,100,1545955,21.486089551516287,71951.43612770156
2019,101,60122,0.6272622222128574,95848.27185654739
2019,102,15321,0.2061163569948726,74331.80084965857
2019,103,474893,55.65406565780903,8532.943539469268
2019,104,1438797,41.50944510853621,34661.91841972175
2019,105,656353,604.3469841651422,1086.0532396082028
2019,106,83384,21.093740597017828,3953.0210214014196
2019,107,230766,24.36217417229851,9472.30728948638
2019,108,88205,11.96792785645159,7370.114614490348
2019,109,553625,683.2443293599379,810.2884666728737
2019,110,254703,44.17855476274714,5765.308561310707
2019,111,202875,7.0203125415623955,28898.28605192689
2019,112,2589974,68.74016416954086,37677.739517934286
2019,113,1159318,48.11278487854301,24095.840698612818
2019,114,779831,42.03801514817691,18550.614182216435
2019,115,728136,139.35311693482836,5225.114558008267
2019,116,128437,8.50542945627647,15100.589648089033
2019,117,1554186,589.0158062621236,2638.615099079967
2019,118,73479,15.67366457425701,4688.054899470322
2019,119,253503,494.65973022381286,512.4795581910428
2019,120,333505,1938.384953062676,172.0530276883636
2019,121,281770,2256.401532392838,124.87582371972262
2019,122,150708,52.42517230598723,2874.725887792425
2019,123,162150,134.31912036493355,1207.1996865334759
2019,124,149378,1506.3882769447416,99.16301280767308
2019,125,448151,1603.4531158108498,279.49117787168643
2019,126,84523,50.76290415255467,1665.0544607532336
2019,127,96573,1342.3146798551074,71.94512691347778
2019,128,224852,3657.795945161822,61.47199115834015
2019,129,159712,4116.535475618987,38.79767366173001
2019,130,382795,1905.6888471919458,200.8696228474301
2019,131,175231,1467.7165235298612,119.39022092533855
2019,132,226032,102.56676783837973,2203.7547322946884
2019,133,139676,3297.451118323577,42.35877803429312
2019,134,181812,2086.882304189398,87.12134825956116
2019,135,70234,60.632971404800166,1158.3466614410347
2019,136,229238,3896.2402184808507,58.83569470708359
2019,137,129962,1561.1087427446625,83.2498060138382
2019,138,135425,1706.6688694701222,79.35048351942228
2019,139,79855,116.5668296612035,685.0576637633119
2019,140,443190,1873.353770150932,236.57571093168013
2019,141,195813,855.8792931460623,228.78576636692043
2019,142,561804,154.70330982277176,3631.4930859824726
2019,143,64455,35.91865378112996,1794.471485283275
2019,144,303077,1649.9892671939817,183.68422511948899
2019,145,321417,1724.2548111315114,186.40922323370282
2019,146,470386,165.02410345238044,2850.407850485521
2019,147,172014,2393.328989058011,71.87227530624735
2019,148,279430,3125.586291883937,89.40082720658928
2019,149,47038,66.86077599903297,703.5215983834877
2019,150,443226,918.264233150453,482.6780614979911
2019,151,366763,259.2913503413224,1414.4822012658947
2019,152,679225,212.4275496059519,3197.443087113448
2019,153,183128,1199.3864847159982,152.68472867889847
2019,154,139642,886.9523734419366,157.44024615222648
2019,155,86140,1578.5305097565035,54.5697403170798
2019,156,300043,960.2719320705052,312.4562844954321
2019,157,109098,1133.6799715853579,96.23350745751948
2019,158,85818,1836.2418066886025,46.73567483727015
2019,159,136077,773.8847480887382,175.83626029078508
2019,160,196695,941.1464796389657,208.99509720894287
2019,161,213157,1168.225170771067,182.46225585030783
2019,162,86317,1211.974138651148,71.22016654255137
2019,163,142344,2060.004423436756,69.09888075022869
2019,164,128344,1433.381657756076,89.53930678931626
2019,165,181755,123.30459963199431,1474.0326033453123
2019,166,199763,1759.161497680073,113.55580500337302
2019,167,46283,1486.183437505633,31.142185299602072
2019,168,204300,1841.923588158046,110.91665328218278
2019,169,63535,2001.0019510583504,31.751593228780056
2019,170,638550,2637.0020906085942,242.14997867242073
2019,171,170283,129.5644735123676,1314.2723107947147
2019,172,210796,1607.684675046351,131.1177516784643
2019,173,341130,1231.696467782639,276.95946925472566
2019,174,181014,140.31724533740964,1290.033876910355
2019,175,341404,835.2564451663935,408.74153318504244
2019,176,167624,89.06007074037493,1882.1453722920583
2019,177,167542,2364.1273643268078,70.86843227150246
2019,178,235626,1676.5609428242458,140.54126753249835
2019,179,121217,689.929693294824,175.69471379194718
2019,180,549068,817.9000663502522,671.3142871477291
2019,181,170608,60.28405387840357,2830.0684679256346
2019,182,136728,598.6533183538121,228.3926202496917
2019,183,175972,773.9640140180031,227.3645761466976
2019,184,195010,1691.8597735124629,115.26368972952207
2019,185,117609,62.912828472128716,1869.3961606272792
2019,186,174161,1390.1042683524834,125.28628532765477
2019,187,132125,191.05007009011933,691.5726329630548
2019,188,75468,1407.437947015951,53.62083647098417
2019,189,368517,489.90650283640514,752.2190415240501
2019,190,1126088,402.40162382530906,2798.4181308593784
2019,191,1579401,147.65651524414216,10696.453166245627
2019,193,449924,655.1149888233265,686.7863011471059
2019,194,533579,369.0450442415193,1445.8370551937353
2019,195,224009,805.9291949245683,277.95121632362054
2019,196,216424,102.64134227143845,2108.546081048507
2019,197,333733,324.2256848353851,1029.3231400511713
2019,198,217761,83.05505424735138,2621.8873971410885
2019,199,405754,1606.0638728665326,252.63876913923897
2019,200,691698,66.01506720584838,10477.880721429021
2019,201,972296,1387.5640548469567,700.7215246053926
2019,202,0,0.1477587431639232,0.0
2019,203,985,1.1832511460125057,832.452183392679
2019,204,0,0.0177646705004307,0.0
2019,205,0,0.4281127964167295,0.0
2019,206,362107,1183.52927899949,305.9552530091281
2019,207,1017515,588.9034007053359,1727.8130823855174
2019,208,721555,455.29940780487163,1584.7923094800904
2019,209,332286,62.13449401058516,5347.850743636734
2019,210,762568,773.4373132195628,985.9467431506279
2019,211,482637,718.184997076357,672.0232279492832
2019,212,1197363,292.4199251125922,4094.6696759428146
2019,214,96629,54.3586596530137,1777.6192536168023
2019,215,100197,1042.2787703317645,96.13263058990121
2019,216,170040,1808.3496209959542,94.03048947268833
2019,217,491884,1448.7993360712853,339.5114752977757
2019,218,181515,1302.3915908936299,139.37052517012518
2019,219,102552,373.6227676795248,274.48006082960137
2019,220,506801,197.5431541135338,2565.5204417194163
2019,221,478975,212.5894704681997,2253.051380885055
2019,222,233829,26.045594504019213,8977.679505987731
2019,223,356787,59.10072548306033,6036.93096969281
2019,224,236137,1093.714223113169,215.90374798990464
2019,225,201774,1445.8137042015096,139.55739900213163
2019,226,195715,1202.1629613081086,162.80238727953886
2019,227,83646,1005.9969833005514,83.14736663083009
2019,228,172093,1497.8835438301455,114.89077419193191
2019,229,268759,1818.543631557164,147.78804057061296
2019,230,232717,2372.282316777709,98.09835800491969
2019,231,392038,1744.1135943854079,224.7777904272036
2019,232,576372,321.3158031173225,1793.7866560193695
2019,233,272927,738.5357937576135,369.5514859359332
2019,234,585390,1261.1914519671411,464.15633335203705
2019,235,244601,59.772259492294715,4092.216056037361
2019,236,382223,220.48625748556972,1733.5456837939912
2019,237,95097,35.560088253574044,2674.262204353277
2019,238,346372,3458.6451012057537,100.14673083377295
2019,239,103188,2600.993846099811,39.67252754355046
2019,240,361489,2000.4353610005514,180.705164009496
2019,241,228248,2420.1352969257177,94.31208258891226
2019,242,185607,2598.451709383797,71.42984390655283
2019,243,150660,2634.1465201140304,57.19499612097433
2019,244,142777,2777.4240934758286,51.406265372070216
2019,245,382901,3987.4074766803933,96.0275573136994
2019,246,65285,1023.3193349329842,63.79728963518062
2019,247,58922,274.64908669020144,214.535575960108
2019,248,34707,875.4168206908603,39.6462567084443
2019,249,52811,2077.0378582538515,25.42611334219867
2019,250,65351,1063.369947631436,61.456504526541934
2019,251,70745,947.5070023080607,74.66435585981965
2019,252,57094,1331.4578390929778,42.88081704404088
2019,253,113042,328.91150256854235,343.68515274543495
2019,254,191742,871.7638919384982,219.94716892165928
2019,255,136390,1520.6312707122606,89.69301278153723
2019,256,47853,736.7191028435365,64.95420006797755
2019,257,72904,96.72080398299366,753.7571752693315
2019,258,84413,704.1249297215866,119.88355537046131
2019,259,44312,869.8242466655419,50.943624726339124
2019,260,125859,619.5553806572752,203.1440673898731
2019,261,129908,1421.5479649593105,91.38488689948524
2019,262,83642,2840.793288924765,29.443184171861496
2019,263,87871,1221.790759368983,71.91984333338931
2019,264,57374,1304.9742432948126,43.96561870458188
2019,265,186424,1063.5489570611185,175.28483175343555
2019,266,29697,990.6404847039402,29.977575577153154
2019,267,54202,1116.6041760915089,48.54182096087557
2019,268,31801,1625.6468957723775,19.56205869964812
2019,270,290772,1960.005123884338,148.35267339696952
2019,271,265541,203.2865307601766,1306.2400101326286
2019,272,608494,2354.5145299059413,258.43713949147224
2019,273,394093,2619.5655666233965,150.44212102237373
2019,274,330277,234.0665821766311,1411.0386751012868
2019,275,1216460,4294.335641422565,283.2708250063633
2019,276,555041,299.18752398157613,1855.160912505761
2019,277,294960,246.03045472533321,1198.875969762733
2019,278,547384,5940.473314675371,92.14484621077924
2019,279,197078,3364.8575414126967,58.569492935281616
2019,280,734311,1811.3964535976027,405.38392274181047
2019,281,631058,2583.179278361089,244.29508446675752
2019,282,923655,410.6930079556241,2249.0156445512266
2019,283,862492,5010.909031919977,172.12286124250954
2019,284,529579,4072.4015109557854,130.04095951131026
2019,285,511760,3772.3302092384874,135.6615067118708
2019,286,640890,4124.796665282218,155.37493166494073
2019,287,557818,5438.699337359137,102.56459594452579
2019,288,134341,138.19659833491778,972.1006277913311
2019,289,38872,683.556403428187,56.8672896706816
2019,290,457661,4270.117215948797,107.17761992355759
2019,291,367718,4245.7690221519015,86.60810281517102
2019,292,343984,309.943135744503,1109.829385876634
2019,293,413771,2119.755783848858,195.19748602771242
2019,294,840096,4232.9566872831265,198.4655317933824
2019,295,691480,5139.543340737564,134.54113608092803
2019,296,1033975,3806.7424348849504,271.6167478326517
2019,297,407961,1916.54149574357,212.86311875116556
2019,298,227008,2485.9823518168996,91.31520979386255
2019,299,237152,2160.214668518869,109.78168209671544
2019,300,2440096,1688.0334461097855,1445.5258606536534
2019,301,1286526,3575.372267783389,359.8299431901124
2019,302,1075891,3365.284622410659,319.7028247879092
2019,303,1003005,359.2826062504585,2791.6881656686655
2019,304,228701,4985.804915703602,45.87042691535505
2019,305,690305,4260.794253645449,162.01322075324077
2019,306,411799,3428.78805951581,120.10045323657347
2019,307,372326,2026.689382334849,183.7114277329768
2019,308,212666,2098.3272052183347,101.35025627610433
2019,309,203478,187.40360758558313,1085.774188776361
2019,310,544188,8636.312308115208,63.01161660036861
2019,312,163097,356.0059335823521,458.1300046289033
2019,313,227336,2027.4469566198604,112.12919739168532
2019,314,255228,278.9609269753682,914.9238309727019
2019,315,342698,5415.322915453056,63.28302214851932
2019,316,197166,3066.5153096568292,64.29643425522785
2019,317,362369,4833.740963389016,74.96657407680719
2019,318,91220,2315.205156798909,39.40039600038048
2019,319,192030,187.43118130869743,1024.5360385566175
2019,320,668600,4811.813348208662,138.94969559634018
2019,321,609335,2546.796995103536,239.2554260003862
2019,322,990409,1004.6520559664162,985.8228967115234
2019,323,440713,4418.542163621888,99.74172106547167
2019,324,362200,4516.527545197505,80.19435204931563
2019,325,702069,2417.7806781380655,290.3774549727413
2019,326,377863,3105.758697105461,121.66527951838785
2019,327,1034341,1814.8591594062727,569.9290739113786
2019,328,1010958,504.0558545661102,2005.6467767252295
2019,329,672252,1428.8957066001885,470.4696059305182
2019,330,1770467,1927.1101370288786,918.7160432509669
2019,331,2036059,686.0847012720917,2967.649615601219
2019,333,838610,365.8974625587069,2291.926252058794
2019,334,1576531,2521.0004400066323,625.35927204989
2019,335,833789,1661.6771524594699,501.77556980060666
2019,336,816569,264.07541973264495,3092.181017175738
2019,337,769177,230.19909579219953,3341.355435619674
2019,338,785257,3481.3144866354487,225.56336206181692
2019,339,863353,2300.127809590312,375.35001159512797
2019,341,433233,2519.9581153739605,171.92071461700007
2019,342,859342,1974.7310906490952,435.16912458067077
2019,344,456249,1593.3407690704187,286.3474084493446
2019,346,706771,864.0312959100881,817.9923613247769
2019,347,797489,2128.517986141381,374.6686686193823
2019,349,487891,2239.7486968285407,217.83292058204933
2019,350,454922,3520.5069360014404,129.22059472397922
2019,351,328481,2718.867368142169,120.81538211422742
2019,352,501192,352.2839386613561,1422.6933021825512
2019,354,237086,3384.210108409016,70.05652498079051
2019,355,153616,3988.7548523785085,38.51226903764172
2019,356,383467,3265.948289824045,117.413677734824
2019,357,245528,1860.5910234069765,131.9623694359265
2019,358,196386,273.40916717422095,718.2860839295104
2019,359,286887,2574.064238310982,111.45292946855359
2019,360,288248,6293.420185223225,45.801486555243564
2019,361,209489,324.2942772744369,645.9842639243309
2019,362,181947,2529.1622228364527,71.93963216639645
2019,363,242185,2650.8774770413493,91.36031449869319
2019,364,102663,4153.964677568698,24.714461476857892
2019,365,389778,4458.411578126567,87.42530678690402
2019,366,283772,284.8684473726705,996.1510396016723
2019,367,103943,5051.5022531124005,20.576651220131044
2019,368,269099,2333.82432947497,115.30387981709745
2019,369,17519,1237.9008869157763,14.152183090884197
2019,370,1023614,5186.732345824177,197.35238523038663
2019,371,705466,3756.5533317481436,187.7960826584899
2019,372,459738,292.8121210163923,1570.0784462206834
2019,373,593045,5400.0039460554335,109.82306789483079
2019,374,210667,233.9326318722808,900.5455900441327
2019,376,413683,1818.4962710285354,227.48630645584018
2019,377,348868,2976.797354216165,117.19575049537161
2019,378,541170,4294.10640632098,126.0262203105612
2019,379,417964,402.62715224323017,1038.0919361034667
2019,380,426705,4133.382301090634,103.23385762972121
2019,381,735245,369.9384421663032,1987.4793105969663
2019,382,113461,2076.2616443248016,54.64677359432578
2019,383,285454,4198.106363806127,67.99589511619686
2019,384,186244,3142.9428161205688,59.25783919603307
2019,385,241456,3439.0876829675076,70.20931777803737
2019,386,423589,5356.709986809598,79.0763362293364
2019,387,107542,2691.425838143071,39.957259262323866
2019,388,265301,3784.6101568029308,70.09995455492684
2019,389,106229,3587.084774466333,29.61429870745226
2019,390,283708,5321.3427535227165,53.315114838672244
2019,391,287575,5946.822447974547,48.35775786410882
2019,392,228179,280.661579147758,813.004048123994
2019,393,204810,5511.209201890556,37.162443394408314
2019,394,374176,5797.480618334235,64.54113857952152
2019,395,408062,2122.8608317480403,192.2226807793081
2019,396,128231,3887.06670035068,32.98914319850271
2019,397,166975,3068.809991104953,54.41034162557556
2019,398,103764,3770.858688372714,27.51733983560614
2019,400,264157,2290.2578951900387,115.33941245428217
2019,401,148738,1305.9838613844763,113.88961563607879
2019,402,760871,356.47530360631646,2134.428366572876
2019,403,347588,3566.820288556525,97.45038209947695
2019,404,193701,1940.4553078188355,99.82244848387113
2019,405,321844,303.10466808871485,1061.8246232545662
2019,406,51119,221.473180374842,230.8135003682225
2019,407,108170,989.1256189130642,109.35921376585762
2019,408,31850,700.2087208906515,45.48643718616848
2019,409,65975,1149.7050889195457,57.384281095947046
2019,410,512900,2661.778428691826,192.6907192842768
2019,411,132963,1754.3073756904214,75.79230518122365
2019,412,48415,774.7473168099966,62.491342595864154
2019,413,32611,1120.5307099855231,29.10317379915569
2019,414,24363,597.0854676275849,40.80320376377964
2019,415,62489,808.4868465605543,77.29130073771667
2019,416,36448,454.9770567892665,80.10953399982488
2019,417,37827,701.7636933156722,53.902760089049515
2019,418,28687,429.04013969942764,66.86320776442324
2019,420,221748,3166.234234558995,70.0352480494501
2019,421,233455,2278.7509397337876,102.44866866726255
2019,422,153714,2622.9366883719836,58.60377823126486
2019,423,173889,2011.5780828223235,86.44407168924154
2019,424,132839,2109.751760784995,62.96427971723714
2019,425,79192,1076.828025759313,73.54191951324694
2019,426,64749,1327.5918291452967,48.77176748043515
2019,427,185326,2875.2340717216916,64.45596962790118
2019,430,865821,2612.7745357253843,331.3799136363759
2019,431,433332,2315.72926236669,187.125501690613
2019,432,830281,230.74097962776955,3598.3248460650816
2019,433,178705,1939.0530612812988,92.16096432240707
2019,434,163015,1003.2069198440107,162.49389510326276
2019,435,295112,2057.0379853235668,143.4645359519599
2019,436,334153,150.50129437028804,2220.26661895586
2019,437,190622,2515.5492621622393,75.77748639919336
2019,438,64652,938.4502109126734,68.89230696333247
2019,439,173239,1414.7992567156305,122.44776011698204
2019,440,855340,1923.7493386129886,444.6213354473171
2019,441,1183044,412.6961988908473,2866.6219925929086
2019,442,569555,1236.4470404252925,460.638411010385
2019,443,270239,145.20636956560628,1861.0684972597032
2019,444,332806,1305.5729076815137,254.9118460117326
2019,445,156775,104.67877304784834,1497.6770880600468
2019,446,453032,2185.255716256141,207.3130373850026
2019,447,190128,162.01857399657518,1173.495083372472
2019,448,330320,2717.8608713221656,121.5367583695733
2019,449,90137,211.18770168722884,426.80989129515615
2019,450,609713,881.6723184385622,691.54150272042
2019,451,343665,2120.4231488677588,162.0737823879666
2019,452,806828,347.6156944012914,2321.034444056455
2019,453,496132,2565.4551340724433,193.3894666138372
2019,454,479474,265.13440126645486,1808.4186650608876
2019,455,99174,184.1374607913244,538.5867686770696
2019,456,340251,4004.4013135916684,84.96925591476709
2019,457,155118,1861.63509906447,83.32352568876234
2019,458,364734,3353.993932161483,108.74617169177375
2019,460,570686,1964.8980323891446,290.44051680691825
2019,461,560622,2823.0654066730413,198.5862597001209
2019,462,957925,420.99273134689963,2275.3955797176604
2019,463,661746,1730.3189056644583,382.441639996925
2019,464,128970,94.29590251013491,1367.71584519421
2019,465,487775,2153.0635925750826,226.54927689182506
2019,466,147261,137.64029140081843,1069.8974733435093
2019,467,333933,3105.9622669284104,107.51354050744392
2019,468,320278,300.3553279927199,1066.330343265171
2019,469,301482,2985.8633875385285,100.96979026509791
2019,470,116651,1383.4103219754186,84.32133123991014
2019,471,299149,2101.9268119960834,142.32132074851586
2019,472,214195,2099.190804569746,102.03693705865952
2019,473,312994,2537.4440596398395,123.35010847270692
2019,474,269081,2303.768176521031,116.80038067300023
2019,475,163836,2574.927153213038,63.627431088899996
2019,476,128948,1509.0289126619039,85.45098037421808
2019,477,184530,237.45722660317924,777.1083771157352
2019,478,183836,1808.1605873440883,101.67017315095171
2019,479,321574,3698.8860710686304,86.93806562879493
2019,480,1158365,1303.0560665783282,888.9602141538929
2019,481,1564274,1811.381790741917,863.5805041185132
2019,482,881511,192.78009706224822,4572.624526251599
2019,483,1011107,722.44442181361,1399.5637165579287
2019,484,449121,3073.2734077944597,146.137665090563
2019,485,180453,115.39243436026312,1563.8200285870848
2019,486,393848,4258.5441490169305,92.4841885438521
2019,487,203327,2867.828556950554,70.89928702579193
2019,488,639403,4147.325899140493,154.17235480156316
2019,489,165299,97.72266361151804,1691.5114047353607
2019,490,753464,4188.071975931825,179.90712774996135
2019,491,106831,541.5704442805114,197.2615033339336
2019,492,346904,2581.6341695616443,134.37380248918208
2019,493,346002,2572.690025617672,134.49035700168702
2019,494,584724,2620.393317674455,223.14360064043
2019,495,428042,201.6596467245524,2122.5962008386537
2019,496,273862,4700.776543593977,58.2588849863982
2019,497,223147,7176.661070607785,31.09342879711914
2019,498,177513,8504.0418030702,20.873956656223488
2019,499,78053,5695.817268702658,13.703564619055662
2019,500,256816,3567.6612039189376,71.98441368757145
2019,501,184010,3851.867997616448,47.771626679280324
2019,502,233951,3673.5756047768605,63.68481968787753
2019,503,302637,152.80243142000705,1980.5771229395143
2019,504,101359,3472.8564056680225,29.186061316722668
2019,505,120137,4625.966864970531,25.97013846115504
2019,506,171320,4093.8945436914896,41.84768273134845
2019,507,77898,192.80292615002514,404.0291377081356
2019,508,32082,2253.0236717384887,14.239530814713872
2019,510,86722,3967.9983485540597,21.85535183793651
2019,511,86112,131.490461959583,654.8916074724017
2019,512,44746,1416.7781026692098,31.582927429283767
2019,513,46610,1515.305943162988,30.75946491881909
2019,514,46833,1921.0764098922293,24.37852016652856
2019,515,146656,3380.330807043386,43.3851029296961
2019,516,23054,1118.1383325146323,20.618200207976777
2019,520,143507,2335.485425630513,61.44632650030659
2019,521,57286,2326.092730999912,24.627565030640287
2019,522,180072,2215.252756892771,81.28733817832074
2019,523,165995,2709.497220928611,61.26413369898547
2019,524,140188,131.64224918124256,1064.9164753102311
2019,525,111961,3356.6683175309536,33.35479988155474
2019,526,103183,1894.7863149359407,54.456272555192285
2019,527,172003,1886.5285112037895,91.17434429350091
2019,528,104793,110.76010938918468,946.1258261472308
2019,530,646932,2737.1990194512596,236.34817760883672
2019,531,691785,1672.3463367838112,413.66132408339104
2019,532,818557,160.88560757345428,5087.819925882915
2019,534,126490,58.40824252840328,2165.619003833052
2019,535,567261,4921.537095117451,115.26094166043515
2019,537,297833,118.88820204872876,2505.1518558412304
2019,538,60003,1357.2256634046562,44.21003936035222
2019,539,200093,3259.8861273690036,61.380364890687616
2019,540,151523,1566.7485656659685,96.71175281120684
2019,541,258278,4340.665724309836,59.50193274582693
2019,542,126618,1380.042928831314,91.74931978907797
2019,543,184164,165.1433183642436,1115.1768162597045
2019,544,387114,7580.461539217786,51.06733910557451
2019,545,87526,6096.633529337548,14.35644763274962
2019,546,250708,4473.189854518813,56.04680511083941
2019,547,268596,4611.733807187976,58.241869810733405
2019,548,176931,7742.343923822052,22.85238188084223
2019,549,490316,3076.9068637261717,159.35353967985282
2019,550,695403,4525.644791571771,153.65832539377982
2019,551,804977,305.81376312546666,2632.24582102847
2019,553,1026300,4550.262874456648,225.5474086478029
2019,554,1096854,302.13202236297235,3630.379830054136
2019,556,15666,3198.641867883092,4.897703665202128
2019,557,168992,10587.287261142623,15.961784717057133
2019,558,117103,567.4714279613368,206.35928829174202
2019,559,338302,4733.7648926000065,71.46573766873087
2019,560,263720,5320.9195037827685,49.56286217307275
2019,561,89353,5111.14832021749,17.48198142608349
2019,562,142487,7308.04561617683,19.497278408415493
2019,563,319615,5995.183971421204,53.31195865274387
2019,564,147240,5682.255446965586,25.912245828129475
2019,565,176274,7334.150394512563,24.034685753361263
2019,566,92117,9599.228498354898,9.596292036988897
2019,567,69343,7865.748410543246,8.815817183658286
2019,570,186141,5973.448197570795,31.16139854961786
2019,571,184644,176.3029037397301,1047.311167787591
2019,572,72200,6662.482676087081,10.83680116109563
2019,573,83195,10662.851229986196,7.802322118687921
2019,574,62128,9318.785899858101,6.666962914229635
2019,575,54054,14941.767944923151,3.6176441903828547
2019,576,21814,11801.888809383978,1.8483482053021159
2019,577,205981,17491.145076681565,11.776301614158179
2019,580,91033,6332.981483232161,14.374430154426967
2019,581,123576,71.21125272276507,1735.3437171102423
2019,582,99036,6261.088883475903,15.817695906118367
2019,583,50321,8337.672225359907,6.035377577802038
2019,584,45837,11583.350692924801,3.9571451486828924
2019,585,153036,10294.793131566837,14.86537884192612
2019,586,49129,10606.109304316415,4.632141588433918
2019,587,96866,11481.430002326753,8.436753956638656
2019,588,46831,4522.859905340611,10.354289316965527
2019,590,88453,25790.312966598398,3.429698589333035
2019,591,137244,815.7184945844334,168.24921944416468
2019,592,38326,17038.287563338647,2.249404457902578
2019,593,34706,21481.2923319124,1.6156383640122576
2019,594,129659,21638.37830850506,5.992084903564005
2019,595,31028,13893.53794522648,2.2332684534582894
2019,596,82488,6300.62363990771,13.092037346513887
2019,597,180616,15039.375596242717,12.009541143790786
2019,598,205003,12936.256034538519,15.847166247534243
2019,599,123798,8294.418081759539,14.925459360705155
2019,600,1639960,1146.9939187646562,1429.789620651417
2019,601,1438809,1248.744484120412,1152.2044888258029
2019,602,78984,8.179075571113481,9656.837048792215
2019,603,63203,7.169368391401864,8815.69987054907
2019,604,1445881,1763.024889062463,820.1137765950015
2019,605,1043238,1219.6354317034088,855.3687215719515
2019,606,2692662,225.00615718879607,11967.059184698961
2019,607,108161,15.59710039196483,6934.686402077747
2019,608,152750,25.91719464532143,5893.770606363618
2019,609,162986,2663.930939000579,61.18251701417871
2019,610,302051,3449.29658897029,87.56886866900899
2019,611,226980,197.19325176131764,1151.0535881559283
2019,612,208699,1997.359509459051,104.487449060446
2019,613,144729,2446.3726339845493,59.16065197486757
2019,614,139696,3374.543610928682,41.39700537506325
2019,615,203667,2060.047490152742,98.86519654209484
2019,616,168189,164.8691384792992,1020.1363429888828
2019,617,235782,2642.521654220923,89.22613732356112
2019,618,296766,2194.5559072258675,135.22827056848195
2019,619,105162,2012.5329230759887,52.2535551067004
2019,620,298918,2749.797605273038,108.7054550585076
2019,622,456819,3279.274406538438,139.30490205063765
2019,623,108598,3082.1046343507505,35.23501401920325
2019,624,146912,3853.698650160283,38.122337353464225
2019,625,177457,2237.8706486810497,79.2972552299165
2019,626,159769,3621.935248261973,44.111500910091365
2019,627,139584,145.05546116312865,962.2802125528009
2019,628,205286,4709.729101749804,43.58764497170977
2019,629,218923,3696.5319058404866,59.22389027783141
2019,630,728459,2141.632455581992,340.1419314977836
2019,631,911419,304.207621004917,2996.0426270361863
2019,633,521049,3006.901430848537,173.28436331647953
2019,634,67091,3031.896176527504,22.12839625558708
2019,635,61265,3103.7176464475638,19.739231134675656
2019,636,134431,3569.7002587107645,37.65890418165003
2019,637,129656,1970.4283237551133,65.80092177771282
2019,638,116732,2747.206869246258,42.49115758509564
2019,639,83072,3016.352066894394,27.54055168551001
2019,640,630786,2899.2592073662827,217.56799060854328
2019,641,581062,399.01583880355753,1456.2379321640587
2019,644,101905,4824.562569675771,21.12212216720166
2019,645,86715,180.1422890425762,481.3694799864851
2019,646,71093,4545.701164755587,15.639611453390055
2019,647,114023,4492.711820971703,25.37954904379748
2019,648,199201,1712.043940956713,116.35273793772129
2019,650,157435,3785.8590641436767,41.58501342299973
2019,651,69308,219.15270144034758,316.25437215459255
2019,652,275922,3808.320773075545,72.4524052571258
2019,653,104078,2734.6717762277826,38.058680718007636
2019,654,95007,2597.009313218936,36.58323422885262
2019,655,121807,3720.6189690909096,32.7383698819775
2019,656,214914,5181.85320128984,41.47435128932342
2019,657,297517,5418.991800249671,54.902648124747564
2019,658,231238,227.77565530178816,1015.2006793422433
2019,660,518096,4785.7394421663885,108.25829660410231
2019,661,157035,140.94906009312695,1114.1259111358731
2019,662,396164,171.5964943775167,2308.6951830637577
2019,664,83871,3014.633037498969,27.82129664099413
2019,665,133077,3342.081623472684,39.818596609176346
2019,666,163551,303.88872983028034,538.1937003433528
2019,667,114389,3972.104297819853,28.798085705550093
2019,668,59132,4323.786583465151,13.675975642768815
2019,669,23954,3612.674748563534,6.630544310562292
2019,670,184410,6782.480851789475,27.189166328622314
2019,671,113869,4301.79760569403,26.470097023922854
2019,672,418915,267.52223229036423,1565.9072384881888
2019,673,57492,2385.623842750196,24.09935672579548
2019,674,133274,7248.535344475573,18.38633512376731
2019,675,118952,7158.623999685158,16.616601179951846
2019,676,58514,6938.667751638995,8.433030964219077
2019,677,30377,8414.784956197993,3.6099555910368832
2019,678,115673,12877.329202116394,8.982685631814794
2019,679,29979,1682.3338691389981,17.81988733029726
2019,680,220084,3133.2913344373,70.24051596514703
2019,681,629520,288.72985229481077,2180.307976458291
2019,683,81251,4350.452644475865,18.676447404426117
2019,684,72128,3276.8607289996444,22.01131081393842
2019,685,291481,264.7607396263385,1100.9222908629592
2019,686,74368,4476.054933489123,16.614630764155862
2019,687,125989,10350.930549787427,12.171755900979106
2019,688,168857,9249.96301649705,18.25488379778906
2019,689,72170,5391.089785904566,13.38690373673505
2019,690,24920,5327.477743738278,4.677635684032665
2019,691,77072,14463.362103879663,5.328774834402172
2019,692,8529,4816.556851801895,1.7707670151986814
2019,693,68534,12353.472650718562,5.547751789130613
2019,700,576640,1477.8332722130851,390.19286603046226
2019,701,429545,235.95909823129554,1820.4214341374734
2019,703,277694,2271.6845880799365,122.24144208096747
2019,704,455135,2837.1393249294015,160.42039106110005
2019,705,644649,4869.653413692368,132.38087913759782
2019,706,273257,4914.617443412376,55.600868866462356
2019,707,426965,3292.5026504730504,129.67795179714003
2019,708,379492,231.61084018994225,1638.4898033649097
2019,710,175022,4961.226590999053,35.277969427466815
2019,711,303955,562.2195666708038,540.6339765082823
2019,712,332970,5964.084016627301,55.8291933969594
2019,713,198570,4326.260985991531,45.89875660367493
2019,714,190051,6412.652757557809,29.63687684102498
2019,716,154832,5305.869817658573,29.181266280733176
2019,717,102508,3908.0976219376753,26.229641609918502
2019,718,124303,4121.107253045855,30.162524867104423
2019,719,171397,3924.3906116745534,43.67480634830696
2019,720,405517,6194.055616271994,65.4687373059249
2019,721,318252,4355.164579024461,73.0746207692769
2019,722,218362,293.4793289041544,744.0455885440351
2019,723,160516,4288.192625823227,37.43208712999102
2019,724,232192,4238.292119905296,54.78433138421527
2019,725,106813,3284.733449684983,32.518011472207505
2019,726,137486,3743.2990445994637,36.728564392511984
2019,727,511825,2647.819282745006,193.30057883307984
2019,728,125500,2964.846636418929,42.329339554502006
2019,729,229881,2778.827607704933,82.72589467680633
2019,730,759015,8000.494122209312,94.87101526554217
2019,731,684217,401.30486487488497,1704.980576832326
2019,734,94418,2898.298015521078,32.57705021856588
2019,735,207719,5746.379732371098,36.14780255990671
2019,736,59072,4961.971857524407,11.904944585774373
2019,737,108492,5687.638588158961,19.075051678893317
2019,738,32609,5141.358381293034,6.342487253689355
2019,739,28189,5120.585864592492,5.505034139729897
2019,740,641461,6149.789119305968,104.3061782372778
2019,741,421313,264.47352615118103,1593.0252306583034
2019,743,129414,2745.645616246057,47.13426934424966
2019,744,223850,3762.031036340123,59.502433084063966
2019,745,82868,4887.266335579849,16.955900151524716
2019,746,53877,2353.2338116786987,22.89487756491413
2019,747,91582,3269.3053026180946,28.012679001456412
2019,748,201208,4777.417327184257,42.1164797253727
2019,749,113958,2983.501214685123,38.19606288044601
2019,750,2470557,1492.9409537302588,1654.8256606043742
2019,751,821558,3649.1575787709135,225.1363451059058
2019,752,1407371,357.2727084251197,3939.2065691325233
2019,753,0,0.0459797523205304,0.0
2019,754,359936,6302.17926822242,57.11294215556689
2019,755,127107,2088.456655946202,60.8616892469873
2019,756,339402,4222.7990557810435,80.37370367774335
2019,757,367475,3281.845423079887,111.97206224756884
2019,758,126120,4653.578368745158,27.101724738764503
2019,759,261327,6670.164832741998,39.17849206922412
2019,760,1285056,2996.7745862964066,428.8130331444612
2019,761,1031543,509.6481815770166,2024.0295899969108
2019,762,524810,3635.8384487904214,144.3435970524474
2019,763,173202,4869.95399207618,35.56542839661608
2019,764,147865,8231.938764129121,17.962354220165658
2019,765,515534,4932.4694370137395,104.51843778927078
2019,766,162012,4853.665291714667,33.379310327920365
2019,767,186399,332.6394288380179,560.3635162888909
2019,768,85477,9975.53571858446,8.568662617362596
2019,769,137367,10070.255412652565,13.640865536281042
2019,770,3195984,848.3158733669814,3767.445712544645
2019,772,0,0.0,
2019,773,1317227,3898.322688320133,337.89583503350775
2019,774,1311728,5348.5050630344695,245.25133369805437
2019,775,1282944,2847.7101827512447,450.51775555352174
2019,776,274483,2324.892562812006,118.06265992266202
2019,777,144347,417.0504129147049,346.1140320930981
2019,778,332026,4152.423176188675,79.95957683309916
2019,779,172357,4858.247065545481,35.47719942494276
2019,780,597905,11135.155282381502,53.69525478877064
2019,781,460118,4329.7189902721375,106.2697142779421
2019,782,1812585,889.8498714657776,2036.955960913132
2019,783,235833,6974.044142815876,33.81581693068821
2019,784,326556,316.6914381844053,1031.1488111966282
2019,785,1363028,3948.640748340911,345.1891642896861
2019,786,1094270,7440.91122954531,147.06128943657177
2019,787,1107504,553.6262420062787,2000.4543064767506
2019,788,181203,11257.386447558521,16.09636489287431
2019,789,71031,2756.7908006020916,25.76582887047019
2019,790,221632,19508.787945994973,11.360623766762487
2019,791,229505,700.8309450129132,327.47555117699784
2019,792,31623,8070.569461851748,3.9183108638710946
2019,793,146964,10462.51941727543,14.046712282066306
2019,794,279339,463.31871946175346,602.9089442457962
2019,795,94241,9032.61633969919,10.433411146425208
2019,796,134045,540.2674637907172,248.1085924728661
2019,797,451087,13194.632519677802,34.18715900782169
2019,798,68565,9678.818327176226,7.0840259298475425
2019,799,791323,906.6001229798144,872.8467821061822
2019,800,878262,439.4912233506441,1998.3607256231523
2019,801,727255,3395.410327209471,214.18766214264798
2019,802,1134168,256.6676420518096,4418.819571230029
2019,803,130607,163.75736748083722,797.5641157963995
2019,804,225954,9078.835283644641,24.887994212985898
2019,805,575948,2933.302377777853,196.34798115709916
2019,806,296552,3099.956967456404,95.66326343017874
2019,807,68974,9500.28464868359,7.2602035150133535
2019,808,123150,9990.742041423377,12.326411740929593
2019,809,592012,867.3750836614909,682.5328639841856
2019,810,234247,18706.770967816567,12.522043510502286
2019,811,74374,9855.409096602687,7.546515753023168
2019,812,88466,7437.235769715461,11.895010826500206
2019,813,69447,4702.504759667638,14.768087125744527
2019,814,85744,5695.89460657717,15.05364932507522
2019,815,148236,2260.324464103529,65.58173499165844
2019,816,157023,15141.730198412424,10.370215156552156
2019,820,136770,5195.849496329206,26.322933352212388
2019,821,1103,3124.69405946653,0.3529945585099336
2019,822,24363,6599.446532291769,3.691673215441529
2019,823,15494,3707.7857547507533,4.178774348045238
2019,824,53418,8416.101575254435,6.3471192121852535
2019,825,38706,5351.836404702723,7.232283850453384
2019,826,96260,8009.0596929327,12.018889069454818
2019,827,61989,8784.71744379529,7.056459174311096
2019,828,37825,4372.47772856892,8.650701581133005
2019,829,69868,5791.192431229226,12.064527440537832
2019,830,21938,2131.916527540397,10.290271554538762
2019,831,23076,3353.5316298405833,6.881104026174628
2019,832,176866,15236.229665020937,11.60825242783297
2019,833,197213,8512.313446176702,23.16796735070629
2019,834,215465,9081.935590945102,23.72456816527344
2019,835,70089,6580.617337270694,10.650824445152946
2019,836,504635,14419.273593480395,34.99725535606511
2019,837,280710,1238.1849861723417,226.71087368598432
2019,838,272844,6769.708068177318,40.303658186173564
2019,840,1451131,11174.807742901301,129.85735713635148
2019,841,620656,413.8526132266378,1499.702986435199
2019,843,193099,4702.354929441481,41.06431838885782
2019,844,204674,202.7902017473337,1009.2893948348324
2019,845,55128,10159.908483298032,5.426033127229978
2019,846,311865,3562.41184748333,87.5432188505429
2019,847,257046,9824.164031262664,26.164668991888036
2019,850,1477823,543.9440551367502,2716.8657990544048
2019,851,464989,3414.9443640392255,136.16297966565025
2019,852,1603592,1525.9041770914814,1050.9126484315673
2019,853,1433658,13608.193062408496,105.35256175637024
2019,855,96812,6900.583998941192,14.029537212336606
2019,856,309183,14374.460492461882,21.50918986922249
2019,857,910697,1685.4264725327566,540.3362382409123
2019,859,80078,5766.081612672747,13.887767357299252
2019,860,187560,17617.4478138837,10.646263975431813
2019,863,225545,7066.320006802751,31.918311056231204
2019,864,200701,9606.883218853662,20.891375009755617
2019,865,62151,7992.895372602259,7.775780502899965
2019,870,201678,10508.901682965656,19.191158703759577
2019,871,754651,856.5382382452087,881.0476477338067
2019,873,73200,4900.462371652587,14.937365997020136
2019,874,123030,3949.16447658581,31.15342516864826
2019,875,232738,6509.395735150476,35.75416359205573
2019,877,38297,8379.54270396572,4.570297133502939
2019,878,16201,8220.352266439286,1.9708401142543248
2019,879,15909,3512.0129130892747,4.5298808386231
2019,880,277916,14288.112439873525,19.450854769621344
2019,881,70845,8025.574763197252,8.827405150453867
2019,882,193005,13193.352680617962,14.62895782991832
2019,883,76049,9659.687248773573,7.872822177514644
2019,884,16157,9846.737411928521,1.6408480620623749
2019,890,659125,13551.054151075916,48.64012737692937
2019,891,1573031,1810.9963234901995,868.5997754917655
2019,893,11478,6773.882767033569,1.6944491652350322
2019,894,303672,16270.862254967009,18.663546850892796
2019,895,301316,1144.8132923832072,263.2009970575529
2019,897,65601,222.96213675102712,294.22484443290926
2019,898,58507,9355.099882957473,6.25402194866827
2019,900,2497931,219.70608291008026,11369.421214533853
2019,902,1250203,295.6464302833575,4228.709945192855
2019,903,133613,10.60933951398288,12593.903684946736
2019,904,93980,8.73664099645493,10756.994597595838
2019,905,174988,23.65940457895803,7396.128647955457
2019,906,738744,109.98381607615106,6716.842771562911
2019,907,629955,171.79127242256368,3666.9790677751535
2019,908,476605,58.540433518176116,8141.466869254047
2019,910,286137,114.43285825614511,2500.4793584681283
2019,911,170966,28.94497241974063,5906.587075667768
2019,912,211343,33.374274664866,6332.512155612073
2019,913,1433140,783.6286860525929,1828.8508645838617
2019,914,321941,33.74270206005041,9541.05570523237
2019,915,107461,21.23065993471921,5061.594897682169
2019,916,217463,21.333013384827506,10193.731006359576
2019,917,1999784,632.0714799489739,3163.857353857256
2019,918,84335,7.59363042762491,11106.01849850333
2019,919,586558,801.5422102943221,731.7867886017119
2019,920,1312745,3097.3623763582373,423.8267404615008
2019,921,1411463,348.8760383406205,4045.7436019780093
2019,922,807594,8383.916884311224,96.32657517290589
2019,923,1181453,7869.163345097334,150.13705373596952
2019,924,248166,142.84563013601198,1737.3020075147285
2019,925,1521285,1792.0657413513836,848.900218835058
2019,926,1385124,496.4633036881549,2789.9826426447066
2019,927,495904,56.11590888821076,8837.137450413516
2019,928,1287302,330.2277777669608,3898.2244579934736
2019,930,710590,1343.655204846171,528.8484705280863
2019,931,194350,365.2786308603908,532.0595939111489
2019,932,795508,7582.0583162963885,104.91979444291351
2019,933,562266,1030.8941259742792,545.415853901207
2019,934,515972,4612.3849407122325,111.86663876331296
2019,935,536392,7084.501302720118,75.71344503727461
2019,936,614530,6688.584723997437,91.87743377088086
2019,937,602229,378.1276599604901,1592.6605317974513
2019,939,401418,1993.4824310603956,201.36520580543728
2019,940,873273,472.2649161988112,1849.1168199171816
2019,941,875107,49.57471333119284,17652.28563509161
2019,943,112510,24.7071504301107,4553.742460841766
2019,944,143097,18.827115344319083,7600.580194202627
2019,945,2480164,2618.1265618489597,947.3048538373453
2019,946,446194,63.23615536913279,7055.9950616131055
2019,947,148749,17.292453624605706,8601.960324956008
2019,948,176508,41.3644150433958,4267.146043642193
2019,949,393084,761.258708588701,516.3605953733379
2019,950,878932,2314.2274787082565,379.7949890779958
2019,951,1050566,429.87118389214567,2443.9088716948895
2019,952,522662,2188.3482839368858,238.83858151670435
2019,953,1098175,5558.364464345223,197.57160708772727
2019,954,516592,4877.098353723818,105.92199757578516
2019,955,166371,4228.772780518182,39.34261986514522
2019,956,1240237,4049.3228571697096,306.2825671714576
2019,957,358799,914.4763233543646,392.3546086834699
2019,958,858710,220.13014811122133,3900.9195576706493
2019,959,527941,6009.689022210784,87.8483059687149
2019,960,299780,11618.697009484858,25.80151627633256
2019,961,108382,5984.937890815671,18.109126941203545
2019,967,1001111,4643.546924775642,215.59187754915814
2019,968,420975,99.16829330261533,4245.056418540761
2019,970,832710,4982.495861732617,167.1270831142111
2019,971,347986,2135.380267144997,162.96207535216067
2019,972,930908,295.4534425700268,3150.777299808788
2019,973,641922,3926.1295795553024,163.4999525595658
2019,974,580599,8249.57497573304,70.37926216900759
2019,975,301311,3086.9558857957873,97.60780884056105
2019,976,71598,6307.816299497444,11.350679316026428
2019,977,244174,12203.592979964476,20.00836969906143
2019,978,147312,15271.76827881274,9.646034258152872
2019,979,31219,9348.878059210874,3.3393311798779792
2019,980,1526610,2099.1858021555304,727.2391031000753
2019,981,995951,188.78570551315144,5275.563620099503
2019,982,951338,5541.745450693749,171.66757449693142
2019,983,778344,5323.435118147189,146.21085496969502
2019,984,432750,164.64850472602035,2628.3263289885804
2019,985,510629,5445.074781796915,93.77814271845293
2019,986,627955,3926.4039490891223,159.93132854954413
2019,988,233876,10480.517843992036,22.315309556394638
2019,989,296103,5371.731628946106,55.122448486521506
2019,990,155528,2242.7448165251494,69.34716729876163
2019,991,121381,11976.130423106484,10.135243664832688
2019,992,363290,336.7241087259405,1078.895126857939
2019,993,387949,7673.362363660732,50.55788865611726
2019,994,22456,667.725765320753,33.63057285832439
2019,995,321643,54413.04079674755,5.911138125903555
2019,996,205348,44803.56657617502,4.583295833175855
2019,997,136914,81411.54858461337,1.681751574319967
2019,998,50561,14009.563628405402,3.609034609577983
2019,999,22036,7496.699721726804,2.939426790182839
2020,006,1064354,1690.8650346903994,629.4730674319522
2020,007,1217832,1495.3326967171333,814.4221033042608
2020,009,971244,247.1571047904395,3929.6624744957344
2020,010,475217,1312.60496890372,362.0411405244782
2020,011,169408,42.627091908422834,3974.1861904148823
2020,012,125535,917.2782112109767,136.85597070301125
2020,013,82576,805.8971817377586,102.46468392151603
2020,014,220924,488.6077364575314,452.15002447920136
2020,015,390479,829.9551731172127,470.482036437471
2020,016,192504,58.63333681671193,3283.1834320084554
2020,017,405521,391.1757955031819,1036.6720146331277
2020,018,759111,408.72137452316286,1857.2823623076263
2020,019,503230,372.31916955721346,1351.6091599540102
2020,020,423702,399.80081308626666,1059.7827371315927
2020,021,1397854,162.70859888577746,8591.15012711346
2020,022,30805,2.1226900941144358,14512.245610140055
2020,023,463016,542.3120162818249,853.7815613500682
2020,024,427590,111.06917792456882,3849.7628954307393
2020,025,118919,348.3705056189614,341.35783047624165
2020,026,146070,295.39130709539484,494.4966100604564
2020,027,540543,623.9050998635734,866.3865708393764
2020,028,674028,980.3424573332422,687.5434139958721
2020,029,383770,114.52032838694237,3351.108099370046
2020,030,393789,918.0694138680851,428.93161895118146
2020,031,153886,106.42640797971194,1445.9381174391913
2020,032,190752,2411.836243122713,79.08994673412188
2020,033,63083,197.2612626381376,319.79416108534946
2020,034,83939,786.1249789500989,106.77564286546888
2020,035,44629,2501.9160039565722,17.83792898299661
2020,036,13374,208.84636705367745,64.03750368596371
2020,037,78379,862.0462689996974,90.9220337917007
2020,038,333453,1615.1459873338533,206.45378350624273
2020,039,50873,212.25237817426486,239.68164897654015
2020,040,353140,2089.0493796966407,169.04339525534857
2020,041,115328,85.35184601603959,1351.206861751147
2020,042,176883,2199.0721240894886,80.43528816647488
2020,043,81074,780.7768052878179,103.83761332422482
2020,044,174278,7109.19794303239,24.514439096580094
2020,045,48526,574.6138302730037,84.44975989691181
2020,046,73419,2994.602483243599,24.51711050492295
2020,047,67574,4677.873316223958,14.445453186095822
2020,048,40047,394.4633806602511,101.52273180078086
2020,049,159621,5271.96246218868,30.277340012343828
2020,050,59854,1251.2930215792096,47.833719974287504
2020,051,28606,496.8296804375854,57.57707545733804
2020,052,31960,451.20150992843804,70.83309629231728
2020,053,36006,778.5273366813558,46.24885768749432
2020,054,243011,1950.618367840562,124.58151938199272
2020,056,84810,1178.7222775756115,71.95079079563735
2020,057,79184,1512.482120046017,52.35367674798751
2020,058,57318,1515.9387574657258,37.810234561072576
2020,059,3559,409.57339132731204,8.689529337993084
2020,060,673342,1186.2997078122637,567.5985550411674
2020,061,291947,85.17541543843923,3427.597018426115
2020,062,164038,675.4061968759044,242.8731047460903
2020,063,261713,656.7245102388157,398.51261209183275
2020,064,715586,1045.1007521965478,684.7052769754612
2020,065,288318,115.92469530301031,2487.1145811199126
2020,066,240314,88.17666814918626,2725.3694774836845
2020,067,323472,703.2850113361899,459.94439634854007
2020,068,482127,386.0600935144073,1248.8392561144308
2020,069,129753,37.61308472898911,3449.6771784313914
2020,070,1741872,363.44583125339193,4792.659181130018
2020,071,401040,34.42351136476823,11650.176989511196
2020,072,185700,19.1991855602923,9672.28528610423
2020,073,262604,15.9467417155505,16467.5646401121
2020,074,463034,495.03847811466346,935.3495141699866
2020,075,197618,21.170819796707203,9334.451943648231
2020,076,501763,123.14091498860074,4074.7057957661646
2020,077,592455,393.4370499001754,1505.8444550413346
2020,078,355426,868.8284053602325,409.08653286103566
2020,079,259162,248.52913044432063,1042.7831922023383
2020,080,1159055,1644.3463254490462,704.8728008581037
2020,081,154496,29.39817331051641,5255.29250978098
2020,082,243002,608.9212451813278,399.0696693915444
2020,083,233722,879.6134170383958,265.7099078671714
2020,084,54612,23.725502029987748,2301.826951057701
2020,085,317856,609.7627831798495,521.2781244903371
2020,086,267993,124.7907724228589,2147.5385943753454
2020,087,472646,375.478717014265,1258.782398529511
2020,088,909322,769.0580271463806,1182.3841217470601
2020,089,112040,22.07175928268136,5076.169894980341
2020,100,1543175,21.486089551516287,71822.05008966358
2020,101,59233,0.6272622222128574,94431.00174443418
2020,102,15554,0.2061163569948726,75462.23029930092
2020,103,475596,55.65406565780903,8545.57514134221
2020,104,1431646,41.50944510853621,34489.64437507234
2020,105,657379,604.3469841651422,1087.7509398150094
2020,106,83460,21.093740597017828,3956.6239859704797
2020,107,229981,24.36217417229851,9440.085206414147
2020,108,88633,11.96792785645159,7405.876862152066
2020,109,557224,683.2443293599379,815.5559820335524
2020,110,255274,44.17855476274714,5778.233384294765
2020,111,202025,7.0203125415623955,28777.208821395096
2020,112,2576771,68.74016416954086,37485.668402604446
2020,113,1149436,48.11278487854301,23890.448306030547
2020,114,773872,42.03801514817691,18408.861533358122
2020,115,725999,139.35311693482836,5209.779414833827
2020,116,128662,8.50542945627647,15127.043338776451
2020,117,1549541,589.0158062621236,2630.7290628299775
2020,118,74026,15.67366457425701,4722.95420444195
2020,119,255727,494.65973022381286,516.9755781096113
2020,120,331665,1938.384953062676,171.10378383610777
2020,121,282880,2256.401532392838,125.36775743988052
2020,122,149116,52.42517230598723,2844.3587963748128
2020,123,163439,134.31912036493355,1216.7962353829464
2020,124,149224,1506.3882769447416,99.0607815288209
2020,125,447474,1603.4531158108498,279.0689640923595
2020,126,83771,50.76290415255467,1650.2404934959613
2020,127,95595,1342.3146798551074,71.21653471771518
2020,128,225339,3657.795945161822,61.60513144481353
2020,129,158941,4116.535475618987,38.61038024361995
2020,130,382213,1905.6888471919458,200.56422146941523
2020,131,173059,1467.7165235298612,117.91037112792922
2020,132,224991,102.56676783837973,2193.6052460435435
2020,133,140530,3297.451118323577,42.617765952341216
2020,134,179917,2086.882304189398,86.21329513351961
2020,135,69569,60.632971404800166,1147.3790313778418
2020,136,227531,3896.2402184808507,58.39758003645746
2020,137,128360,1561.1087427446625,82.22361228617805
2020,138,136593,1706.6688694701222,80.03485763609709
2020,139,78793,116.5668296612035,675.9470102173018
2020,140,446438,1873.353770150932,238.3094998463806
2020,141,193728,855.8792931460623,226.34967518362294
2020,142,559004,154.70330982277176,3613.3939257045986
2020,143,63772,35.91865378112996,1775.4562960124895
2020,144,303070,1649.9892671939817,183.67998266765056
2020,145,321674,1724.2548111315114,186.55827312954239
2020,146,469781,165.02410345238044,2846.7417193728947
2020,147,170625,2393.328989058011,71.29191213580553
2020,148,278146,3125.586291883937,88.99002427872449
2020,149,46206,66.86077599903297,691.0778301566272
2020,150,443671,918.264233150453,483.1626714652913
2020,151,364875,259.2913503413224,1407.2008168405573
2020,152,675992,212.4275496059519,3182.2237805498826
2020,153,183797,1199.3864847159982,153.24251385367342
2020,154,138307,886.9523734419366,155.93509205379462
2020,155,85280,1578.5305097565035,54.02492981472679
2020,156,298231,960.2719320705052,310.56931900213374
2020,157,107181,1133.6799715853579,94.54255405969307
2020,158,84695,1836.2418066886025,46.124099610135346
2020,159,135010,773.8847480887382,174.45750201620325
2020,160,197453,941.1464796389657,209.80049787334397
2020,161,211691,1168.225170771067,181.20736078668548
2020,162,86178,1211.974138651148,71.10547762670149
2020,163,140755,2060.004423436756,68.32752318326335
2020,164,127114,1433.381657756076,88.68119618538573
2020,165,181011,123.30459963199431,1467.9987651736585
2020,166,199783,1759.161497680073,113.56717405620095
2020,167,45815,1486.183437505633,30.827284737403993
2020,168,204519,1841.923588158046,111.03555072255868
2020,169,63433,2001.0019510583504,31.700618765738653
2020,170,642722,2637.0020906085942,243.73207829033842
2020,171,171488,129.5644735123676,1323.5726997619495
2020,172,211249,1607.684675046351,131.39952335112574
2020,173,341496,1231.696467782639,277.2566203869838
2020,174,181294,140.31724533740964,1292.0293550807446
2020,175,342471,835.2564451663935,410.0189851654189
2020,176,169133,89.06007074037493,1899.0889923392394
2020,177,166686,2364.1273643268078,70.50635364032696
2020,178,234974,1676.5609428242458,140.15237621137425
2020,179,119911,689.929693294824,173.80176728929257
2020,180,554397,817.9000663502522,677.8297530576169
2020,181,170887,60.28405387840357,2834.69655747918
2020,182,136693,598.6533183538121,228.33415569445256
2020,183,176181,773.9640140180031,227.63461454152554
2020,184,194336,1691.8597735124629,114.86531155979898
2020,185,117610,62.912828472128716,1869.4120556366802
2020,186,175546,1390.1042683524834,126.28261346758737
2020,187,130870,191.05007009011933,685.0036743680226
2020,188,75303,1407.437947015951,53.50360217276887
2020,189,367736,489.90650283640514,750.6248597863547
2020,190,1128192,402.40162382530906,2803.6467379907285
2020,191,1581830,147.65651524414216,10712.903507065223
2020,193,451837,655.1149888233265,689.706399194986
2020,194,536641,369.0450442415193,1454.1341453397179
2020,195,224204,805.9291949245683,278.1931730627833
2020,196,216407,102.64134227143845,2108.380455778769
2020,197,338006,324.2256848353851,1042.502231652657
2020,198,215535,83.05505424735138,2595.0858975794768
2020,199,414138,1606.0638728665326,257.8589849361587
2020,200,700845,66.01506720584838,10616.439998684285
2020,201,985484,1387.5640548469567,710.2259506921973
2020,202,0,0.1477587431639232,0.0
2020,203,1129,1.1832511460125057,954.1507767008474
2020,204,0,0.0177646705004307,0.0
2020,205,0,0.4281127964167295,0.0
2020,206,363774,1183.52927899949,307.3637521730941
2020,207,1022460,588.9034007053359,1736.2100452729408
2020,208,726964,455.29940780487163,1596.6724040009208
2020,209,330239,62.13449401058516,5314.906080087188
2020,210,770870,773.4373132195628,996.6806447326985
2020,211,482809,718.184997076357,672.262720560101
2020,212,1192413,292.4199251125922,4077.7419648845002
2020,214,96168,54.3586596530137,1769.1385441412065
2020,215,99497,1042.2787703317645,95.46102523831453
2020,216,170598,1808.3496209959542,94.3390581219812
2020,217,496693,1448.7993360712853,342.8307755488654
2020,218,182250,1302.3915908936299,139.93487156574008
2020,219,102889,373.6227676795248,275.38204012302884
2020,220,512458,197.5431541135338,2594.157222504787
2020,221,485260,212.5894704681997,2282.6154039110224
2020,222,236649,26.045594504019213,9085.951175485037
2020,223,353655,59.10072548306033,5983.936696367051
2020,224,239571,1093.714223113169,219.04350783523736
2020,225,204948,1445.8137042015096,141.75270258154606
2020,226,197521,1202.1629613081086,164.30467944634697
2020,227,83150,1005.9969833005514,82.65432340283482
2020,228,173698,1497.8835438301455,115.96228606387355
2020,229,271191,1818.543631557164,149.12537444470735
2020,230,235752,2372.282316777709,99.37771669614091
2020,231,398980,1744.1135943854079,228.75803576348645
2020,232,583249,321.3158031173225,1815.189275913197
2020,233,275456,738.5357937576135,372.9758291043701
2020,234,587761,1261.1914519671411,466.03630169173823
2020,235,244300,59.772259492294715,4087.1802751825517
2020,236,382488,220.48625748556972,1734.747572759871
2020,237,94961,35.560088253574044,2670.4376919102765
2020,238,343680,3458.6451012057537,99.36839136232457
2020,239,103354,2600.993846099811,39.73634930162533
2020,240,361050,2000.4353610005514,180.48571177996712
2020,241,228358,2420.1352969257177,94.35753459324431
2020,242,185023,2598.451709383797,71.20509468458691
2020,243,149751,2634.1465201140304,56.849912811044916
2020,244,144007,2777.4240934758286,51.84912175935701
2020,245,383707,3987.4074766803933,96.22969366537998
2020,246,64145,1023.3193349329842,62.68326788157557
2020,247,58065,274.64908669020144,211.41523061205783
2020,248,33345,875.4168206908603,38.09042642530542
2020,249,52100,2077.0378582538515,25.08379892690066
2020,250,62104,1063.369947631436,58.40300465358388
2020,251,71910,947.5070023080607,75.89389822432159
2020,252,56695,1331.4578390929778,42.5811455198777
2020,253,111479,328.91150256854235,338.93311462030346
2020,254,194828,871.7638919384982,223.48711824571058
2020,255,137628,1520.6312707122606,90.50714834736716
2020,256,45909,736.7191028435365,62.31547386623162
2020,257,71590,96.72080398299366,740.1716802580303
2020,258,84336,704.1249297215866,119.77419977637597
2020,259,43943,869.8242466655419,50.51940109562918
2020,260,124488,619.5553806572752,200.93119015112563
2020,261,128404,1421.5479649593105,90.32688531454185
2020,262,83183,2840.793288924765,29.281609585709987
2020,263,88247,1221.790759368983,72.22758833564664
2020,264,56996,1304.9742432948126,43.67595781514883
2020,265,186510,1063.5489570611185,175.36569309924292
2020,266,29917,990.6404847039402,30.199654124715995
2020,267,54446,1116.6041760915089,48.760340652297536
2020,268,31014,1625.6468957723775,19.07794372852699
2020,270,293911,1960.005123884338,149.95419982246128
2020,271,268471,203.2865307601766,1320.6531637687474
2020,272,615750,2354.5145299059413,261.518878808787
2020,273,395476,2619.5655666233965,150.97007115945797
2020,274,332463,234.0665821766311,1420.3778980679826
2020,275,1239324,4294.335641422565,288.5950478685581
2020,276,564549,299.18752398157613,1886.9403125070307
2020,277,302099,246.03045472533321,1227.8927027032541
2020,278,547768,5940.473314675371,92.20948752463741
2020,279,198509,3364.8575414126967,58.99477096931072
2020,280,749370,1811.3964535976027,413.6973982209588
2020,281,637304,2583.179278361089,246.71303511088115
2020,282,941263,410.6930079556241,2291.8895178797507
2020,283,866408,5010.909031919977,172.9043561718836
2020,284,539032,4072.4015109557854,132.36219428508417
2020,285,514048,3772.3302092384874,136.26802837702
2020,286,642293,4124.796665282218,155.71506964357343
2020,287,565267,5438.699337359137,103.93422488298022
2020,288,133378,138.19659833491778,965.132294188313
2020,289,39436,683.556403428187,57.69238617650235
2020,290,469408,4270.117215948797,109.92859827050441
2020,291,364804,4245.7690221519015,85.92177249790777
2020,292,344111,309.943135744503,1110.2391384581679
2020,293,417237,2119.755783848858,196.83258004486694
2020,294,854779,4232.9566872831265,201.93426560871094
2020,295,702817,5139.543340737564,136.74697408021865
2020,296,1050627,3806.7424348849504,275.9910915884575
2020,297,418751,1916.54149574357,218.49305164015513
2020,298,227429,2485.9823518168996,91.48455934684401
2020,299,241554,2160.214668518869,111.81944253976353
2020,300,2471610,1688.0334461097855,1464.194922023632
2020,301,1303666,3575.372267783389,364.6238495909768
2020,302,1094996,3365.284622410659,325.3799077522364
2020,303,1014002,359.2826062504585,2822.296382734242
2020,304,229980,4985.804915703602,46.12695520348994
2020,305,706058,4260.794253645449,165.71041875488615
2020,306,415100,3428.78805951581,121.0631840740304
2020,307,374220,2026.689382334849,184.64595673209655
2020,308,215805,2098.3272052183347,102.84620981099327
2020,309,204138,187.40360758558313,1089.295999314072
2020,310,545871,8636.312308115208,63.206491442773114
2020,312,162839,356.0059335823521,457.40529760673695
2020,313,230757,2027.4469566198604,113.81654116599717
2020,314,256424,278.9609269753682,919.2111697515325
2020,315,345087,5415.322915453056,63.72417774298679
2020,316,198661,3066.5153096568292,64.78395831724445
2020,317,360476,4833.740963389016,74.5749519327292
2020,318,92447,2315.205156798909,39.93037063195763
2020,319,191115,187.43118130869743,1019.6542467778365
2020,320,682960,4811.813348208662,141.93401750594748
2020,321,622726,2546.796995103536,244.51340299099263
2020,322,1007780,1004.6520559664162,1003.1134600432135
2020,323,443199,4418.542163621888,100.30435007475607
2020,324,361787,4516.527545197505,80.10291011834829
2020,325,714476,2417.7806781380655,295.50902050810436
2020,326,380539,3105.758697105461,122.52690473173556
2020,327,1046300,1814.8591594062727,576.5185659598483
2020,328,1027462,504.0558545661102,2038.389179874592
2020,329,683431,1428.8957066001885,478.2931300326365
2020,330,1782363,1927.1101370288786,924.8890168508779
2020,331,2038866,686.0847012720917,2971.7409471741216
2020,333,844805,365.8974625587069,2308.85722489659
2020,334,1595490,2521.0004400066323,632.8796991387287
2020,335,857209,1661.6771524594699,515.8697637090537
2020,336,830499,264.07541973264495,3144.931099005024
2020,337,775421,230.19909579219953,3368.479781953495
2020,338,806342,3481.3144866354487,231.6199823645629
2020,339,884840,2300.127809590312,384.69166639813966
2020,341,443409,2519.9581153739605,175.95887697292076
2020,342,878167,1974.7310906490952,444.70206812378996
2020,344,466830,1593.3407690704187,292.98817243743554
2020,346,721387,864.0312959100881,834.9084152561393
2020,347,820989,2128.517986141381,385.7092142727462
2020,349,497178,2239.7486968285407,221.97936791033678
2020,350,458140,3520.5069360014404,130.1346676283931
2020,351,330912,2718.867368142169,121.7095044346042
2020,352,498699,352.2839386613561,1415.6166241782312
2020,354,239032,3384.210108409016,70.63154837994786
2020,355,152424,3988.7548523785085,38.213428912310576
2020,356,386396,3265.948289824045,118.31050761088974
2020,357,250282,1860.5910234069765,134.51747151918542
2020,358,197970,273.40916717422095,724.0795985229353
2020,359,285976,2574.064238310982,111.09901444714846
2020,360,288475,6293.420185223225,45.837555972717546
2020,361,208148,324.2942772744369,641.8491308246334
2020,362,181614,2529.1622228364527,71.80796801413557
2020,363,243219,2650.8774770413493,91.75037402009893
2020,364,102755,4153.964677568698,24.736608993060138
2020,365,394799,4458.411578126567,88.55149262955558
2020,366,283034,284.8684473726705,993.5603700950753
2020,367,101990,5051.5022531124005,20.190033556287247
2020,368,271724,2333.82432947497,116.42864313661883
2020,369,17340,1237.9008869157763,14.007583469143901
2020,370,1039401,5186.732345824177,200.39611275426978
2020,371,722822,3756.5533317481436,192.41627528381946
2020,372,462090,292.8121210163923,1578.1109005871076
2020,373,598063,5400.0039460554335,110.7523264750334
2020,374,213137,233.9326318722808,911.1041853979802
2020,376,416194,1818.4962710285354,228.86711764583498
2020,377,351818,2976.797354216165,118.18674841997732
2020,378,546102,4294.10640632098,127.17477126233548
2020,379,421205,402.62715224323017,1046.1415670882197
2020,380,424969,4133.382301090634,102.81386260541825
2020,381,736639,369.9384421663032,1991.2475050885605
2020,382,113583,2076.2616443248016,54.70553304804563
2020,383,285123,4198.106363806127,67.91705004384384
2020,384,189768,3142.9428161205688,60.379081358609156
2020,385,244350,3439.0876829675076,71.05082002130175
2020,386,426294,5356.709986809598,79.58131036582333
2020,387,105244,2691.425838143071,39.1034367391718
2020,388,264808,3784.6101568029308,69.9696901473461
2020,389,105373,3587.084774466333,29.375664815637602
2020,390,282965,5321.3427535227165,53.175488425863534
2020,391,288736,5946.822447974547,48.55298817578483
2020,392,225226,280.661579147758,802.4824797320291
2020,393,203203,5511.209201890556,36.87085584236098
2020,394,375564,5797.480618334235,64.7805529202285
2020,395,409813,2122.8608317480403,193.0475111091221
2020,396,127545,3887.06670035068,32.81266050528365
2020,397,167064,3068.809991104953,54.439343095284656
2020,398,102959,3770.858688372714,27.303860608054553
2020,400,265971,2290.2578951900387,116.13146299313621
2020,401,150441,1305.9838613844763,115.19361337322896
2020,402,762021,356.47530360631646,2137.6543965064106
2020,403,349180,3566.820288556525,97.89671801528063
2020,404,195311,1940.4553078188355,100.65215066434016
2020,405,323500,303.10466808871485,1067.2880824960298
2020,406,51499,221.473180374842,232.52928373917896
2020,407,109038,989.1256189130642,110.23675649996841
2020,408,31197,700.2087208906515,44.55385811293244
2020,409,64829,1149.7050889195457,56.3875037388276
2020,410,516444,2661.778428691826,194.0221599338059
2020,411,131981,1754.3073756904214,75.2325401060677
2020,412,47925,774.7473168099966,61.858878320908595
2020,413,32442,1120.5307099855231,28.952352408457543
2020,414,24031,597.0854676275849,40.247169463834034
2020,415,61337,808.4868465605543,75.86641670292896
2020,416,36051,454.9770567892665,79.23696252819597
2020,417,37683,701.7636933156722,53.69756281057586
2020,418,28282,429.04013969942764,65.91924014338962
2020,420,221590,3166.234234558995,69.98534649817653
2020,421,235926,2278.7509397337876,103.53303464904408
2020,422,154317,2622.9366883719836,58.833673219837486
2020,423,174028,2011.5780828223235,86.51317166661104
2020,424,132293,2109.751760784995,62.705481497394985
2020,425,79946,1076.828025759313,74.24212417170976
2020,426,64539,1327.5918291452967,48.6135863321411
2020,427,186984,2875.2340717216916,65.03261833149949
2020,430,874614,2612.7745357253843,334.74530160987695
2020,431,438156,2315.72926236669,189.20864676218747
2020,432,840122,230.74097962776955,3640.974400625678
2020,433,180161,1939.0530612812988,92.91184630138598
2020,434,163147,1003.2069198440107,162.62547314303598
2020,435,295812,2057.0379853235668,143.80483107776425
2020,436,332183,150.50129437028804,2207.177030535756
2020,437,191011,2515.5492621622393,75.93212459525304
2020,438,64683,938.4502109126734,68.92534014893947
2020,439,171292,1414.7992567156305,121.0715931514156
2020,440,856083,1923.7493386129886,445.00756040141414
2020,441,1177097,412.6961988908473,2852.211876832252
2020,442,568811,1236.4470404252925,460.03668689631047
2020,443,270909,145.20636956560628,1865.6826199184018
2020,444,330407,1305.5729076815137,253.07433851913288
2020,445,155528,104.67877304784834,1485.7644532087575
2020,446,453479,2185.255716256141,207.51759010470252
2020,447,188970,162.01857399657518,1166.3477546962888
2020,448,329419,2717.8608713221656,121.20524765483916
2020,449,90436,211.18770168722884,428.2256934352013
2020,450,615962,881.6723184385622,698.6291699515598
2020,451,344766,2120.4231488677588,162.59301837187286
2020,452,808029,347.6156944012914,2324.489408890734
2020,453,496557,2565.4551340724433,193.55512922642998
2020,454,481278,265.13440126645486,1815.2227613659425
2020,455,98875,184.1374607913244,536.9629817587801
2020,456,338795,4004.4013135916684,84.6056559940853
2020,457,154581,1861.63509906447,83.0350695889231
2020,458,364112,3353.993932161483,108.56072114756267
2020,460,577812,1964.8980323891446,294.06716810512097
2020,461,567847,2823.0654066730413,201.14553444555253
2020,462,963961,420.99273134689963,2289.733119419804
2020,463,663869,1730.3189056644583,383.6685814543928
2020,464,128257,94.29590251013491,1360.1545410333706
2020,465,487188,2153.0635925750826,226.27664212059756
2020,466,148108,137.64029140081843,1076.0511946948648
2020,467,334688,3105.9622669284104,107.75662137421396
2020,468,323293,300.3553279927199,1076.3684538595437
2020,469,300873,2985.8633875385285,100.76582915872525
2020,470,117218,1383.4103219754186,84.73118794763685
2020,471,300706,2101.9268119960834,143.06206966094894
2020,472,215330,2099.190804569746,102.57762159173255
2020,473,312280,2537.4440596398395,123.0687229590884
2020,474,269967,2303.768176521031,117.18496798045143
2020,475,163333,2574.927153213038,63.4320857567525
2020,476,129116,1509.0289126619039,85.56231024907359
2020,477,185098,237.45722660317924,779.5003868605015
2020,478,184035,1808.1605873440883,101.7802297473585
2020,479,323709,3698.8860710686304,87.51526642897615
2020,480,1157963,1303.0560665783282,888.651708625765
2020,481,1565817,1811.381790741917,864.4323399975567
2020,482,878302,192.78009706224822,4555.97861700629
2020,483,1013669,722.44442181361,1403.1100101171876
2020,484,450367,3073.2734077944597,146.54309598936942
2020,485,178534,115.39243436026312,1547.1898221906347
2020,486,391911,4258.5441490169305,92.02933826351695
2020,487,202756,2867.828556950554,70.70018167878082
2020,488,639191,4147.325899140493,154.12123752620172
2020,489,165812,97.72266361151804,1696.7609546457004
2020,490,754468,4188.071975931825,180.14685619917853
2020,491,106611,541.5704442805114,196.855277325252
2020,492,346461,2581.6341695616443,134.20220575203663
2020,493,349788,2572.690025617672,135.961968413206
2020,494,589806,2620.393317674455,225.08300415123966
2020,495,430811,201.6596467245524,2136.3272573240506
2020,496,274971,4700.776543593977,58.494803454275875
2020,497,222394,7176.661070607785,30.988505352554657
2020,498,177038,8504.0418030702,20.8181008630607
2020,499,77187,5695.817268702658,13.551523224617238
2020,500,259709,3567.6612039189376,72.79530907102942
2020,501,186958,3851.867997616448,48.536969625046964
2020,502,237346,3673.5756047768605,64.60898741035079
2020,503,303481,152.80243142000705,1986.1005952570463
2020,504,100715,3472.8564056680225,29.00062318603897
2020,505,119107,4625.966864970531,25.747482305141578
2020,506,170921,4093.8945436914896,41.75022052372641
2020,507,77386,192.80292615002514,401.37357635217563
2020,508,31928,2253.0236717384887,14.171178226176188
2020,510,87042,3967.9983485540597,21.935997032790638
2020,511,86021,131.490461959583,654.1995420659545
2020,512,44861,1416.7781026692098,31.66409751497562
2020,513,46567,1515.305943162988,30.7310878110845
2020,514,46583,1921.0764098922293,24.24838479101061
2020,515,146736,3380.330807043386,43.408769252481235
2020,516,23019,1118.1383325146323,20.58689817764455
2020,520,143183,2335.485425630513,61.307597310886564
2020,521,57044,2326.092730999912,24.52352790573342
2020,522,180311,2215.252756892771,81.39522654422227
2020,523,168211,2709.497220928611,62.081997612217506
2020,524,141712,131.64224918124256,1076.4933057691348
2020,525,111541,3356.6683175309536,33.229675812010406
2020,526,102633,1894.7863149359407,54.16600235656116
2020,527,172519,1886.5285112037895,91.44786255571405
2020,528,104896,110.76010938918468,947.0557638347973
2020,530,648758,2737.1990194512596,237.0152829186896
2020,531,694022,1672.3463367838112,414.9989656656378
2020,532,816476,160.88560757345428,5074.885269816494
2020,534,126275,58.40824252840328,2161.9380165152866
2020,535,572016,4921.537095117451,116.22710322908762
2020,537,299602,118.88820204872876,2520.031381054968
2020,538,59829,1357.2256634046562,44.0818366563424
2020,539,200633,3259.8861273690036,61.54601484866201
2020,540,152883,1566.7485656659685,97.57979253998228
2020,541,260600,4340.665724309836,60.03687373126049
2020,542,127114,1380.042928831314,92.10872889848882
2020,543,183895,165.1433183642436,1113.5479280754023
2020,544,386597,7580.461539217786,50.99913745356094
2020,545,87668,6096.633529337548,14.379739175420946
2020,546,251991,4473.189854518813,56.333625040627076
2020,547,269427,4611.733807187976,58.42206234454895
2020,548,177688,7742.343923822052,22.95015588926245
2020,549,491546,3076.9068637261717,159.7532917862622
2020,550,702606,4525.644791571771,155.24992180307254
2020,551,809726,305.81376312546666,2647.774880124648
2020,553,1038415,4550.262874456648,228.20989218650323
2020,554,1103787,302.13202236297235,3653.3267522167625
2020,556,15781,3198.641867883092,4.933656424138566
2020,557,169009,10587.287261142623,15.963390416381303
2020,558,116835,567.4714279613368,205.88701781820856
2020,559,340540,4733.7648926000065,71.93851146522813
2020,560,264122,5320.9195037827685,49.63841302470924
2020,561,89144,5111.14832021749,17.441090419423933
2020,562,142667,7308.04561617683,19.52190879654574
2020,563,321223,5995.183971421204,53.580173941493186
2020,564,148350,5682.255446965586,26.107590794641453
2020,565,176542,7334.150394512563,24.071227136559585
2020,566,92654,9599.228498354898,9.652234032753665
2020,567,69200,7865.748410543246,8.797637095440829
2020,570,188564,5973.448197570795,31.567026910299948
2020,571,188143,176.3029037397301,1067.157692863352
2020,572,72669,6662.482676087081,10.90719534038308
2020,573,82935,10662.851229986196,7.777938396699113
2020,574,61851,9318.785899858101,6.637238011975553
2020,575,54122,14941.767944923151,3.622195191325357
2020,576,21670,11801.888809383978,1.8361467685384087
2020,577,208615,17491.145076681565,11.92689209799743
2020,580,91580,6332.981483232161,14.460803373967922
2020,581,125705,71.21125272276507,1765.240677472511
2020,582,98754,6261.088883475903,15.772655817205997
2020,583,50029,8337.672225359907,6.000355812481034
2020,584,45716,11583.350692924801,3.9466991211725704
2020,585,153812,10294.793131566837,14.940756752883898
2020,586,48790,10606.109304316415,4.600178878049439
2020,587,96895,11481.430002326753,8.439279774415198
2020,588,48110,4522.859905340611,10.637074993897452
2020,590,89288,25790.312966598398,3.4620750867055725
2020,591,137935,815.7184945844334,169.09632540607134
2020,592,37952,17038.287563338647,2.2274538951708664
2020,593,34182,21481.2923319124,1.5912450457749954
2020,594,129537,21638.37830850506,5.986446773096897
2020,595,31036,13893.53794522648,2.2338442607171416
2020,596,83365,6300.62363990771,13.231229916983443
2020,597,184643,15039.375596242717,12.277304919901683
2020,598,207954,12936.256034538519,16.07528479992847
2020,599,126494,8294.418081759539,15.25049723237078
2020,600,1633352,1146.9939187646562,1424.0284741519508
2020,601,1434905,1248.744484120412,1149.0781486900544
2020,602,78227,8.179075571113481,9564.283801983547
2020,603,62985,7.169368391401864,8785.29272892953
2020,604,1440486,1763.024889062463,817.0536950082526
2020,605,1041517,1219.6354317034088,853.9576441669631
2020,606,2682274,225.00615718879607,11920.891559200234
2020,607,107005,15.59710039196483,6860.570061799811
2020,608,151569,25.91719464532143,5848.202402853861
2020,609,162321,2663.930939000579,60.932885918167834
2020,610,300533,3449.29658897029,87.12877894032226
2020,611,225581,197.19325176131764,1143.9590248911907
2020,612,207288,1997.359509459051,103.78101639606194
2020,613,143410,2446.3726339845493,58.62148636220631
2020,614,138366,3374.543610928682,41.00287800456707
2020,615,202464,2060.047490152742,98.28122942204034
2020,616,166116,164.8691384792992,1007.5627344947724
2020,617,236224,2642.521654220923,89.3934017996323
2020,618,295486,2194.5559072258675,134.64500905494046
2020,619,104928,2012.5329230759887,52.13728371689259
2020,620,298072,2749.797605273038,108.39779605175825
2020,622,455498,3279.274406538438,138.9020690344783
2020,623,107763,3082.1046343507505,34.96409524808376
2020,624,145908,3853.698650160283,37.86180841979728
2020,625,175595,2237.8706486810497,78.46521428907954
2020,626,158682,3621.935248261973,43.81138510859502
2020,627,139118,145.05546116312865,959.0676482255886
2020,628,203424,4709.729101749804,43.192293145782415
2020,629,217009,3696.5319058404866,58.70610765110069
2020,630,727157,2141.632455581992,339.53398404321155
2020,631,909666,304.207621004917,2990.280115254893
2020,633,526416,3006.901430848537,175.06925720922195
2020,634,67112,3031.896176527504,22.13532261413543
2020,635,61176,3103.7176464475638,19.710555845832335
2020,636,134491,3569.7002587107645,37.67571231556928
2020,637,129865,1970.4283237551133,65.90699008655731
2020,638,114709,2747.206869246258,41.75477328777659
2020,639,83077,3016.352066894394,27.542209316943314
2020,640,635169,2899.2592073662827,219.07975609293456
2020,641,587924,399.01583880355753,1473.4352444827266
2020,644,100373,4824.562569675771,20.804580425774322
2020,645,86010,180.1422890425762,477.4559069784649
2020,646,70729,4545.701164755587,15.559535797994531
2020,647,115153,4492.711820971703,25.631067513049217
2020,648,199697,1712.043940956713,116.64245012800703
2020,650,157421,3785.8590641436767,41.58131545121505
2020,651,69258,219.15270144034758,316.0262207347315
2020,652,277975,3808.320773075545,72.99148799787456
2020,653,104649,2734.6717762277826,38.26748091295741
2020,654,94187,2597.009313218936,36.26748642008422
2020,655,122901,3720.6189690909096,33.032406978785424
2020,656,217779,5181.85320128984,42.027242289648726
2020,657,300393,5418.991800249671,55.43337415387119
2020,658,231154,227.77565530178816,1014.8318954180409
2020,660,524611,4785.7394421663885,109.61963273172292
2020,661,157545,140.94906009312695,1117.744239627479
2020,662,398410,171.5964943775167,2321.784028544824
2020,664,82771,3014.633037498969,27.45640977538989
2020,665,131875,3342.081623472684,39.458940521916865
2020,666,163251,303.88872983028034,537.2064969015945
2020,667,113986,3972.104297819853,28.696628148098444
2020,668,58608,4323.786583465151,13.554785572471669
2020,669,23591,3612.674748563534,6.530064742025341
2020,670,184979,6782.480851789475,27.27305893553618
2020,671,113949,4301.79760569403,26.488693900701556
2020,672,419284,267.52223229036423,1567.2865631029724
2020,673,56787,2385.623842750196,23.803836540522994
2020,674,132577,7248.535344475573,18.290177766884003
2020,675,117991,7158.623999685158,16.482357504066332
2020,676,58308,6938.667751638995,8.40334226786215
2020,677,30300,8414.784956197993,3.600805030398577
2020,678,114306,12877.329202116394,8.876530079017764
2020,679,29428,1682.3338691389981,17.492366134827304
2020,680,226494,3133.2913344373,72.28628806732888
2020,681,631330,288.72985229481077,2186.576812138475
2020,683,80219,4350.452644475865,18.439230708983995
2020,684,73135,3276.8607289996444,22.31861713034309
2020,685,294099,264.7607396263385,1110.8104638741647
2020,686,73931,4476.054933489123,16.51700014824665
2020,687,125921,10350.930549787427,12.165186443317987
2020,688,169399,9249.96301649705,18.31347862665847
2020,689,72237,5391.089785904566,13.399331650693222
2020,690,24755,5327.477743738278,4.6466641797041985
2020,691,76280,14463.362103879663,5.274015782232168
2020,692,8531,4816.556851801895,1.7711822495790774
2020,693,68040,12353.472650718562,5.507763033420593
2020,700,575913,1477.8332722130851,389.70092961674806
2020,701,430516,235.95909823129554,1824.5365541191925
2020,703,275785,2271.6845880799365,121.40109654619694
2020,704,458553,2837.1393249294015,161.62512569290564
2020,705,642106,4869.653413692368,131.85866538151208
2020,706,275844,4914.617443412376,56.12725775222755
2020,707,431747,3292.5026504730504,131.13034242750533
2020,708,379330,231.61084018994225,1637.7903542377999
2020,710,174419,4961.226590999053,35.15642690387114
2020,711,301603,562.2195666708038,536.4505575391997
2020,712,330815,5964.084016627301,55.467863812400886
2020,713,197114,4326.260985991531,45.56220732828111
2020,714,190175,6412.652757557809,29.65621361235629
2020,716,152947,5305.869817658573,28.82599936601799
2020,717,101392,3908.0976219376753,25.944080677731073
2020,718,123716,4121.107253045855,30.020087419118532
2020,719,172439,3924.3906116745534,43.940325279297205
2020,720,407030,6194.055616271994,65.71300375972059
2020,721,320451,4355.164579024461,73.57953854221043
2020,722,217144,293.4793289041544,739.8953814253668
2020,723,158140,4288.192625823227,36.87800754277941
2020,724,233967,4238.292119905296,55.20313215343636
2020,725,107362,3284.733449684983,32.68514832163821
2020,726,137838,3743.2990445994637,36.82259909179893
2020,727,523352,2647.819282745006,197.65397261456553
2020,728,125941,2964.846636418929,42.47808249269751
2020,729,230286,2778.827607704933,82.87163959415099
2020,730,770719,8000.494122209312,96.33392490852407
2020,731,686085,401.30486487488497,1709.635392070069
2020,734,94681,2898.298015521078,32.66779312995442
2020,735,206347,5746.379732371098,35.90904353876665
2020,736,59077,4961.971857524407,11.905952249691778
2020,737,107219,5687.638588158961,18.85123295689325
2020,738,32081,5141.358381293034,6.239790658579171
2020,739,28004,5120.585864592492,5.468905461314557
2020,740,645745,6149.789119305968,105.0027874895449
2020,741,422497,264.47352615118103,1597.5020492542153
2020,743,129250,2745.645616246057,47.07453840190604
2020,744,223974,3762.031036340123,59.53539400299371
2020,745,82719,4887.266335579849,16.925412760462095
2020,746,53505,2353.2338116786987,22.73679722536018
2020,747,92333,3269.3053026180946,28.242391411428827
2020,748,201752,4777.417327184257,42.230348781128946
2020,749,113772,2983.501214685123,38.133720019955625
2020,750,2531191,1492.9409537302588,1695.4394570499069
2020,751,834211,3649.1575787709135,228.60372071983085
2020,752,1417944,357.2727084251197,3968.8002093705545
2020,753,0,0.0459797523205304,0.0
2020,754,364638,6302.17926822242,57.859033277364865
2020,755,127789,2088.456655946202,61.18824617985838
2020,756,339766,4222.7990557810435,80.45990242771742
2020,757,372367,3281.845423079887,113.46268699351103
2020,758,125313,4653.578368745158,26.928309801687252
2020,759,261547,6670.164832741998,39.211474762383375
2020,760,1307246,2996.7745862964066,436.2176608069721
2020,761,1046333,509.6481815770166,2053.0496091682435
2020,762,536831,3635.8384487904214,147.64984956319884
2020,763,173525,4869.95399207618,35.631753458521295
2020,764,149498,8231.938764129121,18.1607279018451
2020,765,526495,4932.4694370137395,106.74065125454794
2020,766,165275,4853.665291714667,34.051585774183636
2020,767,186594,332.6394288380179,560.9497366316841
2020,768,84952,9975.53571858446,8.516033864901521
2020,769,137603,10070.255412652565,13.664300890234776
2020,770,3216453,848.3158733669814,3791.574696385014
2020,772,0,0.0,
2020,773,1351664,3898.322688320133,346.7296342731596
2020,774,1348342,5348.5050630344695,252.09698487880263
2020,775,1288304,2847.7101827512447,452.39996956268106
2020,776,273423,2324.892562812006,117.60672487561713
2020,777,144523,417.0504129147049,346.53604342446204
2020,778,336716,4152.423176188675,81.08903782515169
2020,779,171462,4858.247065545481,35.29297659972926
2020,780,600874,11135.155282381502,53.96188780148647
2020,781,475343,4329.7189902721375,109.78610876779398
2020,782,1839092,889.8498714657776,2066.7441317608022
2020,783,234668,6974.044142815876,33.64876894875077
2020,784,327089,316.6914381844053,1032.8318374352145
2020,785,1369064,3948.640748340911,346.7177915780856
2020,786,1144501,7440.91122954531,153.81194113102418
2020,787,1116176,553.6262420062787,2016.1183038490096
2020,788,181948,11257.386447558521,16.162543663894606
2020,789,70239,2756.7908006020916,25.478538300642757
2020,790,220618,19508.787945994973,11.308647190728804
2020,791,228521,700.8309450129132,326.0715035860601
2020,792,31519,8070.569461851748,3.905424536519402
2020,793,146525,10462.51941727543,14.004752981204685
2020,794,283046,463.31871946175346,610.9099160267475
2020,795,93684,9032.61633969919,10.37174573531371
2020,796,134679,540.2674637907172,249.28208531204547
2020,797,455458,13194.632519677802,34.51843007531685
2020,798,66134,9678.818327176226,6.832858905338545
2020,799,794690,906.6001229798144,876.5606576226925
2020,800,889458,439.4912233506441,2023.8356370779081
2020,801,734459,3395.410327209471,216.30934974613731
2020,802,1149400,256.6676420518096,4478.164800251635
2020,803,132243,163.75736748083722,807.5545060009284
2020,804,228029,9078.835283644641,25.116547759247286
2020,805,582703,2933.302377777853,198.65084636839634
2020,806,307788,3099.956967456404,99.28782987350567
2020,807,69092,9500.28464868359,7.272624195483844
2020,808,126952,9990.742041423377,12.706964054685292
2020,809,599306,867.3750836614909,690.9421440492868
2020,810,235872,18706.770967816567,12.608910453108024
2020,811,74334,9855.409096602687,7.542457068131661
2020,812,89678,7437.235769715461,12.057974599268482
2020,813,70848,4702.504759667638,15.066013458965084
2020,814,86799,5695.89460657717,15.238870448861775
2020,815,149879,2260.324464103529,66.30862178428164
2020,816,158314,15141.730198412424,10.455476218734821
2020,820,137920,5195.849496329206,26.544263858573757
2020,821,1183,3124.69405946653,0.3785970650201736
2020,822,24229,6599.446532291769,3.671368482409096
2020,823,15413,3707.7857547507533,4.1569284256112855
2020,824,53261,8416.101575254435,6.328464494368916
2020,825,38589,5351.836404702723,7.210422195658182
2020,826,96045,8009.0596929327,11.99204446993339
2020,827,61307,8784.71744379529,6.978824349473138
2020,828,38137,4372.47772856892,8.72205700461783
2020,829,69723,5791.192431229226,12.039489419142086
2020,830,22110,2131.916527540397,10.370950135420367
2020,831,23249,3353.5316298405833,6.932691432853784
2020,832,178564,15236.229665020937,11.719697321834419
2020,833,199606,8512.313446176702,23.449089517451082
2020,834,219945,9081.935590945102,24.21785508138708
2020,835,70414,6580.617337270694,10.700211908872998
2020,836,520370,14419.273593480395,36.088503115391525
2020,837,286066,1238.1849861723417,231.0365601220291
2020,838,279414,6769.708068177318,41.27415793798471
2020,840,1483153,11174.807742901301,132.72290979163915
2020,841,620487,413.8526132266378,1499.2946284966508
2020,843,197379,4702.354929441481,41.97450064098917
2020,844,206947,202.7902017473337,1020.4980231630987
2020,845,54662,10159.908483298032,5.380166572352436
2020,846,316497,3562.41184748333,88.84346155080011
2020,847,265639,9824.164031262664,27.03934901276871
2020,850,1502717,543.9440551367502,2762.6315350063155
2020,851,482831,3414.9443640392255,141.38766214888003
2020,852,1632332,1525.9041770914814,1069.7473829001374
2020,853,1462616,13608.193062408496,107.48054449935424
2020,855,97186,6900.583998941192,14.083735523676253
2020,856,313341,14374.460492461882,21.79845289945451
2020,857,919608,1685.4264725327566,545.623327381389
2020,859,81341,5766.081612672747,14.106806920878125
2020,860,189316,17617.4478138837,10.745937890663518
2020,863,229989,7066.320006802751,32.54720983179214
2020,864,204203,9606.883218853662,21.255905307482905
2020,865,61164,7992.895372602259,7.652295838834025
2020,870,204277,10508.901682965656,19.438472845466016
2020,871,756805,856.5382382452087,883.5624216269289
2020,873,73302,4900.462371652587,14.958180359475
2020,874,121556,3949.16447658581,30.78018166138509
2020,875,232642,6509.395735150476,35.73941567936061
2020,877,38169,8379.54270396572,4.555021836923876
2020,878,16269,8220.352266439286,1.979112265835665
2020,879,15964,3512.0129130892747,4.545541373296824
2020,880,278318,14288.112439873525,19.47899004653015
2020,881,70449,8025.574763197252,8.778062890032105
2020,882,192947,13193.352680617962,14.62456167668843
2020,883,77735,9659.687248773573,8.047361989889424
2020,884,16235,9846.737411928521,1.6487694675733526
2020,890,674699,13551.054151075916,49.789410659718364
2020,891,1605593,1810.9963234901995,886.5799334731167
2020,893,11221,6773.882767033569,1.656509329421702
2020,894,307849,16270.862254967009,18.920263424024924
2020,895,305810,1144.8132923832072,267.1265279977507
2020,897,66563,222.96213675102712,298.53947836142345
2020,898,58718,9355.099882957473,6.276576491392542
2020,900,2496625,219.70608291008026,11363.476909384439
2020,902,1240169,295.6464302833575,4194.770756445056
2020,903,134605,10.60933951398288,12687.406206823103
2020,904,93691,8.73664099645493,10723.91552291287
2020,905,174702,23.65940457895803,7384.040431658824
2020,906,732418,109.98381607615106,6659.325218292893
2020,907,625926,171.79127242256368,3643.5261883408034
2020,908,472316,58.540433518176116,8068.201269014372
2020,910,284907,114.43285825614511,2489.730697473864
2020,911,171050,28.94497241974063,5909.489134055729
2020,912,210743,33.374274664866,6314.534236810092
2020,913,1430413,783.6286860525929,1825.3709000948932
2020,914,322672,33.74270206005041,9562.719649000093
2020,915,107655,21.23065993471921,5070.732625882635
2020,916,218077,21.333013384827506,10222.512688015328
2020,917,1997704,632.0714799489739,3160.5665868064025
2020,918,84254,7.59363042762491,11095.351663875017
2020,919,587147,801.5422102943221,732.5216220171395
2020,920,1312166,3097.3623763582373,423.6398072164858
2020,921,1419306,348.8760383406205,4068.224366312826
2020,922,812888,8383.916884311224,96.95802227251951
2020,923,1188097,7869.163345097334,150.98136204533245
2020,924,249238,142.84563013601198,1744.8066123036833
2020,925,1535956,1792.0657413513836,857.086860464029
2020,926,1384056,496.4633036881549,2787.8314262465037
2020,927,494612,56.11590888821076,8814.113676485631
2020,928,1296538,330.2277777669608,3926.1930318743716
2020,930,709375,1343.655204846171,527.9442206910612
2020,931,195408,365.2786308603908,534.9560130022628
2020,932,797770,7582.0583162963885,105.21813031763743
2020,933,566540,1030.8941259742792,549.5617694635455
2020,934,515293,4612.3849407122325,111.71942641899915
2020,935,533999,7084.501302720118,75.37566543956585
2020,936,618202,6688.584723997437,92.42642883508712
2020,937,604990,378.1276599604901,1599.962298614215
2020,939,401448,1993.4824310603956,201.38025484702027
2020,940,871689,472.2649161988112,1845.7627702182342
2020,941,874957,49.57471333119284,17649.25989898704
2020,943,113622,24.7071504301107,4598.749674569044
2020,944,141426,18.827115344319083,7511.825227260535
2020,945,2490898,2618.1265618489597,951.4047320313235
2020,946,443443,63.23615536913279,7012.491468076442
2020,947,150616,17.292453624605706,8709.926495664335
2020,948,176840,41.3644150433958,4275.172266173122
2020,949,391370,761.258708588701,514.1090611962412
2020,950,873374,2314.2274787082565,377.39332370536687
2020,951,1053179,429.87118389214567,2449.987436850947
2020,952,526396,2188.3482839368858,240.54489126063712
2020,953,1109999,5558.364464345223,199.69885154530942
2020,954,515036,4877.098353723818,105.6029554144123
2020,955,166487,4228.772780518182,39.37005099138931
2020,956,1252561,4049.3228571697096,309.326038990006
2020,957,362513,914.4763233543646,396.41594948054683
2020,958,865822,220.13014811122133,3933.227717461677
2020,959,526776,6009.689022210784,87.65445234406072
2020,960,300231,11618.697009484858,25.840333021414374
2020,961,109912,5984.937890815671,18.36476869186363
2020,967,1001215,4643.546924775642,215.61427422172002
2020,968,418859,99.16829330261533,4223.718953414253
2020,970,841269,4982.495861732617,168.84489688416045
2020,971,349275,2135.380267144997,163.5657149098697
2020,972,938333,295.4534425700268,3175.9081628490458
2020,973,653789,3926.1295795553024,166.52252218176972
2020,974,586549,8249.57497573304,71.10051144760709
2020,975,304376,3086.9558857957873,98.60069636904929
2020,976,72368,6307.816299497444,11.472750087184007
2020,977,250938,12203.592979964476,20.562632694484577
2020,978,147812,15271.76827881274,9.678774409186572
2020,979,31499,9348.878059210874,3.3692812977666313
2020,980,1542961,2099.1858021555304,735.028313556439
2020,981,1014067,188.78570551315144,5371.524275334272
2020,982,966541,5541.745450693749,174.41093399174488
2020,983,792884,5323.435118147189,148.94217406672587
2020,984,437668,164.64850472602035,2658.1960202328687
2020,985,519239,5445.074781796915,95.35938821920959
2020,986,639134,3926.4039490891223,162.77846301277057
2020,988,234930,10480.517843992036,22.41587710617503
2020,989,298333,5371.731628946106,55.53758463889059
2020,990,156314,2242.7448165251494,69.69763071047416
2020,991,122824,11976.130423106484,10.255733334619174
2020,992,371211,336.7241087259405,1102.4188360154762
2020,993,393760,7673.362363660732,51.31518379279939
2020,994,22680,667.725765320753,33.96603991925531
2020,995,320572,54413.04079674755,5.89145534427037
2020,996,207517,44803.56657617502,4.631707157669682
2020,997,135643,81411.54858461337,1.6661395386555302
2020,998,50511,14009.563628405402,3.6054656190422163
2020,999,22098,7496.699721726804,2.947697096090959
2021,006,1092900,1701.9077333687378,642.1617215621469
2021,007,1208383,1495.3326967171333,808.1031081931765
2021,009,1009991,247.1571047904395,4086.4332055368386
2021,010,472369,1312.60496890372,359.8714092896661
2021,011,171621,42.64831211686598,4024.0982932623406
2021,012,128526,917.2782112109767,140.11670442964294
2021,013,83428,812.4964187227744,102.68106797460953
2021,014,223347,488.6077364575314,457.10901268018046
2021,015,396939,829.9551731172127,478.26558934399367
2021,016,211490,58.63333681671193,3606.9923951474684
2021,017,409557,391.1757955031819,1046.9896264240322
2021,018,774728,408.72137452316286,1895.491766007689
2021,019,508356,373.2088484620365,1362.122045323668
2021,020,425771,399.80081308626666,1064.9578141506422
2021,021,1406829,162.72155574014036,8645.621617867568
2021,022,30686,2.1793651236679192,14080.247346692779
2021,023,472465,542.7222846996065,870.546526869643
2021,024,435690,111.06917792456882,3922.6904181814793
2021,025,126622,348.3705056189614,363.4693464506317
2021,026,158396,295.39130709539484,536.224310584898
2021,027,554672,623.9050998635734,889.0326431396181
2021,028,695641,981.3499637831366,708.8612887071203
2021,029,396328,114.6741121962524,3456.124424331512
2021,030,399388,918.0694138680851,435.0302863454146
2021,031,157109,106.42640797971194,1476.2219545166804
2021,032,195154,2411.836243122713,80.91511210865848
2021,033,63390,197.2612626381376,321.35047272958326
2021,034,84180,786.1249789500989,107.08220989546183
2021,035,44494,2501.9160039565722,17.783970336988308
2021,036,12818,208.84636705367745,61.37525962663996
2021,037,78948,862.0462689996974,91.58209116966518
2021,038,336736,1617.5191431539401,208.18053463244402
2021,039,51803,212.25237817426486,244.06322532446896
2021,040,361006,2089.0493796966407,172.80874425879927
2021,041,118108,85.35184601603959,1383.7779206064831
2021,042,178873,2199.0721240894886,81.34021528469022
2021,043,83488,780.807118817998,106.92525463444271
2021,044,174869,7109.19794303239,24.597570837282184
2021,045,49012,574.6138302730037,85.29554531730292
2021,046,73511,2994.602483243599,24.54783244565291
2021,047,67480,4680.065065184894,14.418602959600967
2021,048,40795,394.4633806602511,103.41897879523697
2021,049,158036,5271.96246218868,29.97669295512977
2021,050,62592,1252.3157755303716,49.9810041708462
2021,051,29777,496.8296804375854,59.93401999207001
2021,052,33573,451.20150992843804,74.40799567653215
2021,053,38978,789.963851593436,49.341498248783765
2021,054,247138,1950.618367840562,126.69725871267933
2021,056,87004,1179.700000303379,73.75095361331313
2021,057,81322,1523.161094636297,53.39028175441823
2021,058,57861,1542.390018070994,37.51385792314998
2021,059,3392,409.57339132731204,8.281788006314285
2021,060,677847,1187.6414728941452,570.750529912167
2021,061,294433,85.17541543843923,3456.783844075316
2021,062,163424,675.448816820184,241.9487545619704
2021,063,264184,658.702233160578,401.06741210272685
2021,064,714727,1046.2009192544624,683.164186578353
2021,065,292613,115.92469530301031,2524.1644951936437
2021,066,245321,88.17666814918626,2782.1532061626663
2021,067,332518,705.9907905883539,470.99481244349994
2021,068,485804,386.0600935144073,1258.3636800623383
2021,069,134517,37.61308472898911,3576.3352293284584
2021,070,1809862,363.44583125339193,4979.729699356977
2021,071,434416,34.42351136476823,12619.74687581163
2021,072,194575,19.1991855602923,10134.544477887617
2021,073,287146,15.9467417155505,18006.56241393745
2021,074,466437,495.03847811466346,942.223727287642
2021,075,212177,21.170819796707203,10022.14378268908
2021,076,512701,123.14091498860074,4163.530862568799
2021,077,613285,393.4370499001754,1558.7881216464118
2021,078,364079,869.1662964980675,418.88301636510766
2021,079,267760,248.52913044432063,1077.3787343209965
2021,080,1198249,1644.5498982891693,728.6182080863234
2021,081,155368,29.39817331051641,5284.954216676492
2021,082,252834,608.9694938820309,415.1833590025099
2021,083,240313,879.6134170383958,273.2029722888028
2021,084,54122,23.725502029987748,2281.1740687970578
2021,085,325458,609.9334231132569,533.5959428797634
2021,086,282026,124.7907724228589,2259.9908192277453
2021,087,500075,375.478717014265,1331.8331435041134
2021,088,948367,769.0580271463806,1233.1540228751687
2021,089,114774,22.07175928268136,5200.03858913311
2021,100,1581827,21.486089551516287,73620.98143579456
2021,101,60415,0.6272622222128574,96315.38112859371
2021,102,15132,0.2061163569948726,73414.84305574268
2021,103,493194,55.65406565780903,8861.778455367854
2021,104,1473354,41.50944510853621,35494.427741627704
2021,105,673516,604.9273955321663,1113.3832009831444
2021,106,85030,21.093740597017828,4031.053648778695
2021,107,240814,24.36217417229851,9884.749952810957
2021,108,90545,11.96792785645159,7565.637183481985
2021,109,583061,683.2443293599379,853.3711513510995
2021,110,262417,44.17855476274714,5939.9181663878
2021,111,210647,7.0203125415623955,30005.359270389374
2021,112,2712217,69.45883743352087,39047.83178376497
2021,113,1205612,48.11278487854301,25058.038171007433
2021,114,823094,42.18360649000241,19512.17708697038
2021,115,748212,139.35311693482836,5369.18022687586
2021,116,135797,8.50542945627647,15965.91926346416
2021,117,1580425,589.0158062621236,2683.1622907190367
2021,118,75760,15.67366457425701,4833.5856392149
2021,119,272562,494.65973022381286,551.0090742108258
2021,120,337408,1938.404107490014,174.0648395740867
2021,121,284451,2256.401532392838,126.06399876814004
2021,122,155373,52.78683203790462,2943.4045196808056
2021,123,167319,134.31912036493355,1245.682666365061
2021,124,151775,1506.3882769447416,100.75423602461261
2021,125,450396,1604.0280662649084,280.7905980403314
2021,126,86340,50.76290415255467,1700.848315150127
2021,127,99077,1342.3146798551074,73.81056132880451
2021,128,228819,3658.03082652847,62.55250730545453
2021,129,156598,4116.696956892725,38.039720105654766
2021,130,387416,1906.5603385387508,203.2015416291142
2021,131,173182,1468.4390325405295,117.93611866907392
2021,132,231106,103.29194175607618,2237.4059008955082
2021,133,138781,3297.451118323577,42.08735627006238
2021,134,178513,2092.614361973374,85.3062098989223
2021,135,74293,60.632971404800166,1225.2904365184781
2021,136,233869,3902.646411505442,59.92574661914741
2021,137,131788,1561.4209526960135,84.40260761996913
2021,138,135334,1706.7006960037832,79.29568454321414
2021,139,82367,116.5668296612035,706.6075335444582
2021,140,449794,1877.0152076981499,239.63258164093315
2021,141,197532,855.9722522190589,230.76916277123428
2021,142,585663,154.9430335207775,3779.8601633900753
2021,143,64226,35.91865378112996,1788.0959679435825
2021,144,303120,1652.3029220031249,183.45304360566078
2021,145,329639,1727.3375387326025,190.836470931944
2021,146,479537,165.09263022637083,2904.6541892419486
2021,147,170587,2393.5248272346403,71.27020286523944
2021,148,280887,3125.586291883937,89.86697975012434
2021,149,45866,66.86077599903297,685.9926364100736
2021,150,453257,918.264233150453,493.6019324687517
2021,151,368767,259.36462872707665,1421.8091410916518
2021,152,692885,212.89949959557686,3254.5168087111615
2021,153,187311,1200.1719424316807,156.07013743421402
2021,154,136991,889.4402913063055,154.01933253867293
2021,155,85441,1579.3507895045875,54.09881108604202
2021,156,302702,964.2299281472035,313.93134683306386
2021,157,105731,1135.9943947165887,93.07352262629614
2021,158,87904,1836.3933079261678,47.8677414149748
2021,159,136626,773.8847480887382,176.54566825024656
2021,160,203442,941.1464796389657,216.1640131491993
2021,161,211596,1168.3036488754592,181.11387412310998
2021,162,85548,1216.929974522265,70.29821090041267
2021,163,139887,2060.004423436756,67.90616486474484
2021,164,125356,1436.4385456360023,87.26861332205267
2021,165,181723,123.31460032113921,1473.6535619200974
2021,166,201066,1761.7360705368535,114.12946772369212
2021,167,45332,1486.183437505633,30.502291208468794
2021,168,200649,1848.9003504784012,108.52342580176496
2021,169,63675,2001.1203182755924,31.819675917772948
2021,170,648314,2639.403871648467,245.62894938662373
2021,171,180459,129.5644735123676,1392.8123590358605
2021,172,210695,1607.7077164015607,131.0530501598801
2021,173,346481,1232.1871170256522,281.1918703032397
2021,174,184096,140.31724533740964,1311.9983902001431
2021,175,344780,835.6865035646715,412.57098030100997
2021,176,174565,89.06007074037493,1960.0815331585163
2021,177,165692,2401.736019169592,68.98843115043448
2021,178,232730,1676.8837229668723,138.78720200601393
2021,179,121353,689.929693294824,175.89183532667997
2021,180,562459,818.0821065282045,687.5336784799955
2021,181,176302,60.28405387840357,2924.5213063409997
2021,182,143168,598.6533183538121,239.15009841369627
2021,183,177956,773.9640140180031,229.92800282295886
2021,184,199018,1692.2315537352295,117.60683670075261
2021,185,119584,62.912828472128716,1900.7888041940034
2021,186,169939,1390.1089494403582,122.24869141977359
2021,187,136025,191.05007009011933,711.9861297922387
2021,188,73298,1409.207228492364,52.01364179661329
2021,189,377630,492.59901562467127,766.6072972580395
2021,190,1155727,402.6628119132034,2870.210423725756
2021,191,1597423,147.66312354504637,10818.022547875247
2021,193,457217,655.1731843749576,697.8567055307522
2021,194,551407,369.7784812733132,1491.1819587263658
2021,195,221885,806.0170052933076,275.2857551922947
2021,196,226558,102.64134227143845,2207.278227138338
2021,197,342525,324.2256848353851,1056.4400540133204
2021,198,220364,83.05505424735138,2653.2280545350122
2021,199,419396,1606.3052176705496,261.09359254164946
2021,200,682196,66.12308430359083,10317.062599013598
2021,201,1001646,1387.5640548469567,721.8737012544462
2021,202,0,0.1901228184955923,0.0
2021,203,891,1.276293586036461,698.1152375504815
2021,204,67,0.1652291256990111,405.4975157470133
2021,205,0,0.5028081864287454,0.0
2021,206,368802,1184.1626265250727,311.44539756523994
2021,207,1068494,590.2759495521403,1810.1601476575452
2021,208,735870,455.9300686090015,1613.9975199378011
2021,209,332510,62.13449401058516,5351.455826506835
2021,210,790671,774.5108514994425,1020.8649736401647
2021,211,491093,718.184997076357,683.797353048559
2021,212,1197199,292.6230258042808,4091.26724292961
2021,214,98076,54.3586596530137,1804.2387473503968
2021,215,97117,1042.8339481868416,93.12796171322937
2021,216,170556,1808.3496209959542,94.3158325247226
2021,217,512697,1449.0364316211596,353.8192614152582
2021,218,181697,1302.3915908936299,139.51026808713456
2021,219,103370,373.6227676795248,276.6694349008883
2021,220,512640,197.5431541135338,2595.0785401825206
2021,221,489774,212.5894704681997,2303.848816789179
2021,222,236413,26.045594504019213,9076.89014215122
2021,223,351039,59.10072548306033,5939.673280332508
2021,224,242863,1093.967422757007,222.00204041537071
2021,225,207811,1445.8137042015096,143.732902376084
2021,226,201490,1202.1629613081086,167.6062285106113
2021,227,85124,1009.6709105662786,84.30865850364829
2021,228,174520,1497.8835438301455,116.51106036838196
2021,229,274191,1819.9998495119135,150.6544080613701
2021,230,239321,2375.4960803548074,100.74569349079064
2021,231,408599,1744.168668258808,234.2657607809809
2021,232,584919,321.5505872909164,1819.0574768591741
2021,233,282588,738.5357937576135,382.6327747260751
2021,234,595910,1261.1914519671411,472.4976521768606
2021,235,238556,59.772259492294715,3991.0821847173506
2021,236,390786,221.8388980675542,1761.5756452279084
2021,237,97454,35.560088253574044,2740.5443795602832
2021,238,355863,3460.051159886967,102.84905729880171
2021,239,100723,2602.183981524424,38.70710169424453
2021,240,363833,2001.5599676080221,181.77471866346383
2021,241,225747,2420.1766540159674,93.27707530167366
2021,242,181448,2598.451709383797,69.82927538916204
2021,243,147660,2634.423597054852,56.0502115776203
2021,244,145806,2777.548837887688,52.49448650950985
2021,245,383678,3988.0749142420373,96.20631714560477
2021,246,62459,1023.3193349329842,61.03568834071756
2021,247,58025,400.26952149752947,144.9648221601058
2021,248,34955,878.0710481098531,39.808851544809016
2021,249,49690,2096.2633216171057,23.70408311188119
2021,250,59101,1063.369947631436,55.578963964180424
2021,251,73057,947.5070023080607,77.1044433677411
2021,252,55606,1336.162910997349,41.61618283394361
2021,253,112705,334.4381666095131,336.9980201200939
2021,254,198204,872.7340923382801,227.10697535484178
2021,255,138602,1523.2821270563563,90.98905418646207
2021,256,46336,755.4965375354772,61.331849582201585
2021,257,71528,96.8051253033914,738.8864977533801
2021,258,82835,706.5896147672695,117.23212210992301
2021,259,44024,906.4068772177396,48.569799177973835
2021,260,125537,619.7209142729572,202.57021686492092
2021,261,127021,1422.7885697205204,89.27608971791982
2021,262,82082,2844.8449370808007,28.852890690143322
2021,263,85464,1221.790759368983,69.94978423649194
2021,264,55669,1310.9672994608054,42.4640645292193
2021,265,186407,1065.8012884296702,174.89845623535345
2021,266,29113,1012.717629121386,28.747401213167254
2021,267,53341,1116.6041760915089,47.77073303335788
2021,268,31365,1671.328910232411,18.766503593621472
2021,270,290487,1960.005123884338,148.20726561383313
2021,271,270937,203.2865307601766,1332.783824815392
2021,272,620894,2359.82210875459,263.11051061712465
2021,273,400179,2620.618093538921,152.70405137880752
2021,274,332775,234.50338588790976,1419.062666152987
2021,275,1273617,4300.872257657704,296.12992986069855
2021,276,554141,299.44817299752987,1850.5405942302111
2021,277,304908,246.47316099048018,1237.083984214317
2021,278,526022,5941.923391590637,88.52722684786842
2021,279,195682,3367.4431483734334,58.10996396316883
2021,280,767187,1812.354515816449,423.30956405313964
2021,281,648077,2583.2556201600405,250.87606311289073
2021,282,942437,411.43704633226326,2290.598302708304
2021,283,837398,5013.323747310247,167.03449491951952
2021,284,520734,4072.4015109557854,127.86902239356665
2021,285,506026,3773.9343406976814,134.084473739533
2021,286,633916,4125.805259685917,153.64661201877905
2021,287,563928,5440.388767335631,103.65582757354625
2021,288,138165,138.19659833491778,999.7713522959428
2021,289,39512,683.556403428187,57.80356939359877
2021,290,465071,4270.117215948797,108.91293528500101
2021,291,356228,4245.905164132446,83.89918903730086
2021,292,342726,309.943135744503,1105.7705768406533
2021,293,425912,2119.755783848858,200.92503261232673
2021,294,855144,4295.391233876578,199.08407719783773
2021,295,698116,5139.831021000673,135.82469873962586
2021,296,1057831,3806.7424348849504,277.8835232733497
2021,297,417775,1916.54149574357,217.98380099143836
2021,298,224001,2485.9823518168996,90.10562759477642
2021,299,236099,2160.214668518869,109.29423054139293
2021,300,2490089,1688.5914030006186,1474.6545526496961
2021,301,1320224,3575.789095499193,369.21193189546653
2021,302,1121365,3365.368762480584,333.2071695980953
2021,303,1025999,359.2826062504585,2855.687924076037
2021,304,228129,4986.145073981108,45.75257972144281
2021,305,714409,4261.329079604553,167.64933818870813
2021,306,421534,3428.8305263299803,122.93812621039201
2021,307,371998,2026.7488135887938,183.5442051357601
2021,308,220248,2098.3272052183347,104.96361075253886
2021,309,204073,187.40360758558313,1088.9491543368733
2021,310,542702,8636.43173858428,62.83868343165553
2021,312,165911,356.0059335823521,466.03436726601944
2021,313,235470,2027.5122681701064,116.13739837565525
2021,314,261079,280.82069679780506,929.6999935442103
2021,315,343898,5415.835098398403,63.49860986382307
2021,316,198456,3066.5153096568292,64.71710719168365
2021,317,365192,4834.259914728178,75.54248353246312
2021,318,88583,2315.205156798909,38.261404066012986
2021,319,199022,187.43118130869743,1061.84039715469
2021,320,695763,4811.824947876311,144.5944122109167
2021,321,641231,2568.2170948973967,249.6794376433422
2021,322,1045049,1004.7863262412017,1040.0708814474185
2021,323,440457,4419.858250207989,99.65410089322957
2021,324,365626,4516.527545197505,80.95289939918023
2021,325,723280,2417.84735533343,299.1421267370524
2021,326,388739,3105.952540140623,125.15934966037817
2021,327,1054816,1814.9325122824198,581.1874506967129
2021,328,1055487,530.6815653647213,1988.927200202622
2021,329,689635,1428.91632066918,482.6279817960473
2021,330,1782905,1927.1178184613325,925.1665792927615
2021,331,2018884,686.0847012720917,2942.6162633516274
2021,333,844085,366.0692681164305,2305.806778982424
2021,334,1596247,2521.0004400066323,633.1799767539114
2021,335,872347,1662.0349567424494,524.8668185113147
2021,336,815548,264.07541973264495,3088.3146974666424
2021,337,764939,230.19909579219953,3322.945285113151
2021,338,814023,3482.342655762261,233.75729515101835
2021,339,882321,2300.127809590312,383.59650986401266
2021,341,432877,2519.9581153739605,171.77944242766165
2021,342,876408,1976.503992425242,443.41322019016803
2021,344,482989,1593.3476391138718,303.12844990225153
2021,346,722083,864.0312959100881,835.7139416338232
2021,347,836325,2128.786227693753,392.86471751841566
2021,349,497698,2239.7486968285407,222.21153681425727
2021,350,466968,3520.5069360014404,132.64226104050175
2021,351,341313,2718.9635853885275,125.53055209499172
2021,352,506659,352.29249658414636,1438.1770969083998
2021,354,252917,3388.0029871810075,74.650760627115
2021,355,152724,3988.7665242766902,38.28852831332224
2021,356,386220,3266.035557437663,118.25345842315483
2021,357,266704,1860.5910234069765,143.34369920350974
2021,358,208266,273.40916717422095,761.7374433801972
2021,359,287155,2574.064238310982,111.55704497430175
2021,360,300376,6294.489491264341,47.72047048722057
2021,361,208709,324.3783975756858,643.4121432248053
2021,362,184040,2529.1622228364527,72.7671789252013
2021,363,244957,2650.8774770413493,92.4060059816107
2021,364,102343,4153.964677568698,24.63742663789357
2021,365,405308,4458.6072817615595,90.90461984798672
2021,366,281147,284.95673334519705,986.630484914417
2021,367,101893,5067.5223858182,20.107064605211093
2021,368,282737,2334.0413962483826,121.1362405373173
2021,369,17215,1237.9008869157763,13.906606079660452
2021,370,1071683,5186.732345824177,206.62006992954028
2021,371,750610,3756.5533317481436,199.8134815913015
2021,372,472312,292.88140714129,1612.6390698886194
2021,373,600969,5400.3014945405575,111.28434229228691
2021,374,213532,233.93760015416316,912.7733201472699
2021,376,419928,1818.4962710285354,230.92046252175712
2021,377,353096,2976.797354216165,118.61606887680651
2021,378,548906,4294.10640632098,127.82775927303602
2021,379,430050,402.63136101324255,1068.0986173500173
2021,380,428774,4133.382301090634,103.73441621571362
2021,381,725665,386.5219982864559,1877.4222507827387
2021,382,112527,2076.2616443248016,54.19692662896235
2021,383,288979,4198.310438404518,68.83221339625865
2021,384,190374,3142.9428161205688,60.5718942844097
2021,385,244461,3439.0910884574005,71.08302563444245
2021,386,422926,5356.709986809598,78.95256622841559
2021,387,106205,2691.891016207296,39.4536774930941
2021,388,260131,3784.6689263114463,68.73282843620478
2021,389,104692,3587.084774466333,29.18581705824767
2021,390,284999,5321.470278180288,53.55643931125315
2021,391,284113,5947.494309421169,47.77020123414811
2021,392,221670,280.804259734258,789.4111015615636
2021,393,198768,5511.239435440179,36.06593441065486
2021,394,377721,5797.480618334235,65.15261108514562
2021,395,409617,2140.8180016840706,191.33667583034872
2021,396,128358,3887.06670035068,33.02181565045434
2021,397,167726,3069.043207767893,54.650908653054344
2021,398,107258,3773.4546262546805,28.424351323513402
2021,400,271502,2290.3847082947846,118.53991122833513
2021,401,151911,1305.9838613844763,116.3192015550321
2021,402,770750,356.61466922636953,2161.2963977955387
2021,403,354542,3578.085750314772,99.08706071921561
2021,404,194125,1940.4553078188355,100.04095390282694
2021,405,322455,303.2602251699959,1063.2947324999323
2021,406,51377,221.473180374842,231.978426972714
2021,407,110523,989.1256189130642,111.73808249092984
2021,408,32031,701.750116991981,45.644452668279385
2021,409,63333,1150.61610238738,55.04268527842797
2021,410,519771,2661.778428691826,195.2720761417583
2021,411,133260,1756.24059400641,75.87798645287072
2021,412,48723,774.7473168099966,62.88889156869336
2021,413,32815,1157.85642794372,28.341164938970344
2021,414,23920,597.0854676275849,40.06126642981608
2021,415,61536,808.4868465605543,76.11255552491052
2021,416,36638,455.76830980730296,80.38733543253677
2021,417,40132,704.1620778163152,56.99256075313483
2021,418,27374,429.04013969942764,63.80288804487474
2021,420,222662,3166.234234558995,70.32391904858966
2021,421,239937,2283.532905454155,105.07271405063494
2021,422,155694,2625.8265737503752,59.293329405844105
2021,423,176096,2011.5780828223235,87.54122025078458
2021,424,131326,2109.76641005476,62.24670151829338
2021,425,79765,1076.828025759313,74.07403790754296
2021,426,62396,1327.5918291452967,46.99938537597849
2021,427,187275,2877.343178478225,65.08608406559497
2021,430,891940,2615.898984804666,340.96882378912
2021,431,439939,2315.72926236669,189.97859859938012
2021,432,844329,230.82874211225297,3657.8157133889304
2021,433,180639,1941.1089640093521,93.05969080009343
2021,434,161993,1004.6875356935291,161.23719489381077
2021,435,303330,2058.94920922389,147.32272104678998
2021,436,330022,150.50129437028804,2192.818350040403
2021,437,188373,2515.7361427547644,74.87788436895814
2021,438,65192,938.4502109126734,69.46772374487365
2021,439,169771,1415.0861110856993,119.97220428497194
2021,440,865112,1924.2055645118974,449.5943759623459
2021,441,1198321,412.6961988908473,2903.6395373172313
2021,442,573540,1236.467405139112,463.85371552553977
2021,443,265723,145.49616260624455,1826.323081242525
2021,444,335087,1308.1620879881764,256.1509793601576
2021,445,155176,104.7731494254194,1481.066483645782
2021,446,456949,2187.3494824782388,208.9053457896827
2021,447,191236,162.01857399657518,1180.333805456419
2021,448,329872,2717.8608713221656,121.3719228532571
2021,449,93628,211.18770168722884,443.340209926921
2021,450,631363,881.894744818339,715.916501044639
2021,451,346937,2120.44742170408,163.6149976881704
2021,452,815173,347.6614765660551,2344.7320308585254
2021,453,498055,2565.4551340724433,194.1390412115217
2021,454,485878,265.33521183174616,1831.1855280938137
2021,455,100333,184.1453266597815,544.8577046181067
2021,456,335808,4005.2926420962986,83.8410648127434
2021,457,150639,1862.5421511244926,80.87816960762638
2021,458,365565,3354.466349762851,108.9785861246884
2021,460,596171,1964.8980323891446,303.4106555010939
2021,461,578019,2823.8954173689895,204.68852934310777
2021,462,975643,421.0091602564125,2317.3913826620587
2021,463,683218,1732.1357059820155,394.43676245485455
2021,464,125174,94.29590251013491,1327.4595891008767
2021,465,491199,2153.5558461724645,228.0874214954828
2021,466,147560,137.65152876693253,1071.9822825204085
2021,467,337369,3108.689288100601,108.52451587599202
2021,468,326328,300.3553279927199,1086.4731522522206
2021,469,303730,2986.824016476508,101.6899550574472
2021,470,118049,1383.4231361927168,85.331087005585
2021,471,305399,2104.5993183789406,145.11028172109852
2021,472,216368,2099.724571945529,103.04589606222554
2021,473,311368,2538.1769778781327,122.67387290712001
2021,474,261463,2304.4237419944347,113.46133752888207
2021,475,163471,2574.9593026025586,63.4848868620086
2021,476,128615,1509.0289126619039,85.23030865798663
2021,477,183368,237.45722660317924,772.2148642223927
2021,478,183101,1808.7877711490219,101.228570272612
2021,479,315727,3698.9850661020077,85.3550350590394
2021,480,1168708,1303.0560665783282,896.8977083763476
2021,481,1628624,1811.381790741917,899.1058695212664
2021,482,861143,192.78009706224822,4466.9704659498075
2021,483,1027719,722.44442181361,1422.557872922646
2021,484,462173,3075.3174512892683,150.28464778692774
2021,485,167159,115.39243436026312,1448.6131688505513
2021,486,390929,4259.149516655082,91.78569535333327
2021,487,203667,2867.828556950554,71.01784362471273
2021,488,639979,4148.932453355436,154.251486905365
2021,489,161900,97.72266361151804,1656.729299189075
2021,490,752130,4188.817978755502,179.5566204630018
2021,491,107903,541.5704442805114,199.24093188532763
2021,492,348903,2581.647988514089,135.14739482388418
2021,493,350470,2572.690025617672,136.227060590347
2021,494,597636,2620.842697581163,228.03199923122904
2021,495,434281,201.6596467245524,2153.5344678709366
2021,496,277665,4833.4992866337525,57.44595861798033
2021,497,224065,7176.790145024933,31.220781919522267
2021,498,178097,8504.0418030702,20.942629884027845
2021,499,79342,5695.817268702658,13.92987103641262
2021,500,265283,3569.997340508063,74.30901894236322
2021,501,190024,3858.532575073909,49.247737657459105
2021,502,240890,3674.33581274356,65.56014808568403
2021,503,305474,152.80243142000705,1999.1435814286592
2021,504,101926,3472.924764113928,29.34874980685195
2021,505,122104,4626.614688472087,26.391650963336247
2021,506,169686,4096.62691272761,41.42090642250356
2021,507,77331,192.80292615002514,401.0883109721409
2021,508,31543,2253.2488767644313,13.998897469903278
2021,510,87866,3969.3469148238114,22.1361352095122
2021,511,88220,131.490461959583,670.9231885360377
2021,512,46418,1416.7781026692098,32.76306989256009
2021,513,47050,1515.4224192354704,31.04744881875028
2021,514,46866,1924.3867269685647,24.35373272077529
2021,515,147198,3380.330807043386,43.545442266565345
2021,516,22902,1118.3704661178638,20.478008579302365
2021,520,145551,2337.4072734832775,62.27027769238321
2021,521,57090,2326.092730999912,24.54330355757522
2021,522,179075,2216.6589388620173,80.78599592408793
2021,523,171303,2709.5065052047403,63.22295210251053
2021,524,144647,131.64224918124256,1098.7885796516036
2021,525,109844,3357.118334860896,32.71972836326946
2021,526,102423,1896.033917629119,54.01960326114527
2021,527,174807,1888.457338488321,92.56603071580643
2021,528,104028,110.76010938918468,939.2190073997702
2021,530,658988,2737.4630065004776,240.72946316905234
2021,531,695976,1673.588425908387,415.8585164821748
2021,532,805414,160.88560757345428,5006.128342662835
2021,534,128283,58.40824252840328,2196.316725976088
2021,535,581114,4921.573037647547,118.07485036893114
2021,537,304678,118.88820204872876,2562.726954816942
2021,538,60371,1357.7281197798316,44.46471949758964
2021,539,203337,3261.2583498733334,62.34924626805404
2021,540,156652,1566.7485656659685,99.98541146480186
2021,541,266067,4341.2692716517295,61.28783619514324
2021,542,130834,1380.441165261525,94.77694761095701
2021,543,187188,165.1433183642436,1133.4881838036836
2021,544,390768,7580.640914091053,51.548148029757265
2021,545,91449,6096.633529337548,14.999917505282088
2021,546,255576,4473.189854518813,57.13506654358015
2021,547,272732,4611.733807187976,59.13871255424855
2021,548,184215,7742.343923822052,23.793182247200047
2021,549,498035,3080.851630815046,161.6549771558599
2021,550,711447,4525.644791571771,157.20345558823945
2021,551,818824,305.81376312546666,2677.5250127119357
2021,553,1048331,4550.262874456648,230.3891069425703
2021,554,1128973,302.13202236297235,3736.6876611433318
2021,556,16410,3198.641867883092,5.130302383886565
2021,557,168550,10587.512719885346,15.919697520970276
2021,558,118077,567.4714279613368,208.07567426644937
2021,559,345315,4733.82826127279,72.94624581652118
2021,560,267813,5320.9380103103085,50.33191506479918
2021,561,90455,5111.14832021749,17.697588552106613
2021,562,144615,7308.04561617683,19.78846433031088
2021,563,322197,5995.183971421204,53.74263767982766
2021,564,150121,5682.255446965586,26.419262808779035
2021,565,179359,7334.37905770885,24.454558264408693
2021,566,91512,9599.228498354898,9.5332661385947
2021,567,69064,7865.748410543246,8.780346941611638
2021,570,188683,5973.777227750564,31.58520862202438
2021,571,195783,176.3029037397301,1110.4922031745302
2021,572,73386,6662.482676087081,11.0148128809995
2021,573,83009,10664.045038446116,7.7840068848860975
2021,574,61147,9318.785899858101,6.56169169000128
2021,575,52578,14941.767944923151,3.518860699336769
2021,576,20489,11815.358884121437,1.7340988285624568
2021,577,205579,17552.065657983592,11.71252455442428
2021,580,94128,6333.927489938139,14.860921623988991
2021,581,127374,71.21125272276507,1788.677984586004
2021,582,101541,6271.697899792459,16.19035253648939
2021,583,47749,8352.159844614138,5.716964340761603
2021,584,46831,11583.350692924801,4.0429579697181
2021,585,157678,10294.793131566837,15.31628639690809
2021,586,50106,10617.774813239015,4.719067872632238
2021,587,96873,11481.430002326753,8.437363636791613
2021,588,50019,4522.859905340611,11.059153068379892
2021,590,87900,25937.568098491414,3.3889067651300917
2021,591,142196,815.7184945844334,174.3199411856434
2021,592,38453,17088.75645703984,2.2501929907345017
2021,593,34470,22399.893984765473,1.5388465688026738
2021,594,133095,21791.88327875352,6.1075492327808085
2021,595,31125,13893.53794522648,2.240250116471872
2021,596,85599,6300.711679347965,13.585608159245002
2021,597,190178,15039.375596242717,12.645338816294482
2021,598,208142,12936.468796460165,16.089552974220783
2021,599,127576,8294.418081759539,15.380946407868631
2021,600,1673391,1147.1486927811163,1458.7394036452904
2021,601,1451615,1249.2377387650424,1162.0005984089316
2021,602,83182,8.375341652237562,9931.773944741351
2021,603,65842,7.169368391401864,9183.793662906693
2021,604,1450053,1766.03326711724,821.0790968660369
2021,605,1036634,1219.6354317034088,849.9539887523446
2021,606,2725584,225.00615718879607,12113.375180720242
2021,607,110147,15.59710039196483,7062.017761759392
2021,608,153128,25.91719464532143,5908.355518240577
2021,609,160538,2667.9468183811723,60.17286360205991
2021,610,305059,3449.29658897029,88.44093052927887
2021,611,226079,197.19325176131764,1146.4844662820694
2021,612,210185,1999.7234861917757,105.10703177281333
2021,613,144311,2446.5195844159794,58.98624352702625
2021,614,135725,3374.6260516941957,40.21927108986215
2021,615,205512,2060.047490152742,99.76080696312606
2021,616,164306,164.8691384792992,996.5843305515306
2021,617,235072,2642.521654220923,88.95745456788119
2021,618,290712,2194.5559072258675,132.46962587865363
2021,619,102123,2012.5329230759887,50.74351769804268
2021,620,296838,2750.8966078145804,107.90590935215835
2021,622,454309,3279.403583979707,138.53403168166182
2021,623,107101,3082.1046343507505,34.7493069528968
2021,624,144867,3854.959417426063,37.579383934663305
2021,625,177022,2237.8706486810497,79.10287402193364
2021,626,157385,3621.935248261973,43.45328925345173
2021,627,139206,145.1045879433713,959.3494042678147
2021,628,201716,4709.729101749804,42.82963959117235
2021,629,214140,3696.5319058404866,57.929974758681446
2021,630,735995,2141.632455581992,343.66074257125143
2021,631,907022,304.207621004917,2981.5886827678773
2021,633,530976,3008.4828296989995,176.49294679641713
2021,634,67286,3033.013501622248,22.18453691815456
2021,635,60609,3103.7176464475638,19.527871702302406
2021,636,133872,3569.7002587107645,37.50230840063566
2021,637,130416,1970.4283237551133,66.18662471896553
2021,638,112480,2747.511378601815,40.93886594101754
2021,639,77160,3027.0183424846414,25.490430274917138
2021,640,644672,2901.926122542902,222.1531399410976
2021,641,599574,399.01583880355753,1502.632080465309
2021,644,99714,4824.562569675771,20.667987731518046
2021,645,84379,180.1422890425762,468.40195296983944
2021,646,70152,4545.701164755587,15.43260268490877
2021,647,113227,4492.711820971703,25.2023732017405
2021,648,202062,1713.5661470214457,117.91899621221401
2021,650,156282,3785.8590641436767,41.280459032446686
2021,651,70436,219.15270144034758,321.40146818665784
2021,652,278787,3808.358130558608,73.20398724137524
2021,653,104949,2734.6717762277826,38.377183292090386
2021,654,92595,2597.2729901114208,35.65085393508357
2021,655,122816,3720.6189690909096,33.00956131769889
2021,656,214416,5183.996600632312,41.361138233355874
2021,657,298118,5420.248292321123,55.00080142497243
2021,658,233744,228.057271049284,1024.9355301172884
2021,660,518907,4785.7394421663885,108.42775839988133
2021,661,160468,141.00119092004198,1138.0613096452294
2021,662,409378,171.78983530745168,2383.016429740081
2021,664,84683,3014.633037498969,28.090649490876537
2021,665,132938,3342.081623472684,39.77700576381107
2021,666,164899,303.88872983028034,542.6295344749866
2021,667,113285,3972.199141587519,28.51946641192939
2021,668,57947,4323.786583465151,13.40191031203958
2021,669,24184,3614.3047622352597,6.691190032642254
2021,670,185422,6782.480851789475,27.338374269214288
2021,671,114228,4342.626345092827,26.30389790019069
2021,672,422708,268.7801769749549,1572.6903849735475
2021,673,56820,2385.623842750196,23.817669400259152
2021,674,133746,7251.55413409277,18.44377047000184
2021,675,117273,7158.623999685158,16.38205889919037
2021,676,57871,6939.450544486004,8.339421057764225
2021,677,30544,8414.784956197993,3.6298016121615224
2021,678,117256,12877.329202116394,9.105614849135714
2021,679,29393,1682.3338691389981,17.471561703173133
2021,680,237195,3133.3459233842664,75.70022774370544
2021,681,640619,288.8928521372099,2217.496885993349
2021,683,80688,4351.526301445681,18.542459452260122
2021,684,74604,3296.154876055407,22.633645203371184
2021,685,298037,264.8301152097374,1125.389383167257
2021,686,74570,4476.054933489123,16.659759790274077
2021,687,127736,10350.930549787427,12.340532997066942
2021,688,170320,9249.96301649705,18.41304659232032
2021,689,71433,5391.089785904566,13.250196683195162
2021,690,24523,5327.477743738278,4.603116367557506
2021,691,76587,14463.362103879663,5.295241828969783
2021,692,8282,4816.556851801895,1.7194855692197772
2021,693,67602,12353.472650718562,5.472307416009684
2021,700,575859,1477.8332722130851,389.66438963553685
2021,701,423700,236.39029381125553,1792.3747763446702
2021,703,271984,2271.8728449897376,119.71796775502574
2021,704,461965,2837.185388161097,162.8251019223737
2021,705,633178,4871.1088246830395,129.9864205027693
2021,706,281571,4914.629886569784,57.29241194122257
2021,707,435606,3292.5480613005316,132.30057447603025
2021,708,387554,232.12214450327025,1669.6123535707725
2021,710,173997,4988.822158325614,34.877370745642736
2021,711,295269,562.2195666708038,525.1844964209307
2021,712,335567,5964.95912940092,56.25637874801367
2021,713,194841,4386.558809722551,44.417733456153904
2021,714,185546,6416.662245609242,28.916279663459672
2021,716,150691,5310.396215126535,28.376602026560718
2021,717,99374,3912.838954205508,25.396905204389544
2021,718,120030,4138.03613753016,29.006513237373863
2021,719,171312,3925.5304022158916,43.64047210111975
2021,720,404937,6214.427659068057,65.16078747961902
2021,721,322030,4384.102122882772,73.45403710355377
2021,722,218945,293.4793289041544,746.0320998331841
2021,723,154297,4293.3284252095955,35.93878332111697
2021,724,235492,4274.524130387791,55.09198049108588
2021,725,105988,3284.733449684983,32.26684954000289
2021,726,138035,3743.3945678267874,36.874285491132625
2021,727,535457,2696.7050173981033,198.55972253006445
2021,728,122992,2965.6511309556627,41.47217409229338
2021,729,227047,2793.4559784827957,81.2781736132157
2021,730,778629,8005.051850592804,97.26720257812441
2021,731,690643,401.30486487488497,1720.9933405998509
2021,734,91777,2902.2592291474402,31.62260596099824
2021,735,205212,5746.661487136425,35.70977696517454
2021,736,58476,4967.466748453346,11.771794953274101
2021,737,106993,5691.304612328093,18.79938033333157
2021,738,31867,5141.358381293034,6.19816741737921
2021,739,28333,5121.194609216177,5.532498208330439
2021,740,651037,6150.06908706271,105.85848561758792
2021,741,433659,264.8324409245292,1637.484435389025
2021,743,124437,2745.645616246057,45.32158092934609
2021,744,216619,3762.031036340123,57.580333045507494
2021,745,81635,4887.266335579849,16.703611875147466
2021,746,53520,2353.2338116786987,22.74317143260026
2021,747,88983,3270.259462108339,27.209767613555833
2021,748,198132,4780.360505284647,41.44708328607577
2021,749,108193,2984.038813144102,36.25723617381624
2021,750,2561000,1541.602385850741,1661.2584564642452
2021,751,883030,3649.1575787709135,241.98187689593186
2021,752,1375223,371.28358452098627,3703.9693036099407
2021,753,0,0.0459797523205304,0.0
2021,754,380385,6315.393271775404,60.23140343452672
2021,755,125649,2091.0976140198377,60.087582309683604
2021,756,338432,4229.841577150955,80.01056158418909
2021,757,372375,3283.483863063565,113.40850618725614
2021,758,121795,4662.693730319822,26.12116665695001
2021,759,254506,6670.425554203713,38.15438729236846
2021,760,1319801,3000.48000122753,439.8632883605472
2021,761,1061369,509.6481815770166,2082.552314256828
2021,762,553826,3637.9134745667907,152.23726563918638
2021,763,170239,4869.95399207618,34.95700375752892
2021,764,148604,8231.994318797306,18.052004683806807
2021,765,546068,4932.4694370137395,110.70884614149894
2021,766,166866,4853.665291714667,34.37937928782288
2021,767,187617,332.6394288380179,564.0251387377231
2021,768,84086,9980.837345947037,8.424744045562989
2021,769,136690,10078.100079666207,13.563072297306187
2021,770,3201957,848.3158733669814,3774.4867218992067
2021,772,4459,0.508437950642635,8769.9983731822
2021,773,1386067,3898.3390405102846,355.5532203834602
2021,774,1377578,5361.58934285784,256.9346348457418
2021,775,1305833,2865.733475278414,455.6714751266723
2021,776,276298,2324.892562812006,118.84334115887566
2021,777,143838,417.0504129147049,344.8935561404605
2021,778,340765,4160.224365692885,81.91024570936708
2021,779,169218,4858.35555785961,34.83030378998248
2021,780,596914,11141.217160383223,53.5770904926395
2021,781,494391,4334.53435974455,114.05861828930946
2021,782,1831298,889.8498714657776,2057.9853509260515
2021,783,231000,7132.07961544023,32.38887007092691
2021,784,319286,316.6914381844053,1008.1927122200377
2021,785,1372256,3984.9714982385267,344.3577954338135
2021,786,1185054,7450.202762990254,159.06332185841882
2021,787,1131178,553.6262420062787,2043.2160077902722
2021,788,172303,11328.01750548378,15.210340195589373
2021,789,69725,2756.7908006020916,25.2920896227497
2021,790,215952,19520.61480943175,11.062766316953232
2021,791,234775,700.8309450129132,334.9951963032599
2021,792,29267,8087.373986357699,3.618850822203777
2021,793,144252,10462.816831829752,13.787109372034472
2021,794,280751,463.3273500861005,605.9452349355759
2021,795,94160,9032.61633969919,10.424443644988886
2021,796,137352,540.2674637907172,254.22963477438998
2021,797,445848,13230.863617842437,33.697573558142736
2021,798,70427,9678.94614716245,7.276308694066542
2021,799,812205,914.2421589199021,888.3915405515207
2021,800,913685,439.4912233506441,2078.9607424561123
2021,801,743495,3395.410327209471,218.9705892221409
2021,802,1133157,256.8110247044788,4412.415710361198
2021,803,128610,163.75736748083722,785.3692446237563
2021,804,225837,9217.547595163753,24.50076852529536
2021,805,606489,2933.302377777853,206.75979557874652
2021,806,302126,3100.0402637931957,97.45873417473615
2021,807,68256,9502.058364679822,7.183285702991989
2021,808,128558,9990.98700152362,12.867397383301068
2021,809,603986,867.3750836614909,696.3377336715342
2021,810,236416,18707.40191712051,12.637564587931285
2021,811,73560,9855.409096602687,7.463921515481004
2021,812,90292,7443.334891548305,12.130584115263174
2021,813,70182,4702.504759667638,14.924386808055099
2021,814,87101,5695.89460657717,15.291891092827216
2021,815,151642,2260.324464103529,67.08859830004228
2021,816,160198,15141.730198412424,10.579900572841828
2021,820,137174,5195.849496329206,26.40068772140369
2021,821,1057,3124.69405946653,0.33827311726654563
2021,822,23728,6600.459655044705,3.594901149325984
2021,823,15031,3758.5557640469897,3.99914247482536
2021,824,53491,8416.101575254435,6.355793061870556
2021,825,38290,5351.836404702723,7.1545535222926695
2021,826,95045,8009.0596929327,11.867185867508137
2021,827,60852,8784.71744379529,6.927029854896495
2021,828,38499,4372.47772856892,8.804847592122657
2021,829,68825,5791.192431229226,11.884426362498086
2021,830,22095,2131.916527540397,10.363914212669064
2021,831,22121,3353.5316298405833,6.596329613581598
2021,832,180590,15236.229665020937,11.852669851426255
2021,833,204884,8512.313446176702,24.069132474441886
2021,834,237031,9081.986974141762,26.09902443979217
2021,835,71500,6580.617337270694,10.865242018411386
2021,836,544313,14419.273593480395,37.74898898139421
2021,837,285700,1238.2599851378272,230.72699063936847
2021,838,287803,6769.708068177318,42.51335465304464
2021,840,1531595,11192.821122486968,136.8372623165526
2021,841,635826,420.62582293515493,1511.619033665513
2021,843,205689,4702.372217358595,43.74153948101095
2021,844,211303,203.29613185257634,1039.38524591914
2021,845,53259,10159.908483298032,5.242074777302666
2021,846,319694,3611.3297865815643,88.52528539151169
2021,847,272397,9824.164031262664,27.72724469310289
2021,850,1440579,544.101488243787,2647.629221985407
2021,851,461172,3415.4797163232615,135.02407811001385
2021,852,1615460,1525.9483730914753,1058.6596692830308
2021,853,1479990,13612.127255799343,108.7258421985044
2021,855,96538,6900.815936149025,13.989360228302608
2021,856,318189,14492.803874995912,21.954964873909862
2021,857,908208,1686.9715864998084,538.3659139656193
2021,859,78620,5994.681913421545,13.11495774679504
2021,860,187362,17771.926545408944,10.54258239934047
2021,863,231931,7066.320006802751,32.82203463425374
2021,864,206246,9606.883218853662,21.468565329829236
2021,865,56751,7992.895372602259,7.100180517128862
2021,870,202084,10509.215753626888,19.22921793001136
2021,871,757285,856.8203102784238,883.8317566887744
2021,873,73913,4900.488303237096,15.082782658857809
2021,874,119191,3949.16447658581,30.181320810179262
2021,875,238845,6515.945004534973,36.65546591227649
2021,877,37967,8379.54270396572,4.530915509510042
2021,878,16508,8220.352266439286,2.008186445658317
2021,879,16382,3512.0129130892747,4.664561436817124
2021,880,281399,14288.112439873525,19.694623847913313
2021,881,70173,8025.574763197252,8.74367282973815
2021,882,198720,13193.407130772404,15.06206835204107
2021,883,78502,9659.687248773573,8.1267641465273
2021,884,16724,10060.459740608147,1.6623494781749455
2021,890,697390,13594.543491954404,51.299258442384115
2021,891,1589140,1811.2300391691797,877.3816498366748
2021,893,10563,6776.40389459978,1.558791383202205
2021,894,318764,16456.29194597395,19.37034181494246
2021,895,314649,1145.030753670362,274.7952393343166
2021,897,69287,222.96213675102712,310.75679938145737
2021,898,59530,9355.099882957473,6.363374068132397
2021,900,2451680,219.8457719305504,11151.817833342227
2021,902,1237245,295.6464302833575,4184.880564308463
2021,903,132550,10.60933951398288,12493.708946282846
2021,904,94880,8.73664099645493,10860.00901702376
2021,905,176859,23.65940457895803,7475.209251770146
2021,906,737678,110.11847639933734,6698.948479134961
2021,907,637929,171.79127242256368,3713.395861175379
2021,908,476994,58.586350251526454,8141.72581074159
2021,910,287093,114.43285825614511,2508.833602297817
2021,911,167375,29.120324703428388,5747.703767200599
2021,912,208853,33.374274664866,6257.903792583848
2021,913,1427067,783.6286860525929,1821.1010206742521
2021,914,316039,33.74270206005041,9366.143809039335
2021,915,111462,21.23065993471921,5250.048766393854
2021,916,214910,21.333013384827506,10074.057336543396
2021,917,1979403,632.0714799489739,3131.612583057527
2021,918,83199,7.59363042762491,10956.41943507415
2021,919,593974,801.5422102943221,741.038952623463
2021,920,1309705,3098.693107629754,422.6636696532419
2021,921,1387376,350.6604494651863,3956.465584059942
2021,922,794392,8383.916884311224,94.75189353159514
2021,923,1206714,7871.204474285115,153.3074136165923
2021,924,251502,142.91212848993803,1759.83663988118
2021,925,1533727,1792.7772036110473,855.503403831071
2021,926,1410199,496.6556232177095,2839.38997984895
2021,927,480161,56.11590888821076,8556.593121507398
2021,928,1291022,330.2277777669608,3909.489409794788
2021,930,709650,1343.655204846171,528.1488862920339
2021,931,194373,365.9167583262205,531.194583404987
2021,932,802396,7607.918306448438,105.46853523911957
2021,933,581593,1030.8941259742792,564.1636569132132
2021,934,520614,4613.670665232457,112.84160439175368
2021,935,561224,7087.108465809775,79.18941874637648
2021,936,625311,6688.629188871132,93.4886629745334
2021,937,616583,388.8620859322077,1585.6084259844556
2021,939,408132,1993.8178571913916,204.69873841681738
2021,940,873047,472.8328319638183,1846.4178901747807
2021,941,865933,49.661237131011205,17436.79879974766
2021,943,114888,24.7071504301107,4649.989901708193
2021,944,143098,18.827115344319083,7600.633309084101
2021,945,2502772,2618.402270601263,955.8393788840128
2021,946,459000,63.23615536913279,7258.5057918313905
2021,947,147538,17.292453624605706,8531.929777163945
2021,948,183512,41.3644150433958,4436.470328601911
2021,949,394398,761.258708588701,518.0866840015207
2021,950,888359,2314.2274787082565,383.8684866432662
2021,951,1038702,429.87118389214567,2416.3099061336698
2021,952,536928,2190.2535763123215,245.14421791471884
2021,953,1124547,5558.3919419054855,202.3151680833956
2021,954,518646,4882.560410218726,106.22418494086098
2021,955,167724,4230.664010753495,39.644840519993885
2021,956,1263121,4053.250233736017,311.6316356406495
2021,957,371731,914.4763233543646,406.49603549763225
2021,958,889931,220.13014811122133,4042.7492900716175
2021,959,529941,6034.746574350595,87.81495518840863
2021,960,307551,11618.8065032844,26.47010258007667
2021,961,112942,5984.937890815671,18.871039609837528
2021,967,1021869,4643.546924775642,220.0621672514643
2021,968,431629,99.31889672932444,4345.889998922624
2021,970,849227,4993.499513966977,170.06650298546842
2021,971,354604,2135.380267144997,166.06128915582116
2021,972,935017,295.454762232779,3164.670601123468
2021,973,657209,3928.238421427186,167.3037452144329
2021,974,590763,8249.653767655582,71.61064168731596
2021,975,308072,3086.9558857957873,99.79799239035191
2021,976,73430,6307.816299497444,11.641112631300045
2021,977,255295,12566.58528389786,20.315383553487766
2021,978,151079,15271.76827881274,9.892698556040768
2021,979,32348,9542.257232666843,3.3899735891902245
2021,980,1574556,2101.5170972440997,749.2472947590343
2021,981,1003822,188.78570551315144,5317.2563954005
2021,982,972336,5541.745450693749,175.45663341109923
2021,983,810980,5323.435118147189,152.34148289615294
2021,984,443619,164.64850472602035,2694.339682818221
2021,985,527340,5474.137513287311,96.33298372939915
2021,986,656148,3926.8538359610684,167.09254467053842
2021,988,239498,10480.517843992036,22.851733431978495
2021,989,299814,5371.731628946106,55.813287168782345
2021,990,164083,2242.849602525164,73.15827143080097
2021,991,121135,11976.130423106484,10.114702806365967
2021,992,381839,337.07789419072066,1132.791578981306
2021,993,399877,7673.362363660732,52.112357145248986
2021,994,22327,667.725765320753,33.43737977412757
2021,995,320859,54413.14419939275,5.896718609463865
2021,996,206661,50109.578193023706,4.124181592667477
2021,997,136166,81656.71163299117,1.6675420461701012
2021,998,50361,14009.675353285664,3.5947299798199053
2021,999,21502,7496.699721726804,2.8681954457483845
2022,006,1081492,1701.9077333687378,635.4586554814616
2022,007,1192025,1495.3326967171333,797.1637366165953
2022,009,998865,247.1571047904395,4041.4173035686003
2022,010,463387,1312.60496890372,353.0285279866174
2022,011,171167,42.64831211686598,4013.4530888576287
2022,012,128068,917.2782112109767,139.61740117093436
2022,013,83290,812.4964187227744,102.5112210721248
2022,014,223045,488.6077364575314,456.4909299576482
2022,015,398469,829.9551731172127,480.10906240080163
2022,016,211697,58.63333681671193,3610.5228099462556
2022,017,409901,391.1757955031819,1047.8690264379247
2022,018,774491,408.72137452316286,1894.9119088855198
2022,019,508867,373.2088484620365,1363.4912518741176
2022,020,425765,399.80081308626666,1064.9428066774115
2022,021,1402965,162.72155574014036,8621.875532215765
2022,022,30228,2.1793651236679192,13870.094401219752
2022,023,474202,542.7222846996065,873.7470587972409
2022,024,435867,111.06917792456882,3924.2840196045513
2022,025,127661,348.3705056189614,366.4518032982743
2022,026,159706,295.39130709539484,540.6591059513607
2022,027,555045,623.9050998635734,889.6304904726204
2022,028,696811,981.3499637831366,710.0535239373429
2022,029,397467,114.6741121962524,3466.056918930212
2022,030,402330,918.0694138680851,438.2348370640847
2022,031,157455,106.42640797971194,1479.4730273149464
2022,032,196408,2411.836243122713,81.4350479059481
2022,033,63977,197.2612626381376,324.32622170406296
2022,034,84357,786.1249789500989,107.30736493408735
2022,035,44646,2501.9160039565722,17.844723775456913
2022,036,12965,208.84636705367745,62.079126311389224
2022,037,78969,862.0462689996974,91.60645181103118
2022,038,338571,1617.5191431539401,209.31498797586596
2022,039,52456,212.25237817426486,247.13975151285337
2022,040,364615,2089.0493796966407,174.53632429356324
2022,041,118863,85.35184601603959,1392.6236578135977
2022,042,180579,2199.0721240894886,82.11599702523061
2022,043,84067,780.807118817998,107.6667950047156
2022,044,175837,7109.19794303239,24.733732470107263
2022,045,49563,574.6138302730037,86.25445018692331
2022,046,73946,2994.602483243599,24.69309379584348
2022,047,67325,4680.065065184894,14.385483761931463
2022,048,40910,394.4633806602511,103.71051409518678
2022,049,158720,5271.96246218868,30.106435912312367
2022,050,62362,1252.3157755303716,49.79734442264684
2022,051,29989,496.8296804375854,60.36072557820424
2022,052,33438,451.20150992843804,74.10879455014096
2022,053,39086,789.963851593436,49.478213365282016
2022,054,248786,1950.618367840562,127.54211900271363
2022,056,86703,1179.700000303379,73.49580399907003
2022,057,82056,1523.161094636297,53.8721743149522
2022,058,58037,1542.390018070994,37.62796654544262
2022,059,3359,409.57339132731204,8.201216365922665
2022,060,678317,1187.6414728941452,571.146272239062
2022,061,293905,85.17541543843923,3450.5848722560168
2022,062,166144,675.448816820184,245.9757066155767
2022,063,263058,658.702233160578,399.3579902375584
2022,064,715085,1046.2009192544624,683.5063770633844
2022,065,293948,115.92469530301031,2535.6805918847804
2022,066,245458,88.17666814918626,2783.7069051498884
2022,067,333439,705.9907905883539,472.29936203859097
2022,068,486707,386.0600935144073,1260.7026941566978
2022,069,135309,37.61308472898911,3597.391731492706
2022,070,1807208,363.44583125339193,4972.427373200567
2022,071,435339,34.42351136476823,12646.559945234427
2022,072,194391,19.1991855602923,10124.960738024165
2022,073,287899,15.9467417155505,18053.782091375735
2022,074,465989,495.03847811466346,941.3187471299254
2022,075,211926,21.170819796707203,10010.287841237108
2022,076,512499,123.14091498860074,4161.890465467489
2022,077,614475,393.4370499001754,1561.8127478230822
2022,078,365239,869.1662964980675,420.21762863053226
2022,079,268067,248.52913044432063,1078.6140019914349
2022,080,1204932,1644.5498982891693,732.6819339768862
2022,081,154847,29.39817331051641,5267.232027120802
2022,082,253199,608.9694938820309,415.7827322119514
2022,083,238846,879.6134170383958,271.5351941813027
2022,084,54049,23.725502029987748,2278.0972108276146
2022,085,327601,609.9334231132569,537.1094411056215
2022,086,280148,124.7907724228589,2244.941629583848
2022,087,506787,375.478717014265,1349.7089902455016
2022,088,950719,769.0580271463806,1236.2123096584526
2022,089,114903,22.07175928268136,5205.883161754071
2022,100,1560632,21.486089551516287,72634.5292501057
2022,101,58218,0.6272622222128574,92812.85870304507
2022,102,15454,0.2061163569948726,74977.06744537716
2022,103,492925,55.65406565780903,8856.945025917183
2022,104,1450346,41.50944510853621,34940.144254102386
2022,105,670605,604.9273955321663,1108.5710532419446
2022,106,85224,21.093740597017828,4040.2506899155064
2022,107,240952,24.36217417229851,9890.414471873337
2022,108,90779,11.96792785645159,7585.189440381149
2022,109,586957,683.2443293599379,859.0733574764687
2022,110,262965,44.17855476274714,5952.32237478581
2022,111,209273,7.0203125415623955,29809.64148832974
2022,112,2679609,69.45883743352087,38578.373883160035
2022,113,1192645,48.11278487854301,24788.52560729419
2022,114,805188,42.18360649000241,19087.69939314769
2022,115,748469,139.35311693482836,5371.024462624962
2022,116,134241,8.50542945627647,15782.977295865832
2022,117,1575472,589.0158062621236,2674.753348297896
2022,118,76708,15.67366457425701,4894.069260993882
2022,119,273915,494.65973022381286,553.744287767401
2022,120,339478,1938.404107490014,175.13272835537927
2022,121,281632,2256.401532392838,124.81466439235163
2022,122,155579,52.78683203790462,2947.3070080864763
2022,123,169715,134.31912036493355,1263.5207819921607
2022,124,152326,1506.3882769447416,101.12001157427204
2022,125,450212,1604.0280662649084,280.6758868305529
2022,126,87816,50.76290415255467,1729.924665777433
2022,127,99707,1342.3146798551074,74.27989985981722
2022,128,229094,3658.03082652847,62.627684364654165
2022,129,155207,4116.696956892725,37.70182785500683
2022,130,384608,1906.5603385387508,201.7287322229602
2022,131,174342,1468.4390325405295,118.7260731542752
2022,132,229384,103.29194175607618,2220.7347068921417
2022,133,136549,3297.451118323577,41.41046981446126
2022,134,179001,2092.614361973374,85.53941101273851
2022,135,74114,60.632971404800166,1222.3382473736488
2022,136,233912,3902.646411505442,59.93676478360967
2022,137,130237,1561.4209526960135,83.409281638707
2022,138,137819,1706.7006960037832,80.75171019892436
2022,139,82039,116.5668296612035,703.7936970443723
2022,140,448390,1877.0152076981499,238.8845855702344
2022,141,197542,855.9722522190589,230.7808453929245
2022,142,587724,154.9430335207775,3793.161826286224
2022,143,63703,35.91865378112996,1773.5352886044598
2022,144,303211,1652.3029220031249,183.50811825256008
2022,145,328353,1727.3375387326025,190.09197255153853
2022,146,478986,165.09263022637083,2901.3166689707864
2022,147,170575,2393.5248272346403,71.265189338802
2022,148,277361,3125.586291883937,88.738871398371
2022,149,45133,66.86077599903297,675.029556950592
2022,150,451413,918.264233150453,491.5937958851526
2022,151,368291,259.36462872707665,1419.9738869849675
2022,152,693165,212.89949959557686,3255.8319832443653
2022,153,187628,1200.1719424316807,156.33426625508756
2022,154,135649,889.4402913063055,152.51051849784616
2022,155,85053,1579.3507895045875,53.85314052154273
2022,156,302346,964.2299281472035,313.5621402884339
2022,157,105231,1135.9943947165887,92.63337960945957
2022,158,88011,1836.3933079261678,47.92600780025195
2022,159,136069,773.8847480887382,175.8259228341809
2022,160,205881,941.1464796389657,218.75553322898074
2022,161,210647,1168.3036488754592,180.30158529655924
2022,162,84330,1216.929974522265,69.29733161770936
2022,163,139108,2060.004423436756,67.52801033695
2022,164,124171,1436.4385456360023,86.4436563452296
2022,165,181079,123.31460032113921,1468.4311470696023
2022,166,199302,1761.7360705368535,113.1281826677175
2022,167,45178,1486.183437505633,30.39867008330105
2022,168,200048,1848.9003504784012,108.1983677207037
2022,169,63538,2001.1203182755924,31.751214267192108
2022,170,654454,2639.403871648467,247.95523225146061
2022,171,182004,129.5644735123676,1404.736924143228
2022,172,210760,1607.7077164015607,131.09348039439155
2022,173,349037,1232.1871170256522,283.26623057261975
2022,174,184917,140.31724533740964,1317.8494172640355
2022,175,346010,835.6865035646715,414.04282410218826
2022,176,174556,89.06007074037493,1959.980477770561
2022,177,165252,2401.736019169592,68.80523033382178
2022,178,232034,1676.8837229668723,138.37214639394765
2022,179,120819,689.929693294824,175.11784341824387
2022,180,567511,818.0821065282045,693.7090977437658
2022,181,176420,60.28405387840357,2926.478706223861
2022,182,143699,598.6533183538121,240.03708923746746
2022,183,178228,773.9640140180031,230.27944035115598
2022,184,199709,1692.2315537352295,118.0151732540303
2022,185,119408,62.912828472128716,1897.99128253945
2022,186,169053,1390.1089494403582,121.61133130468572
2022,187,137176,191.05007009011933,718.010728471826
2022,188,73056,1409.207228492364,51.84191403712762
2022,189,379072,492.59901562467127,769.5346275089361
2022,190,1161073,402.6628119132034,2883.487040889877
2022,191,1593611,147.66312354504637,10792.207030036516
2022,193,461176,655.1731843749576,703.8993826341763
2022,194,554270,369.7784812733132,1498.9244319772197
2022,195,222937,806.0170052933076,276.5909385731555
2022,196,226828,102.64134227143845,2209.908746128298
2022,197,347282,324.2256848353851,1071.111932962131
2022,198,218967,83.05505424735138,2636.4078861219073
2022,199,427835,1606.3052176705496,266.3472640775224
2022,200,669838,66.12308430359083,10130.168715732825
2022,201,1012944,1387.5640548469567,730.0160280612948
2022,202,0,0.1901228184955923,0.0
2022,203,695,1.276293586036461,544.5455556650783
2022,204,54,0.1652291256990111,326.8188932886376
2022,205,0,0.5028081864287454,0.0
2022,206,372543,1184.1626265250727,314.60459201725365
2022,207,1066185,590.2759495521403,1806.2484178949621
2022,208,735579,455.9300686090015,1613.3592641612347
2022,209,332277,62.13449401058516,5347.705896557131
2022,210,797528,774.5108514994425,1029.7183034375782
2022,211,495215,718.184997076357,689.5368213147858
2022,212,1191108,292.6230258042808,4070.452066190668
2022,214,96378,54.3586596530137,1773.0017740541675
2022,215,96473,1042.8339481868416,92.5104137314824
2022,216,171371,1808.3496209959542,94.76651970962169
2022,217,520086,1449.0364316211596,358.91851208884776
2022,218,182639,1302.3915908936299,140.23355285539205
2022,219,103876,373.6227676795248,278.02374208923936
2022,220,513816,197.5431541135338,2601.03166979249
2022,221,489073,212.5894704681997,2300.551381603626
2022,222,236457,26.045594504019213,9078.57948734905
2022,223,348087,59.10072548306033,5889.724654899033
2022,224,247826,1093.967422757007,226.53873858092695
2022,225,210965,1445.8137042015096,145.91437291467037
2022,226,204354,1202.1629613081086,169.98860102763143
2022,227,87221,1009.6709105662786,86.38557285074371
2022,228,174611,1497.8835438301455,116.5718127548908
2022,229,276087,1819.9998495119135,151.69616638926692
2022,230,243696,2375.4960803548074,102.58741406283492
2022,231,415572,1744.168668258808,238.2636539474492
2022,232,586221,321.5505872909164,1823.1066064563845
2022,233,284108,738.5357937576135,384.6909011064721
2022,234,599352,1261.1914519671411,475.22681751859466
2022,235,236973,59.772259492294715,3964.598327264981
2022,236,391304,221.8388980675542,1763.9106730544634
2022,237,97384,35.560088253574044,2738.575880508739
2022,238,357974,3460.051159886967,103.4591638846445
2022,239,101578,2602.183981524424,39.03567185149341
2022,240,364221,2001.5599676080221,181.96856746453855
2022,241,225107,2420.1766540159674,93.01263179547836
2022,242,180626,2598.451709383797,69.51293316235385
2022,243,147160,2634.423597054852,55.86041673955441
2022,244,146690,2777.548837887688,52.81275274049079
2022,245,383535,3988.0749142420373,96.17046024645543
2022,246,61927,1023.3193349329842,60.51581152236854
2022,247,57348,400.26952149752947,143.27346180504517
2022,248,34343,878.0710481098531,39.11186922052285
2022,249,48354,2096.2633216171057,23.066758599152806
2022,250,58155,1063.369947631436,54.689339424661384
2022,251,71826,947.5070023080607,75.8052445259369
2022,252,56205,1336.162910997349,42.06448146210482
2022,253,110541,334.4381666095131,330.5274667680697
2022,254,201692,872.7340923382801,231.10361079124917
2022,255,137990,1523.2821270563563,90.58729013426863
2022,256,46417,755.4965375354772,61.43906383928373
2022,257,70854,96.8051253033914,731.9240564788334
2022,258,80861,706.5896147672695,114.43842127036258
2022,259,45506,906.4068772177396,50.20482648993452
2022,260,124270,619.7209142729572,200.5257481842303
2022,261,126196,1422.7885697205204,88.69624249567087
2022,262,81497,2844.8449370808007,28.64725558069504
2022,263,84223,1221.790759368983,68.93406203489259
2022,264,55087,1310.9672994608054,42.02011752898567
2022,265,186913,1065.8012884296702,175.37321640452677
2022,266,29823,1012.717629121386,29.44848508845832
2022,267,53610,1116.6041760915089,48.011642037425545
2022,268,30898,1671.328910232411,18.487085223520364
2022,270,294943,1960.005123884338,150.4807290582394
2022,271,273233,203.2865307601766,1344.078227801238
2022,272,621923,2359.82210875459,263.5465604346861
2022,273,405030,2620.618093538921,154.55514139911992
2022,274,333888,234.50338588790976,1423.8088662804855
2022,275,1303568,4300.872257657704,303.0938660591458
2022,276,557120,299.44817299752987,1860.4888933638465
2022,277,307921,246.47316099048018,1249.3084389496396
2022,278,523624,5941.923391590637,88.12365382244137
2022,279,196371,3367.4431483734334,58.314570238506484
2022,280,780171,1812.354515816449,430.47372530674005
2022,281,656664,2583.2556201600405,254.20016311019103
2022,282,953893,411.43704633226326,2318.4421736045297
2022,283,839969,5013.323747310247,167.54732834691973
2022,284,532568,4072.4015109557854,130.77492446834086
2022,285,506005,3773.9343406976814,134.07890925480586
2022,286,636176,4125.805259685917,154.19438387366588
2022,287,569765,5440.388767335631,104.72872884028028
2022,288,137328,138.19659833491778,993.7147632764973
2022,289,40054,683.556403428187,58.59648128394424
2022,290,473620,4270.117215948797,110.91498805490383
2022,291,352234,4245.905164132446,82.95851800353883
2022,292,342092,309.943135744503,1103.725040331264
2022,293,430946,2119.755783848858,203.2998344825968
2022,294,868134,4295.391233876578,202.10824875584422
2022,295,708974,5139.831021000673,137.93721955123146
2022,296,1073944,3806.7424348849504,282.116276152121
2022,297,427464,1916.54149574357,223.03926158100464
2022,298,225728,2485.9823518168996,90.80032279192365
2022,299,239614,2160.214668518869,110.92138364391771
2022,300,2513918,1688.5914030006186,1488.766314653018
2022,301,1335832,3575.789095499193,373.5768425720066
2022,302,1139873,3365.368762480584,338.70671550413084
2022,303,1029695,359.2826062504585,2865.975090600941
2022,304,229420,4986.145073981108,46.011497177883605
2022,305,728483,4261.329079604553,170.95206363823056
2022,306,428410,3428.8305263299803,124.94347466584912
2022,307,373389,2026.7488135887938,184.2305260013127
2022,308,224371,2098.3272052183347,106.92850926300305
2022,309,203069,187.40360758558313,1083.5917334582944
2022,310,545907,8636.43173858428,63.20978576847842
2022,312,165666,356.0059335823521,465.3461764891561
2022,313,242108,2027.5122681701064,119.41136130264212
2022,314,261471,280.82069679780506,931.0959020526286
2022,315,344250,5415.835098398403,63.563604457196874
2022,316,199455,3066.5153096568292,65.04288414014826
2022,317,363292,4834.259914728178,75.14945543022738
2022,318,88359,2315.205156798909,38.164652381030685
2022,319,198862,187.43118130869743,1060.9867505048485
2022,320,711012,4811.824947876311,147.76348011450494
2022,321,657178,2568.2170948973967,255.88880367851263
2022,322,1061094,1004.7863262412017,1056.0394506655355
2022,323,443240,4419.858250207989,100.28375909547373
2022,324,367331,4516.527545197505,81.33040180184196
2022,325,733632,2417.84735533343,303.42362117348364
2022,326,392596,3105.952540140623,126.40115871900124
2022,327,1070257,1814.9325122824198,589.6952050597562
2022,328,1064485,530.6815653647213,2005.8827543188008
2022,329,701336,1428.91632066918,490.8167048379399
2022,330,1783929,1927.1178184613325,925.6979427569931
2022,331,2018173,686.0847012720917,2941.5799481580634
2022,333,847418,366.0692681164305,2314.9116132045087
2022,334,1609972,2521.0004400066323,638.6242439512483
2022,335,904133,1662.0349567424494,543.9915666828573
2022,336,823994,264.07541973264495,3120.2979846978087
2022,337,764942,230.19909579219953,3322.9583173103006
2022,338,838318,3482.342655762261,240.73392048678159
2022,339,908324,2300.127809590312,394.90153382467315
2022,341,441199,2519.9581153739605,175.0818782694435
2022,342,896914,1976.503992425242,453.7881043687921
2022,344,493471,1593.3476391138718,309.7070519239858
2022,346,731337,864.0312959100881,846.4242018336608
2022,347,861452,2128.786227693753,404.6681572781804
2022,349,508769,2239.7486968285407,227.1545020744565
2022,350,472158,3520.5069360014404,134.11648054762043
2022,351,344165,2718.9635853885275,126.57948118522536
2022,352,504683,352.29249658414636,1432.5681213578007
2022,354,257561,3388.0029871810075,76.02147960746161
2022,355,152386,3988.7665242766902,38.20379033782459
2022,356,391315,3266.035557437663,119.81345368664707
2022,357,271009,1860.5910234069765,145.65748011819835
2022,358,211660,273.40916717422095,774.151072502725
2022,359,287431,2574.064238310982,111.66426840559463
2022,360,300388,6294.489491264341,47.72237691664851
2022,361,207648,324.3783975756858,640.1412718969683
2022,362,184107,2529.1622228364527,72.79366991079132
2022,363,246118,2650.8774770413493,92.84397416763784
2022,364,102360,4153.964677568698,24.641519113713546
2022,365,412498,4458.6072817615595,92.51723103924627
2022,366,279035,284.95673334519705,979.2188334148839
2022,367,100337,5067.5223858182,19.80001120089766
2022,368,286078,2334.0413962483826,122.56766330701203
2022,369,17040,1237.9008869157763,13.765237734383625
2022,370,1089984,5186.732345824177,210.1484956858325
2022,371,766082,3756.5533317481436,203.93215065670245
2022,372,475474,292.88140714129,1623.435248556508
2022,373,611821,5400.3014945405575,113.29385972589147
2022,374,211339,233.93760015416316,903.399025469737
2022,376,422185,1818.4962710285354,232.1615978685585
2022,377,358811,2976.797354216165,120.53591739854267
2022,378,549516,4294.10640632098,127.96981443941525
2022,379,436737,402.63136101324255,1084.7068616337506
2022,380,429296,4133.382301090634,103.86070504214574
2022,381,722385,386.5219982864559,1868.936317214815
2022,382,112773,2076.2616443248016,54.31540880613516
2022,383,289554,4198.310438404518,68.96917325390523
2022,384,192202,3142.9428161205688,61.15351479326018
2022,385,248142,3439.0910884574005,72.15336657782558
2022,386,425106,5356.709986809598,79.35953244562131
2022,387,103807,2691.891016207296,38.56285391013247
2022,388,259330,3784.6689263114463,68.5211850889013
2022,389,102570,3587.084774466333,28.594250331109002
2022,390,283463,5321.470278180288,53.267797278186066
2022,391,283895,5947.494309421169,47.73354714275122
2022,392,217903,280.804259734258,775.9960629023747
2022,393,196577,5511.239435440179,35.66838318362765
2022,394,378496,5797.480618334235,65.28628984166428
2022,395,412332,2140.8180016840706,192.60488265496636
2022,396,128279,3887.06670035068,33.001491841760014
2022,397,166971,3069.043207767893,54.40490364468918
2022,398,106522,3773.4546262546805,28.229304589711674
2022,400,274976,2290.3847082947846,120.05668698544643
2022,401,153693,1305.9838613844763,117.68369008562611
2022,402,767460,356.61466922636953,2152.070753749159
2022,403,357777,3578.085750314772,99.99117544025476
2022,404,194788,1940.4553078188355,100.38262629143003
2022,405,322266,303.2602251699959,1062.671505369193
2022,406,51579,221.473180374842,232.8905012909593
2022,407,110920,989.1256189130642,112.13944708245286
2022,408,31537,701.750116991981,44.94049838592385
2022,409,62508,1150.61610238738,54.32567810436858
2022,410,521954,2661.778428691826,196.09220451024646
2022,411,133111,1756.24059400641,75.79314614083802
2022,412,47938,774.7473168099966,61.87565798534619
2022,413,32791,1157.85642794372,28.32043698045944
2022,414,23730,597.0854676275849,39.743054029244796
2022,415,60424,808.4868465605543,74.7371466302196
2022,416,36251,455.76830980730296,79.53821979269857
2022,417,40063,704.1620778163152,56.89457194888968
2022,418,27075,429.04013969942764,63.105983554284485
2022,420,222633,3166.234234558995,70.31475990310274
2022,421,243044,2283.532905454155,106.43332505500409
2022,422,156100,2625.8265737503752,59.447947385591384
2022,423,176089,2011.5780828223235,87.53774039580914
2022,424,130586,2109.76641005476,61.89595178767235
2022,425,80598,1076.828025759313,74.84760618406754
2022,426,62828,1327.5918291452967,47.32478659532625
2022,427,187859,2877.343178478225,65.28904908011538
2022,430,902705,2615.898984804666,345.08404385783524
2022,431,443924,2315.72926236669,191.69943879635863
2022,432,844459,230.82874211225297,3658.3789014859167
2022,433,180597,1941.1089640093521,93.03805368400221
2022,434,160392,1004.6875356935291,159.64366462383
2022,435,304532,2058.94920922389,147.90651398088235
2022,436,328004,150.50129437028804,2179.409827486205
2022,437,188686,2515.7361427547644,75.00230123234877
2022,438,64582,938.4502109126734,68.81771589905863
2022,439,168021,1415.0861110856993,118.7355304272536
2022,440,865680,1924.2055645118974,449.8895627191434
2022,441,1191760,412.6961988908473,2887.7416443450325
2022,442,573258,1236.467405139112,463.62564643222765
2022,443,264716,145.49616260624455,1819.4019365060467
2022,444,333904,1308.1620879881764,255.24665717343274
2022,445,155346,104.7731494254194,1482.689036761082
2022,446,456928,2187.3494824782388,208.89574512908035
2022,447,190663,162.01857399657518,1176.7971739093957
2022,448,330001,2717.8608713221656,121.41938665148207
2022,449,93688,211.18770168722884,443.6243173797729
2022,450,636121,881.894744818339,721.3117027146297
2022,451,349556,2120.44742170408,164.85011437778644
2022,452,814790,347.6614765660551,2343.630384499018
2022,453,498696,2565.4551340724433,194.38889941074987
2022,454,486477,265.33521183174616,1833.443049799526
2022,455,100128,184.1453266597815,543.7444534500294
2022,456,333539,4005.2926420962986,83.27456438374792
2022,457,148079,1862.5421511244926,79.50370406951524
2022,458,365451,3354.466349762851,108.94460158344891
2022,460,607198,1964.8980323891446,309.02265155291553
2022,461,584168,2823.8954173689895,206.86601791516298
2022,462,978291,421.0091602564125,2323.681032033078
2022,463,687430,1732.1357059820155,396.8684425971515
2022,464,124540,94.29590251013491,1320.7360731990923
2022,465,491410,2153.5558461724645,228.18539898716242
2022,466,148847,137.65152876693253,1081.3319788988563
2022,467,338729,3108.689288100601,108.96199928908376
2022,468,329667,300.3553279927199,1097.5899851791228
2022,469,303134,2986.824016476508,101.49041199876271
2022,470,118095,1383.4231361927168,85.36433785906328
2022,471,307331,2104.5993183789406,146.0282711849971
2022,472,217793,2099.724571945529,103.72455650133239
2022,473,310608,2538.1769778781327,122.3744454020154
2022,474,262168,2304.4237419944347,113.76727084624575
2022,475,163378,2574.9593026025586,63.448769786330544
2022,476,129208,1509.0289126619039,85.62327660911352
2022,477,183361,237.45722660317924,772.1853852290593
2022,478,182548,1808.7877711490219,100.92284065146983
2022,479,316499,3698.9850661020077,85.56374095706389
2022,480,1167570,1303.0560665783282,896.0243768066721
2022,481,1628474,1811.381790741917,899.0230598117029
2022,482,851784,192.78009706224822,4418.422923217852
2022,483,1029040,722.44442181361,1424.3863872832164
2022,484,461850,3075.3174512892683,150.17961797939859
2022,485,166784,115.39243436026312,1445.363389070109
2022,486,391137,4259.149516655082,91.83453139423453
2022,487,202727,2867.828556950554,70.69006949828464
2022,488,637638,4148.932453355436,153.68724537424373
2022,489,161764,97.72266361151804,1655.337605645593
2022,490,752855,4188.817978755502,179.7297003160002
2022,491,107802,541.5704442805114,199.0544372177056
2022,492,348679,2581.647988514089,135.0606285408756
2022,493,352511,2572.690025617672,137.02039363073536
2022,494,601411,2620.842697581163,229.47237564278706
2022,495,434950,201.6596467245524,2156.851938722771
2022,496,279587,4833.4992866337525,57.84360013730671
2022,497,224265,7176.790145024933,31.248649531080986
2022,498,178131,8504.0418030702,20.946627982906865
2022,499,78943,5695.817268702658,13.859819631815704
2022,500,268836,3569.997340508063,75.30425777901019
2022,501,190606,3858.532575073909,49.398572201078025
2022,502,245252,3674.33581274356,66.74730141687152
2022,503,306021,152.80243142000705,2002.7233673974863
2022,504,102082,3472.924764113928,29.393668718315844
2022,505,121246,4626.614688472087,26.206202194036777
2022,506,169285,4096.62691272761,41.323021013716605
2022,507,76840,192.80292615002514,398.5416691249215
2022,508,31759,2253.2488767644313,14.0947590510306
2022,510,88137,3969.3469148238114,22.20440840553544
2022,511,88998,131.490461959583,676.8399675054442
2022,512,46434,1416.7781026692098,32.77436312187374
2022,513,46968,1515.4224192354704,30.993338493497625
2022,514,46525,1924.3867269685647,24.176533410875056
2022,515,147062,3380.330807043386,43.50520951783063
2022,516,22779,1118.3704661178638,20.368027134220966
2022,520,145634,2337.4072734832775,62.305787122400645
2022,521,56960,2326.092730999912,24.48741584584839
2022,522,180283,2216.6589388620173,81.3309602299726
2022,523,172498,2709.5065052047403,63.66399182605595
2022,524,144945,131.64224918124256,1101.052290594355
2022,525,109992,3357.118334860896,32.76381379167487
2022,526,101629,1896.033917629119,53.60083438121254
2022,527,174482,1888.457338488321,92.39393257338287
2022,528,104064,110.76010938918468,939.5440341643566
2022,530,662679,2737.4630065004776,242.07779189212008
2022,531,695231,1673.588425908387,415.4133652200922
2022,532,799666,160.88560757345428,4970.401094671583
2022,534,128457,58.40824252840328,2199.295757572791
2022,535,583308,4921.573037647547,118.52064279814371
2022,537,306802,118.88820204872876,2580.592478589683
2022,538,60119,1357.7281197798316,44.27911532814748
2022,539,203926,3261.2583498733334,62.52985140165925
2022,540,158548,1566.7485656659685,101.19556096903587
2022,541,266930,4341.2692716517295,61.48662598356649
2022,542,131362,1380.441165261525,95.15943403144851
2022,543,187739,165.1433183642436,1136.8246796756189
2022,544,391413,7580.640914091053,51.6332331838108
2022,545,92436,6096.633529337548,15.16181012934264
2022,546,255320,4473.189854518813,57.07783669009173
2022,547,273140,4611.733807187976,59.22718253475004
2022,548,185250,7742.343923822052,23.926862694643805
2022,549,499819,3080.851630815046,162.234037822773
2022,550,719129,4525.644791571771,158.90089326923163
2022,551,818621,305.81376312546666,2676.861210017363
2022,553,1057010,4550.262874456648,232.29646927293595
2022,554,1131403,302.13202236297235,3744.730502749445
2022,556,16547,3198.641867883092,5.1731330619238864
2022,557,168742,10587.512719885346,15.937832091863342
2022,558,118307,567.4714279613368,208.4809810161236
2022,559,346830,4733.82826127279,73.26628277527487
2022,560,268506,5320.9380103103085,50.46215525903884
2022,561,90374,5111.14832021749,17.681740841391665
2022,562,144476,7308.04561617683,19.769444197254746
2022,563,324087,5995.183971421204,54.05789072443972
2022,564,151301,5682.255446965586,26.62692682723321
2022,565,180374,7334.37905770885,24.592947621164555
2022,566,91562,9599.228498354898,9.538474890528105
2022,567,68561,7865.748410543246,8.716398799140443
2022,570,191099,5973.777227750564,31.989642853146478
2022,571,199595,176.3029037397301,1132.1140818795316
2022,572,73732,6662.482676087081,11.06674547382137
2022,573,83035,10664.045038446116,7.786444984116386
2022,574,60505,9318.785899858101,6.492798595246331
2022,575,52081,14941.767944923151,3.4855982365658313
2022,576,20165,11815.358884121437,1.7066768938436205
2022,577,208818,17552.065657983592,11.897061238773267
2022,580,95345,6333.927489938139,15.053061493277562
2022,581,129531,71.21125272276507,1818.9681412329805
2022,582,101139,6271.697899792459,16.12625506138407
2022,583,47028,8352.159844614138,5.630639364538245
2022,584,46724,11583.350692924801,4.033720573489964
2022,585,158484,10294.793131566837,15.39457840236166
2022,586,50096,10617.774813239015,4.718126055709588
2022,587,96664,11481.430002326753,8.41916032936757
2022,588,51099,4522.859905340611,11.29794003560935
2022,590,88806,25937.568098491414,3.4238367939037873
2022,591,143280,815.7184945844334,175.6488310014275
2022,592,38103,17088.75645703984,2.2297116876695373
2022,593,34387,22399.893984765473,1.5351411941229343
2022,594,133557,21791.88327875352,6.128749786862816
2022,595,31039,13893.53794522648,2.234060188439211
2022,596,87136,6300.711679347965,13.829548856458283
2022,597,194112,15039.375596242717,12.906918825040512
2022,598,211116,12936.468796460165,16.31944569431251
2022,599,130860,8294.418081759539,15.77687532869575
2022,600,1668039,1147.1486927811163,1454.0739230204335
2022,601,1446069,1249.2377387650424,1157.5610911575077
2022,602,81721,8.375341652237562,9757.333299730806
2022,603,65402,7.169368391401864,9122.42145046359
2022,604,1442758,1766.03326711724,816.9483706017985
2022,605,1035499,1219.6354317034088,849.023382793796
2022,606,2705664,225.00615718879607,12024.844270060383
2022,607,109203,15.59710039196483,7001.493691497824
2022,608,151655,25.91719464532143,5851.520663227983
2022,609,159640,2667.9468183811723,59.83627518365026
2022,610,303789,3449.29658897029,88.07273951779524
2022,611,224972,197.19325176131764,1140.8706839131885
2022,612,209118,1999.7234861917757,104.57345800255574
2022,613,144065,2446.5195844159794,58.885692523238255
2022,614,134602,3374.6260516941957,39.88649347752901
2022,615,205361,2060.047490152742,99.68750768205521
2022,616,162437,164.8691384792992,985.2480670322385
2022,617,234186,2642.521654220923,88.62216876290593
2022,618,289829,2194.5559072258675,132.0672665689215
2022,619,100869,2012.5329230759887,50.120422301380366
2022,620,296331,2750.8966078145804,107.72160580597644
2022,622,451836,3279.403583979707,137.77993114579579
2022,623,106480,3082.1046343507505,34.547821256052245
2022,624,143937,3854.959417426063,37.33813625880036
2022,625,175866,2237.8706486810497,78.5863115473861
2022,626,156519,3621.935248261973,43.214190556031454
2022,627,138680,145.1045879433713,955.7244327389664
2022,628,200381,4709.729101749804,42.54618379761004
2022,629,212675,3696.5319058404866,57.53365733540009
2022,630,736536,2141.632455581992,343.9133536103632
2022,631,901642,304.207621004917,2963.9033927602577
2022,633,536266,3008.4828296989995,178.25130816972413
2022,634,67129,3033.013501622248,22.132773218482264
2022,635,60410,3103.7176464475638,19.463755045225763
2022,636,132960,3569.7002587107645,37.246824765063025
2022,637,130888,1970.4283237551133,66.42616654563827
2022,638,110660,2747.511378601815,40.27644830221374
2022,639,76790,3027.0183424846414,25.3681977813749
2022,640,649524,2901.926122542902,223.8251328847871
2022,641,603375,399.01583880355753,1512.158018110785
2022,644,99521,4824.562569675771,20.62798410482387
2022,645,83449,180.1422890425762,463.2393672996851
2022,646,68869,4545.701164755587,15.150357998445976
2022,647,113151,4492.711820971703,25.185456915312948
2022,648,203171,1713.5661470214457,118.56618453460686
2022,650,157606,3785.8590641436767,41.63018150694125
2022,651,70335,219.15270144034758,320.94060231853854
2022,652,279725,3808.358130558608,73.45028760700352
2022,653,105353,2734.6717762277826,38.5249158293228
2022,654,91099,2597.2729901114208,35.074865193932474
2022,655,124029,3720.6189690909096,33.33558234002797
2022,656,215360,5183.996600632312,41.5432371181979
2022,657,301104,5420.248292321123,55.55169869737788
2022,658,235737,228.057271049284,1033.6745630401601
2022,660,523191,4785.7394421663885,109.32291787351551
2022,661,160176,141.00119092004198,1135.990405150773
2022,662,411775,171.78983530745168,2396.969525368295
2022,664,85583,3014.633037498969,28.389193290007285
2022,665,131853,3342.081623472684,39.452357798189986
2022,666,164194,303.88872983028034,540.3096063868547
2022,667,113052,3972.199141587519,28.460808728441023
2022,668,57878,4323.786583465151,13.385952077592057
2022,669,24352,3614.3047622352597,6.737672001112478
2022,670,185463,6782.480851789475,27.344419254949734
2022,671,114375,4342.626345092827,26.33774838335881
2022,672,424426,268.7801769749549,1579.082225396214
2022,673,56448,2385.623842750196,23.661735345051543
2022,674,132819,7251.55413409277,18.315935804100118
2022,675,116723,7158.623999685158,16.305228491555578
2022,676,57731,6939.450544486004,8.319246549839928
2022,677,30353,8414.784956197993,3.607103468240528
2022,678,116414,12877.329202116394,9.040228619834252
2022,679,28965,1682.3338691389981,17.217153224659267
2022,680,242202,3133.3459233842664,77.29820004629502
2022,681,643009,288.8928521372099,2225.7698494201663
2022,683,80376,4351.526301445681,18.470760471629728
2022,684,75279,3296.154876055407,22.838429270073714
2022,685,299352,264.8301152097374,1130.3548305407876
2022,686,74447,4476.054933489123,16.63228023476645
2022,687,127735,10350.930549787427,12.340436387395455
2022,688,170593,9249.96301649705,18.442560223835724
2022,689,71056,5391.089785904566,13.180266480773808
2022,690,24249,5327.477743738278,4.5516848997635675
2022,691,76031,14463.362103879663,5.256799868102963
2022,692,8070,4816.556851801895,1.6754707248978027
2022,693,67341,12353.472650718562,5.451179753579896
2022,700,572201,1477.8332722130851,387.18914424163523
2022,701,418997,236.39029381125553,1772.4797124476936
2022,703,269010,2271.8728449897376,118.40891561922567
2022,704,468277,2837.185388161097,165.0498419856556
2022,705,632217,4871.1088246830395,129.7891348262247
2022,706,279445,4914.629886569784,56.85982595833712
2022,707,437424,3292.5480613005316,132.85273042520777
2022,708,387370,232.12214450327025,1668.8196674597866
2022,710,173262,4988.822158325614,34.73004138077985
2022,711,291726,562.2195666708038,518.8826879993919
2022,712,333047,5964.95912940092,55.83391147785601
2022,713,193547,4386.558809722551,44.12274140062009
2022,714,183491,6416.662245609242,28.59601970254211
2022,716,148653,5310.396215126535,27.992826519528908
2022,717,98209,3912.838954205508,25.099167420229563
2022,718,119093,4138.03613753016,28.780077322157506
2022,719,171348,3925.5304022158916,43.64964283636095
2022,720,410408,6214.427659068057,66.04115817506299
2022,721,320268,4384.102122882772,73.05213040735633
2022,722,218640,293.4793289041544,744.9928443560135
2022,723,152009,4293.3284252095955,35.40586345722645
2022,724,236531,4274.524130387791,55.335048483757554
2022,725,106256,3284.733449684983,32.34843911313118
2022,726,138748,3743.3945678267874,37.064754325523744
2022,727,548047,2696.7050173981033,203.22838295779908
2022,728,123845,2965.6511309556627,41.75980064118051
2022,729,226807,2793.4559784827957,81.1922585310205
2022,730,791889,8005.051850592804,98.92365655837166
2022,731,693083,401.30486487488497,1727.0735061138191
2022,734,91607,2902.2592291474402,31.56403090392109
2022,735,205081,5746.661487136425,35.68698112096252
2022,736,57945,4967.466748453346,11.664899421428753
2022,737,106398,5691.304612328093,18.69483488364484
2022,738,31666,5141.358381293034,6.159072690831583
2022,739,27868,5121.194609216177,5.44169908127458
2022,740,657347,6150.06908706271,106.88449035195322
2022,741,434895,264.8324409245292,1642.1515373335042
2022,743,124806,2745.645616246057,45.45597554961923
2022,744,216355,3762.031036340123,57.510158185850614
2022,745,81709,4887.266335579849,16.718753263997357
2022,746,53417,2353.2338116786987,22.69940187621839
2022,747,89567,3270.259462108339,27.38834671615202
2022,748,198674,4780.360505284647,41.560463856306995
2022,749,108163,2984.038813144102,36.247182685279874
2022,750,2610702,1541.602385850741,1693.49893588759
2022,751,905950,3649.1575787709135,248.26277858495123
2022,752,1374681,371.28358452098627,3702.5095030084694
2022,753,0,0.0459797523205304,0.0
2022,754,390218,6315.393271775404,61.78839277420021
2022,755,125413,2091.0976140198377,59.97472292023295
2022,756,339374,4229.841577150955,80.23326496038374
2022,757,376548,3283.483863063565,114.6794123875097
2022,758,122220,4662.693730319822,26.21231568465397
2022,759,253971,6670.425554203713,38.07418251447947
2022,760,1346321,3000.48000122753,448.70187418319904
2022,761,1074969,509.6481815770166,2109.2373893569043
2022,762,572226,3637.9134745667907,157.29510995808982
2022,763,170271,4869.95399207618,34.96357466149477
2022,764,149126,8231.994318797306,18.115415806286332
2022,765,556623,4932.4694370137395,112.84874789553602
2022,766,168841,4853.665291714667,34.7862882692418
2022,767,189646,332.6394288380179,570.1248365609418
2022,768,84196,9980.837345947037,8.435765164952803
2022,769,136742,10078.100079666207,13.568231999987143
2022,770,3201870,848.3158733669814,3774.3841657609432
2022,772,4310,0.508437950642635,8476.94393101935
2022,773,1423891,3898.3390405102846,365.25581413093704
2022,774,1423791,5361.58934285784,265.5539074242283
2022,775,1318150,2865.733475278414,459.9695021784739
2022,776,277570,2324.892562812006,119.39046321532953
2022,777,141680,417.0504129147049,339.7191217479417
2022,778,344580,4160.224365692885,82.82726355856296
2022,779,169662,4858.35555785961,34.92169273727386
2022,780,602926,11141.217160383223,54.116708374012276
2022,781,511026,4334.53435974455,117.89640076359129
2022,782,1850768,889.8498714657776,2079.8654462368804
2022,783,230349,7132.07961544023,32.297592346181574
2022,784,319344,316.6914381844053,1008.3758557882142
2022,785,1381093,3984.9714982385267,346.5753771665577
2022,786,1231190,7450.202762990254,165.25590499577797
2022,787,1147323,553.6262420062787,2072.3782814958904
2022,788,171083,11328.01750548378,15.102642621904533
2022,789,70312,2756.7908006020916,25.505018365790992
2022,790,214287,19520.61480943175,10.977471872272345
2022,791,235679,700.8309450129132,336.2850936835523
2022,792,29102,8087.373986357699,3.5984486495976467
2022,793,143154,10462.816831829752,13.682166313425276
2022,794,284494,463.3273500861005,614.023756523616
2022,795,94921,9032.61633969919,10.508693874532604
2022,796,137880,540.2674637907172,255.20692849534692
2022,797,448620,13230.863617842437,33.90708369142397
2022,798,69916,9678.94614716245,7.223513690123906
2022,799,815680,914.2421589199021,892.1925028743536
2022,800,920899,439.4912233506441,2095.3751771858915
2022,801,751799,3395.410327209471,221.41624356131015
2022,802,1136459,256.8110247044788,4425.273413817658
2022,803,129521,163.75736748083722,790.9323531056181
2022,804,226201,9217.547595163753,24.54025842173929
2022,805,618632,2933.302377777853,210.89949835606436
2022,806,306122,3100.0402637931957,98.74774969065416
2022,807,67781,9502.058364679822,7.1332965341435175
2022,808,129884,9990.98700152362,13.000117003474509
2022,809,610668,867.3750836614909,704.0414366321877
2022,810,236432,18707.40191712051,12.638419864365227
2022,811,73942,9855.409096602687,7.502681956194894
2022,812,90844,7443.334891548305,12.204744422174365
2022,813,70573,4702.504759667638,15.007533985991742
2022,814,87726,5695.89460657717,15.401619246729203
2022,815,152856,2260.324464103529,67.62568933244921
2022,816,160819,15141.730198412424,10.620913058988563
2022,820,137804,5195.849496329206,26.521938346627742
2022,821,906,3124.69405946653,0.2899483862284677
2022,822,23763,6600.459655044705,3.6002038103267604
2022,823,14921,3758.5557640469897,3.969875914235194
2022,824,53683,8416.101575254435,6.378606474741491
2022,825,38206,5351.836404702723,7.138857975260217
2022,826,95235,8009.0596929327,11.890909001968936
2022,827,60943,8784.71744379529,6.937388753811823
2022,828,38885,4372.47772856892,8.893127058357088
2022,829,68293,5791.192431229226,11.792562725377143
2022,830,22042,2131.916527540397,10.339053952281128
2022,831,22681,3353.5316298405833,6.763317750808924
2022,832,183149,15236.229665020937,12.020624788852468
2022,833,207925,8512.313446176702,24.426379657505365
2022,834,242896,9081.986974141762,26.744808233217423
2022,835,72258,6580.617337270694,10.98042877994923
2022,836,561578,14419.273593480395,38.94634472113177
2022,837,291010,1238.2599851378272,235.01526617417787
2022,838,295678,6769.708068177318,43.6766249035032
2022,840,1561326,11192.821122486968,139.49351847169376
2022,841,635649,420.62582293515493,1511.198232111379
2022,843,209268,4702.372217358595,44.50264469228885
2022,844,215583,203.29613185257634,1060.4382780698145
2022,845,53404,10159.908483298032,5.256346559399756
2022,846,324927,3611.3297865815643,89.9743361039235
2022,847,282046,9824.164031262664,28.70941477590024
2022,850,1456801,544.101488243787,2677.443512794205
2022,851,476442,3415.4797163232615,139.49489956652013
2022,852,1632761,1525.9483730914753,1069.9975364776785
2022,853,1508518,13612.127255799343,110.82162043095119
2022,855,97043,6900.815936149025,14.062539980475771
2022,856,320866,14492.803874995912,22.139677233442896
2022,857,914180,1686.9715864998084,541.905985445063
2022,859,78935,5994.681913421545,13.167504321333839
2022,860,186944,17771.926545408944,10.519062158080638
2022,863,235579,7066.320006802751,33.33828637440817
2022,864,209513,9606.883218853662,21.808633999924908
2022,865,56380,7992.895372602259,7.053764295884218
2022,870,202500,10509.215753626888,19.26880223484937
2022,871,759136,856.8203102784238,885.992069624632
2022,873,73089,4900.488303237096,14.914636149977113
2022,874,118384,3949.16447658581,29.976973788224463
2022,875,239900,6515.945004534973,36.81737642552756
2022,877,37773,8379.54270396572,4.5077638881324
2022,878,16610,8220.352266439286,2.0205946730303275
2022,879,16213,3512.0129130892747,4.616440884819682
2022,880,284060,14288.112439873525,19.880862583869366
2022,881,69551,8025.574763197252,8.666170592409019
2022,882,198927,13193.407130772404,15.077758006574445
2022,883,78229,9659.687248773573,8.098502361961277
2022,884,16704,10060.459740608147,1.6603614974548129
2022,890,710979,13594.543491954404,52.2988506690773
2022,891,1611943,1811.2300391691797,889.9714366152001
2022,893,10361,6776.40389459978,1.5289820620427952
2022,894,321827,16456.29194597395,19.556471230369446
2022,895,320218,1145.030753670362,279.6588641602426
2022,897,69837,222.96213675102712,313.2235859310237
2022,898,59726,9355.099882957473,6.384325207345465
2022,900,2438602,219.8457719305504,11092.33067611761
2022,902,1225280,295.6464302833575,4144.409925144878
2022,903,130422,10.60933951398288,12293.13095580612
2022,904,94344,8.73664099645493,10798.65820723113
2022,905,174425,23.65940457895803,7372.33261377712
2022,906,730783,110.11847639933734,6636.334100281809
2022,907,632350,171.79127242256368,3680.9204046441705
2022,908,472584,58.586350251526454,8066.452304522706
2022,910,284967,114.43285825614511,2490.2550224004135
2022,911,165463,29.120324703428388,5682.045158669531
2022,912,207289,33.374274664866,6211.041350906683
2022,913,1417543,783.6286860525929,1808.947305311973
2022,914,313396,33.74270206005041,9287.815760642488
2022,915,110457,21.23065993471921,5202.711566180096
2022,916,213664,21.333013384827506,10015.650210577489
2022,917,1969222,632.0714799489739,3115.5052276033275
2022,918,82326,7.59363042762491,10841.45466185789
2022,919,594682,801.5422102943221,741.9222498358956
2022,920,1311692,3098.693107629754,423.30490772716007
2022,921,1378892,350.6604494651863,3932.271238752567
2022,922,805066,8383.916884311224,96.02504546610135
2022,923,1211853,7871.204474285115,153.9602997176698
2022,924,252698,142.91212848993803,1768.20541874297
2022,925,1540024,1792.7772036110473,859.0158313582152
2022,926,1410088,496.6556232177095,2839.1664849466256
2022,927,476473,56.11590888821076,8490.872008313865
2022,928,1288199,330.2277777669608,3900.9407649197583
2022,930,708192,1343.655204846171,527.0637864876039
2022,931,192122,365.9167583262205,525.0429110675501
2022,932,800954,7607.918306448438,105.27899587474737
2022,933,587242,1030.8941259742792,569.643366087675
2022,934,518888,4613.670665232457,112.46749879878045
2022,935,559006,7087.108465809775,78.87645613112933
2022,936,630843,6688.629188871132,94.3157382755838
2022,937,618872,388.8620859322077,1591.4948316866537
2022,939,408741,1993.8178571913916,205.00418256649405
2022,940,865257,472.8328319638183,1829.9427228991797
2022,941,851036,49.661237131011205,17136.826409597565
2022,943,114801,24.7071504301107,4646.468653871617
2022,944,141797,18.827115344319083,7531.530848287176
2022,945,2491328,2618.402270601263,951.4687746691868
2022,946,459213,63.23615536913279,7261.874118048515
2022,947,149355,17.292453624605706,8637.004513198775
2022,948,182837,41.3644150433958,4420.151954480293
2022,949,392137,761.258708588701,515.1166030362839
2022,950,882637,2314.2274787082565,381.3959552898688
2022,951,1025900,429.87118389214567,2386.5288915420706
2022,952,539396,2190.2535763123215,246.27102808258778
2022,953,1132996,5558.3919419054855,203.83521202565555
2022,954,515032,4882.560410218726,105.48399952657788
2022,955,166764,4230.664010753495,39.41792578567325
2022,956,1265620,4053.250233736017,312.24817788598153
2022,957,381619,914.4763233543646,417.308781270787
2022,958,893026,220.13014811122133,4056.809154322634
2022,959,526919,6034.746574350595,87.31418850951538
2022,960,307906,11618.8065032844,26.50065649281286
2022,961,111600,5984.937890815671,18.64681004814744
2022,967,1021712,4643.546924775642,220.02835689000065
2022,968,428877,99.31889672932444,4318.181273890165
2022,970,853471,4993.499513966977,170.91640794453156
2022,971,355311,2135.380267144997,166.3923777262636
2022,972,934313,295.454762232779,3162.2878336409613
2022,973,663807,3928.238421427186,168.98337849840317
2022,974,593616,8249.653767655582,71.95647438288748
2022,975,309315,3086.9558857957873,100.20065444513523
2022,976,74248,6307.816299497444,11.770793008971344
2022,977,260841,12566.58528389786,20.75671267151845
2022,978,151822,15271.76827881274,9.941350420476846
2022,979,32597,9542.257232666843,3.4160680439852156
2022,980,1582168,2101.5170972440997,752.8694399273901
2022,981,1012898,188.78570551315144,5365.332069219818
2022,982,981650,5541.745450693749,177.13733132168875
2022,983,818638,5323.435118147189,153.7800277135575
2022,984,448013,164.64850472602035,2721.026836809153
2022,985,534826,5474.137513287311,97.70050509360114
2022,986,665530,3926.8538359610684,169.48173469184306
2022,988,243016,10480.517843992036,23.187403868532037
2022,989,301011,5371.731628946106,56.03612034115266
2022,990,166894,2242.849602525164,74.41158774627534
2022,991,120067,11976.130423106484,10.025525420827528
2022,992,386739,337.07789419072066,1147.3282783153404
2022,993,404594,7673.362363660732,52.72708114451411
2022,994,22402,667.725765320753,33.54970133470712
2022,995,319231,54413.14419939275,5.866799368002017
2022,996,208986,50109.578193023706,4.170579907796853
2022,997,134560,81656.71163299117,1.6478743425866136
2022,998,50156,14009.675353285664,3.580097235317948
2022,999,21331,7496.699721726804,2.845385408485666
2023,006,1076406,1701.9077333687378,632.470244358884
2023,007,1185110,1495.3326967171333,792.5393476661087
2023,009,993369,247.1571047904395,4019.180435222615
2023,010,464864,1312.60496890372,354.15377132714326
2023,011,170548,42.64831211686598,3998.9390326318207
2023,012,127286,917.2782112109767,138.76487901305208
2023,013,83366,812.4964187227744,102.60475994595697
2023,014,223473,488.6077364575314,457.36688825315747
2023,015,399287,829.9551731172127,481.094657799801
2023,016,213174,58.63333681671193,3635.7132575685205
2023,017,411020,391.1757955031819,1050.7296328784655
2023,018,776372,408.72137452316286,1899.5140660450138
2023,019,509208,373.2088484620365,1364.404949396042
2023,020,427122,399.80081308626666,1068.3369968730858
2023,021,1398181,162.72155574014036,8592.475616646867
2023,022,30608,2.1793651236679192,14044.457107070735
2023,023,476404,542.7222846996065,877.8043825189282
2023,024,436035,111.06917792456882,3925.7965904467887
2023,025,128026,348.3705056189614,367.49953837949624
2023,026,160335,295.39130709539484,542.7884847952577
2023,027,556904,623.9050998635734,892.6101102904526
2023,028,697327,981.3499637831366,710.5793302440053
2023,029,398064,114.6741121962524,3471.262976239627
2023,030,404637,918.0694138680851,440.7477189498671
2023,031,158457,106.42640797971194,1488.8879838000983
2023,032,197998,2411.836243122713,82.09429664413828
2023,033,64333,197.2612626381376,326.1309348810898
2023,034,84410,786.1249789500989,107.3747842394385
2023,035,44654,2501.9160039565722,17.84792132485
2023,036,12943,208.84636705367745,61.97378571911383
2023,037,79677,862.0462689996974,92.42775343422775
2023,038,340798,1617.5191431539401,210.69178775559385
2023,039,53148,212.25237817426486,250.40002122550578
2023,040,368305,2089.0493796966407,176.30267794506756
2023,041,119472,85.35184601603959,1399.7588286203961
2023,042,181785,2199.0721240894886,82.66441014310382
2023,043,84452,780.807118817998,108.15987452553607
2023,044,176256,7109.19794303239,24.792670201671015
2023,045,50085,574.6138302730037,87.16288637919524
2023,046,74196,2994.602483243599,24.776577330435764
2023,047,67843,4680.065065184894,14.496165983820516
2023,048,41221,394.4633806602511,104.49892694983363
2023,049,160564,5271.96246218868,30.456210785184748
2023,050,62527,1252.3157755303716,49.92910032896377
2023,051,29939,496.8296804375854,60.260087468266924
2023,052,33543,451.20150992843804,74.34150653733411
2023,053,39047,789.963851593436,49.428844017657646
2023,054,249545,1950.618367840562,127.93122638143694
2023,056,86832,1179.700000303379,73.60515383374565
2023,057,82336,1523.161094636297,54.05600253967905
2023,058,58042,1542.390018070994,37.63120826766684
2023,059,3443,409.57339132731204,8.40630781419224
2023,060,677599,1187.6414728941452,570.5417126843587
2023,061,292480,85.17541543843923,3433.854692630067
2023,062,159435,675.448816820184,236.0430517157073
2023,063,262554,658.702233160578,398.59284936718103
2023,064,714644,1046.2009192544624,683.084851912829
2023,065,290037,115.92469530301031,2501.9431730390615
2023,066,244955,88.17666814918626,2778.0024482843946
2023,067,333680,705.9907905883539,472.64072626488513
2023,068,487297,386.0600935144073,1262.230953642492
2023,069,135720,37.61308472898911,3608.3187799643047
2023,070,1804522,363.44583125339193,4965.0370009111475
2023,071,435225,34.42351136476823,12643.248255186541
2023,072,194486,19.1991855602923,10129.908864584098
2023,073,289691,15.9467417155505,18166.156144455967
2023,074,465553,495.03847811466346,940.4380075121476
2023,075,211628,21.170819796707203,9996.21186293955
2023,076,513285,123.14091498860074,4168.273396762686
2023,077,614683,393.4370499001754,1562.341421978332
2023,078,366177,869.1662964980675,421.2968237210221
2023,079,268464,248.52913044432063,1080.2114002492979
2023,080,1211965,1644.5498982891693,736.958484057438
2023,081,154482,29.39817331051641,5254.816289716144
2023,082,253074,608.9694938820309,415.5774674141975
2023,083,238538,879.6134170383958,271.1850403591418
2023,084,53978,23.725502029987748,2275.1046503367866
2023,085,330345,609.9334231132569,541.6082927769957
2023,086,278368,124.7907724228589,2230.6777544155116
2023,087,512636,375.478717014265,1365.2864377410883
2023,088,955021,769.0580271463806,1241.8061658411423
2023,089,114893,22.07175928268136,5205.430094109035
2023,100,1541681,21.486089551516287,71752.51672965325
2023,101,60769,0.6272622222128574,96879.73840608311
2023,102,14809,0.2061163569948726,71847.76703756893
2023,103,492734,55.65406565780903,8853.513111325816
2023,104,1426241,41.50944510853621,34359.433046400816
2023,105,668748,604.9273955321663,1105.5012633568851
2023,106,85402,21.093740597017828,4048.6892121956735
2023,107,241201,24.36217417229851,9900.635234529369
2023,108,91538,11.96792785645159,7648.608940323308
2023,109,591846,683.2443293599379,866.2289236332782
2023,110,259477,44.17855476274714,5873.370041040814
2023,111,216090,7.0203125415623955,30780.680877194736
2023,112,2646164,69.45883743352087,38096.86568008926
2023,113,1168023,48.11278487854301,24276.769739032636
2023,114,796690,42.18360649000241,18886.246726884696
2023,115,749264,139.35311693482836,5376.729394222379
2023,116,130570,8.50542945627647,15351.370635805764
2023,117,1492443,573.3066632308813,2603.2193513839647
2023,118,76624,15.67366457425701,4888.709952734986
2023,119,275832,494.65973022381286,557.6196790371384
2023,120,338917,1938.404107490014,174.84331501899996
2023,121,282166,2256.401532392838,125.05132439826544
2023,122,155313,52.78683203790462,2942.267872572358
2023,123,169777,134.31912036493355,1263.9823692913594
2023,124,152010,1506.3882769447416,100.91023830078315
2023,125,449646,1604.0280662649084,280.32302517438626
2023,126,88327,50.76290415255467,1739.9910717195423
2023,127,99599,1342.3146798551074,74.19944182592933
2023,128,228948,3658.03082652847,62.58777218049727
2023,129,153913,4116.696956892725,37.38749818402305
2023,130,382842,1906.5603385387508,200.80245679159697
2023,131,173112,1468.4390325405295,117.8884490018635
2023,132,229027,103.29194175607618,2217.278483745102
2023,133,134281,3297.451118323577,40.7226658353827
2023,134,179427,2092.614361973374,85.74298411619283
2023,135,73476,60.632971404800166,1211.8159195836984
2023,136,231776,3902.646411505442,59.38944386985667
2023,137,129650,1561.4209526960135,83.03334201846144
2023,138,137005,1706.7006960037832,80.27476658373396
2023,139,81687,116.5668296612035,700.7739700686702
2023,140,445746,1877.0152076981499,237.47596618923194
2023,141,198977,855.9722522190589,232.45730160547092
2023,142,586209,154.9430335207775,3783.384039150045
2023,143,63265,35.91865378112996,1761.341067666533
2023,144,304834,1652.3029220031249,184.49038365824757
2023,145,325391,1727.3375387326025,188.3771947888939
2023,146,476655,165.09263022637083,2887.1973227782655
2023,147,168969,2393.5248272346403,70.59421238392517
2023,148,277797,3125.586291883937,88.87836522745906
2023,149,44822,66.86077599903297,670.378100317715
2023,150,450779,918.264233150453,490.9033628081451
2023,151,366234,259.36462872707665,1412.0429674525105
2023,152,690893,212.89949959557686,3245.160281317795
2023,153,187497,1200.1719424316807,156.22511522816507
2023,154,133611,889.4402913063055,150.21918987250717
2023,155,84870,1579.3507895045875,53.73727012643094
2023,156,300936,964.2299281472035,312.09983346841085
2023,157,105248,1135.9943947165887,92.64834447203201
2023,158,87815,1836.3933079261678,47.81927685151998
2023,159,134743,773.8847480887382,174.11248940203893
2023,160,207374,941.1464796389657,220.34189627904783
2023,161,209319,1168.3036488754592,179.1648945045051
2023,162,83532,1216.929974522265,68.64158312214512
2023,163,137997,2060.004423436756,66.98869110668035
2023,164,123959,1436.4385456360023,86.29606910549417
2023,165,179893,123.31460032113921,1458.813470031268
2023,166,197840,1761.7360705368535,112.29831942971586
2023,167,44686,1486.183437505633,30.06762077432358
2023,168,198638,1848.9003504784012,107.43575225598427
2023,169,63387,2001.1203182755924,31.675756535530017
2023,170,657558,2639.403871648467,249.13125538052475
2023,171,183427,129.5644735123676,1415.7198731061947
2023,172,211458,1607.7077164015607,131.52763891268384
2023,173,350904,1232.1871170256522,284.7814225221239
2023,174,185956,140.31724533740964,1325.254066617731
2023,175,347282,835.6865035646715,415.56492598438234
2023,176,174938,89.06007074037493,1964.2697175704438
2023,177,164735,2401.736019169592,68.58996937430187
2023,178,231347,1676.8837229668723,137.96245788031325
2023,179,120608,689.929693294824,174.81201515479813
2023,180,569927,818.0821065282045,696.662346544492
2023,181,176993,60.28405387840357,2935.9837073499593
2023,182,144781,598.6533183538121,241.84447920228934
2023,183,178240,773.9640140180031,230.2949449479882
2023,184,199717,1692.2315537352295,118.01990073945176
2023,185,119862,62.912828472128716,1905.2076168074461
2023,186,168794,1390.1089494403582,121.42501497307424
2023,187,137396,191.05007009011933,719.1622590621902
2023,188,72716,1409.207228492364,51.60064363123867
2023,189,379898,492.59901562467127,771.211447749741
2023,190,1163774,402.6628119132034,2890.1948865614613
2023,191,1582836,147.66312354504637,10719.236881895818
2023,193,465156,655.1731843749576,709.9741123314806
2023,194,557171,369.7784812733132,1506.7696694556435
2023,195,225156,806.0170052933076,279.3439822253704
2023,196,226637,102.64134227143845,2208.0478975094743
2023,197,349167,324.2256848353851,1076.925784511113
2023,198,219376,83.05505424735138,2641.332330560676
2023,199,437704,1606.3052176705496,272.4911773833087
2023,200,671416,66.12308430359083,10154.033301249661
2023,201,1020603,1387.5640548469567,735.5357732386408
2023,202,0,0.1901228184955923,0.0
2023,203,642,1.276293586036461,503.01906005320893
2023,204,21,0.1652291256990111,127.09623627891463
2023,205,0,0.5028081864287454,0.0
2023,206,376004,1184.1626265250727,317.5273324605628
2023,207,1067004,590.2759495521403,1807.6359045452677
2023,208,734871,455.9300686090015,1611.8063944368052
2023,209,333300,62.13449401058516,5364.170181271927
2023,210,802155,774.5108514994425,1035.6923966230283
2023,211,494763,718.184997076357,688.9074570119391
2023,212,1183417,292.6230258042808,4044.169103738
2023,214,94866,54.3586596530137,1745.186518680847
2023,215,95966,1042.8339481868416,92.02423853467229
2023,216,172287,1808.3496209959542,95.27305892602361
2023,217,528004,1449.0364316211596,364.38283294870456
2023,218,183360,1302.3915908936299,140.7871497958524
2023,219,104366,373.6227676795248,279.33522533487576
2023,220,514786,197.5431541135338,2605.941989283706
2023,221,492550,212.5894704681997,2316.906848280044
2023,222,235967,26.045594504019213,9059.766324918668
2023,223,344502,59.10072548306033,5829.065501044356
2023,224,250025,1093.967422757007,228.54885328293344
2023,225,216333,1445.8137042015096,149.62716107292388
2023,226,206615,1202.1629613081086,171.86937765506948
2023,227,88690,1009.6709105662786,87.84050235760265
2023,228,174756,1497.8835438301455,116.66861600811917
2023,229,278634,1819.9998495119135,153.09561705443213
2023,230,244667,2375.4960803548074,102.9961707886532
2023,231,420813,1744.168668258808,241.26852388656584
2023,232,591405,321.5505872909164,1839.2284865116364
2023,233,286640,738.5357937576135,388.1193063664493
2023,234,600411,1261.1914519671411,476.0664997082798
2023,235,235037,59.772259492294715,3932.208720172253
2023,236,391123,221.8388980675542,1763.0947656478872
2023,237,97246,35.560088253574044,2734.695125235694
2023,238,359916,3460.051159886967,104.02042726205174
2023,239,101190,2602.183981524424,38.88656632984129
2023,240,362085,2001.5599676080221,180.9013998380034
2023,241,225434,2420.1766540159674,93.14774589942502
2023,242,179443,2598.451709383797,69.05766205004961
2023,243,147276,2634.423597054852,55.9044491419857
2023,244,146359,2777.548837887688,52.69358291870947
2023,245,383850,3988.0749142420373,96.24944572360259
2023,246,61413,1023.3193349329842,60.0135245211817
2023,247,57219,400.26952149752947,142.95117896043246
2023,248,33284,878.0710481098531,37.90581647310609
2023,249,48124,2096.2633216171057,22.95703955878789
2023,250,57728,1063.369947631436,54.287785853440845
2023,251,70820,947.5070023080607,74.74351094766313
2023,252,55569,1336.162910997349,41.58849159981679
2023,253,109696,334.4381666095131,328.00084126785697
2023,254,205121,872.7340923382801,235.032642589254
2023,255,135729,1523.2821270563563,89.1029951636651
2023,256,45850,755.4965375354772,60.68856403970871
2023,257,70628,96.8051253033914,729.5894693452317
2023,258,80956,706.5896147672695,114.57286989232725
2023,259,44477,906.4068772177396,49.06957473284441
2023,260,122966,619.7209142729572,198.42157520899707
2023,261,125356,1422.7885697205204,88.10585259665376
2023,262,79946,2844.8449370808007,28.10205890590139
2023,263,85520,1221.790759368983,69.99561859853027
2023,264,53046,1310.9672994608054,40.463251846035796
2023,265,187351,1065.8012884296702,175.78417481183487
2023,266,30418,1012.717629121386,30.03601312479379
2023,267,53101,1116.6041760915089,47.55579563195922
2023,268,31227,1671.328910232411,18.68393456776718
2023,270,297444,1960.005123884338,151.75674613060477
2023,271,275105,203.2865307601766,1353.2869048001508
2023,272,627487,2359.82210875459,265.90436527911
2023,273,410822,2620.618093538921,156.7653070139724
2023,274,332896,234.50338588790976,1419.5786501740358
2023,275,1332346,4300.872257657704,309.7850668844576
2023,276,560455,299.44817299752987,1871.6260459689736
2023,277,313633,246.47316099048018,1272.4833760383096
2023,278,522211,5941.923391590637,87.88585203556546
2023,279,197146,3367.4431483734334,58.544715178109804
2023,280,791047,1812.354515816449,436.47475871664136
2023,281,668075,2583.2556201600405,258.6174572838482
2023,282,967202,411.43704633226326,2350.789771174176
2023,283,841811,5013.323747310247,167.9147492622333
2023,284,546032,4072.4015109557854,134.08108177227527
2023,285,509286,3773.9343406976814,134.94829374955398
2023,286,638728,4125.805259685917,154.8129297912195
2023,287,572725,5440.388767335631,105.27280760497665
2023,288,139361,138.19659833491778,1008.4256897717577
2023,289,40588,683.556403428187,59.37768967775326
2023,290,476834,4270.117215948797,111.66766060168915
2023,291,353616,4245.905164132446,83.28400808081953
2023,292,345750,309.943135744503,1115.5272052387502
2023,293,438116,2119.755783848858,206.68229960175375
2023,294,882715,4295.391233876578,205.50281730759886
2023,295,720498,5139.831021000673,140.1793166071297
2023,296,1089361,3806.7424348849504,286.1661955421797
2023,297,435938,1916.54149574357,227.46076772570322
2023,298,226620,2485.9823518168996,91.15913467139983
2023,299,243326,2160.214668518869,112.63973138689693
2023,300,2532028,1688.5914030006186,1499.4912300871595
2023,301,1354986,3575.789095499193,378.9334224732399
2023,302,1156354,3365.368762480584,343.60395000150345
2023,303,1038385,359.2826062504585,2890.1621785612806
2023,304,230777,4986.145073981108,46.28365131296506
2023,305,741271,4261.329079604553,173.95300530715858
2023,306,435839,3428.8305263299803,127.11010260005372
2023,307,374994,2026.7488135887938,185.02243469233497
2023,308,229800,2098.3272052183347,109.51580832031813
2023,309,200986,187.40360758558313,1072.476685958215
2023,310,547714,8636.43173858428,63.41901569753894
2023,312,166261,356.0059335823521,467.01749694725277
2023,313,249219,2027.5122681701064,122.91861504982556
2023,314,261758,280.82069679780506,932.1179064962919
2023,315,346567,5415.835098398403,63.991423982330716
2023,316,200935,3066.5153096568292,65.52551665639211
2023,317,361383,4834.259914728178,74.7545656159284
2023,318,89738,2315.205156798909,38.76027994170296
2023,319,197044,187.43118130869743,1051.2871904460249
2023,320,729780,4811.824947876311,151.66387138045968
2023,321,672579,2568.2170948973967,261.8855708640435
2023,322,1075546,1004.7863262412017,1070.4226081812865
2023,323,445773,4419.858250207989,100.85685439776782
2023,324,371128,4516.527545197505,82.17109190325348
2023,325,742201,2417.84735533343,306.9676827872567
2023,326,396789,3105.952540140623,127.7511471511523
2023,327,1082865,1814.9325122824198,596.6420198391909
2023,328,1072954,530.6815653647213,2021.8414771249709
2023,329,713339,1428.91632066918,499.2167768550184
2023,330,1789608,1927.1178184613325,928.6448305630196
2023,331,2012367,686.0847012720917,2933.1174361836165
2023,333,849882,366.0692681164305,2321.642579758129
2023,334,1623714,2521.0004400066323,644.0752545032195
2023,335,935087,1662.0349567424494,562.6157236985853
2023,336,826077,264.07541973264495,3128.1858827918795
2023,337,766423,230.19909579219953,3329.3918786364356
2023,338,862605,3482.342655762261,247.70824851846226
2023,339,930900,2300.127809590312,404.7166405791196
2023,341,450330,2519.9581153739605,178.70535119317697
2023,342,918747,1976.503992425242,464.8343760098679
2023,344,506207,1593.3476391138718,317.70028559588116
2023,346,744637,864.0312959100881,861.8171627865289
2023,347,887648,2128.786227693753,416.9737611284927
2023,349,521608,2239.7486968285407,232.88684160798536
2023,350,477639,3520.5069360014404,135.67335860513828
2023,351,344892,2718.9635853885275,126.84686247856332
2023,352,502316,352.29249658414636,1425.8492726086772
2023,354,258178,3388.0029871810075,76.20359278809768
2023,355,152323,3988.7665242766902,38.18799598144485
2023,356,395857,3266.035557437663,121.20413052409197
2023,357,275484,1860.5910234069765,148.06262984949487
2023,358,214900,273.40916717422095,786.0014432620032
2023,359,289788,2574.064238310982,112.57994096920811
2023,360,301419,6294.489491264341,47.88617097833228
2023,361,205921,324.3783975756858,634.8172428836089
2023,362,183656,2529.1622228364527,72.61534999286444
2023,363,247825,2650.8774770413493,93.48791188817903
2023,364,102251,4153.964677568698,24.615279121691323
2023,365,417624,4458.6072817615595,93.66691740453089
2023,366,278904,284.95673334519705,978.7591145008504
2023,367,99320,5067.5223858182,19.59932141157455
2023,368,288495,2334.0413962483826,123.60320620864391
2023,369,17345,1237.9008869157763,14.011622564723238
2023,370,1112595,5186.732345824177,214.5078877832875
2023,371,777900,3756.5533317481436,207.07811956924826
2023,372,475253,292.88140714129,1622.6806769291825
2023,373,618089,5400.3014945405575,114.45453566339916
2023,374,213011,233.93760015416316,910.5462305316773
2023,376,424728,1818.4962710285354,233.56000601517607
2023,377,364804,2976.797354216165,122.54915487724166
2023,378,552861,4294.10640632098,128.74878908128161
2023,379,442846,402.63136101324255,1099.8795495848988
2023,380,429569,4133.382301090634,103.92675264677402
2023,381,717858,386.5219982864559,1857.2241765861593
2023,382,112463,2076.2616443248016,54.16610199750276
2023,383,290382,4198.310438404518,69.16639544891629
2023,384,194848,3142.9428161205688,61.9954009346269
2023,385,251265,3439.0910884574005,73.06145534886213
2023,386,426974,5356.709986809598,79.70825395651134
2023,387,102300,2691.891016207296,38.00302441074833
2023,388,258661,3784.6689263114463,68.3444192969587
2023,389,101223,3587.084774466333,28.218736484994118
2023,390,282196,5321.470278180288,53.02970518450378
2023,391,281054,5947.494309421169,47.25586698835415
2023,392,215900,280.804259734258,768.8629802280036
2023,393,195929,5511.239435440179,35.55080527622754
2023,394,378894,5797.480618334235,65.35494035146355
2023,395,413505,2140.8180016840706,193.1528040565415
2023,396,128201,3887.06670035068,32.98142529646689
2023,397,166480,3069.043207767893,54.24491893063978
2023,398,106573,3773.4546262546805,28.242820056320216
2023,400,276301,2290.3847082947846,120.63519241957785
2023,401,155084,1305.9838613844763,118.74878747398542
2023,402,765842,356.61466922636953,2147.5336436983857
2023,403,360410,3578.085750314772,100.72704377425664
2023,404,196121,1940.4553078188355,101.06957846942086
2023,405,321882,303.2602251699959,1061.4052661194373
2023,406,51627,221.473180374842,233.10723182202747
2023,407,111812,989.1256189130642,113.04125367096303
2023,408,31713,701.750116991981,45.19129991162137
2023,409,61366,1150.61610238738,53.33316635554941
2023,410,524527,2661.778428691826,197.05885146037016
2023,411,132905,1756.24059400641,75.6758501389673
2023,412,47424,774.7473168099966,61.21221586835199
2023,413,32500,1157.85642794372,28.069110483514738
2023,414,23527,597.0854676275849,39.40306920126601
2023,415,59494,808.4868465605543,73.5868496229691
2023,416,35949,455.76830980730296,78.8756024200083
2023,417,38922,704.1620778163152,55.27420635985034
2023,418,26904,429.04013969942764,62.70741944762585
2023,420,222994,3166.234234558995,70.42877547278476
2023,421,245761,2283.532905454155,107.62314806719303
2023,422,156442,2625.8265737503752,59.578192087743034
2023,423,176060,2011.5780828223235,87.52332385376802
2023,424,129959,2109.76641005476,61.5987624888894
2023,425,80529,1076.828025759313,74.78352909993765
2023,426,63200,1327.5918291452967,47.60499320087571
2023,427,189252,2877.343178478225,65.77317624659982
2023,430,909138,2615.898984804666,347.5432366773471
2023,431,447533,2315.72926236669,193.25791113535374
2023,432,848102,230.82874211225297,3674.1611648499324
2023,433,180701,1941.1089640093521,93.09163130479953
2023,434,160141,1004.6875356935291,159.39383570580054
2023,435,304347,2058.94920922389,147.81666232297297
2023,436,326905,150.50129437028804,2172.10756470768
2023,437,189013,2515.7361427547644,75.13228306726486
2023,438,63928,938.4502109126734,68.12082224141432
2023,439,166690,1415.0861110856993,117.79495162461181
2023,440,864907,1924.2055645118974,449.4878384885017
2023,441,1185224,412.6961988908473,2871.9043286208607
2023,442,574997,1236.467405139112,465.03207250765206
2023,443,263720,145.49616260624455,1812.55639513809
2023,444,332727,1308.1620879881764,254.34692157429905
2023,445,154934,104.7731494254194,1478.7567315640022
2023,446,455973,2187.3494824782388,208.4591436588306
2023,447,190312,162.01857399657518,1174.6307556319
2023,448,329287,2717.8608713221656,121.15668004735312
2023,449,94207,211.18770168722884,446.0818468469416
2023,450,640612,881.894744818339,726.404147166065
2023,451,351270,2120.44742170408,165.65843434953211
2023,452,814555,347.6614765660551,2342.954439604803
2023,453,499970,2565.4551340724433,194.88549745414562
2023,454,485366,265.33521183174616,1829.2558935139725
2023,455,100041,184.1453266597815,543.2720005152843
2023,456,331964,4005.2926420962986,82.8813346897559
2023,457,148059,1862.5421511244926,79.49296605749875
2023,458,365423,3354.466349762851,108.93625450314447
2023,460,617071,1964.8980323891446,314.04733977452025
2023,461,591637,2823.8954173689895,209.5109458944572
2023,462,978823,421.0091602564125,2324.9446624958355
2023,463,690376,1732.1357059820155,398.56923312402876
2023,464,123536,94.29590251013491,1310.0887388688218
2023,465,492600,2153.5558461724645,228.73797346630352
2023,466,148800,137.65152876693253,1080.99053699537
2023,467,339273,3108.689288100601,109.13699265432047
2023,468,333026,300.3553279927199,1108.7734059043294
2023,469,302990,2986.824016476508,101.44220025304028
2023,470,118370,1383.4231361927168,85.56312013529211
2023,471,309298,2104.5993183789406,146.96289089280688
2023,472,218720,2099.724571945529,104.16604297645664
2023,473,310279,2538.1769778781327,122.24482481098985
2023,474,261631,2304.4237419944347,113.53424078748787
2023,475,163865,2574.9593026025586,63.637898989074756
2023,476,129231,1509.0289126619039,85.6385181991235
2023,477,183323,237.45722660317924,772.0253564081066
2023,478,182544,1808.7877711490219,100.92062922563878
2023,479,316359,3698.9850661020077,85.52589273721487
2023,480,1166097,1303.0560665783282,894.8939572968901
2023,481,1621399,1811.381790741917,895.1172018439565
2023,482,849943,192.78009706224822,4408.873182201768
2023,483,1028633,722.44442181361,1423.8230221471435
2023,484,461813,3075.3174512892683,150.1675867011367
2023,485,165128,115.39243436026312,1431.0123615596758
2023,486,390729,4259.149516655082,91.73873762169742
2023,487,202346,2867.828556950554,70.55721636831751
2023,488,638465,4148.932453355436,153.88657375794185
2023,489,161259,97.72266361151804,1650.1699200613405
2023,490,752622,4188.817978755502,179.67407603220897
2023,491,107749,541.5704442805114,198.9565736792505
2023,492,347461,2581.647988514089,134.58883687701632
2023,493,356050,2572.690025617672,138.39599658513725
2023,494,603644,2620.842697581163,230.32439167643184
2023,495,434421,201.6596467245524,2154.228706913174
2023,496,281294,4833.4992866337525,58.19676042528284
2023,497,224816,7176.790145024933,31.325424800925255
2023,498,178740,8504.0418030702,21.018240989298736
2023,499,78968,5695.817268702658,13.86420881756739
2023,500,271587,3569.997340508063,76.07484658835885
2023,501,190690,3858.532575073909,49.42034213520859
2023,502,250302,3674.33581274356,68.12169947338157
2023,503,305875,152.80243142000705,2001.767885219335
2023,504,102489,3472.924764113928,29.510861006558184
2023,505,120606,4626.614688472087,26.067872109710834
2023,506,168674,4096.62691272761,41.17387391952999
2023,507,76746,192.80292615002514,398.05412465722577
2023,508,31355,2253.2488767644313,13.915462390033202
2023,510,87738,3969.3469148238114,22.10388809109532
2023,511,89537,131.490461959583,680.939124143632
2023,512,46815,1416.7781026692098,33.04328314490501
2023,513,47056,1515.4224192354704,31.05140811084194
2023,514,46119,1924.3867269685647,23.96555710641906
2023,515,147154,3380.330807043386,43.532425789033525
2023,516,22573,1118.3704661178638,20.183830567661875
2023,520,145459,2337.4072734832775,62.2309178422434
2023,521,56758,2326.092730999912,24.40057493993439
2023,522,180762,2216.6589388620173,81.54705120887886
2023,523,173860,2709.5065052047403,64.1666663896282
2023,524,145119,131.64224918124256,1102.3740547018679
2023,525,110089,3357.118334860896,32.79270761975139
2023,526,100673,1896.033917629119,53.09662399177214
2023,527,174815,1888.457338488321,92.57026697777378
2023,528,103543,110.76010938918468,934.8401745990926
2023,530,664924,2737.4630065004776,242.89789429886272
2023,531,694588,1673.588425908387,415.02916084221414
2023,532,795299,160.88560757345428,4943.257585280875
2023,534,127813,58.40824252840328,2188.2699164907413
2023,535,586522,4921.573037647547,119.17368603765566
2023,537,308771,118.88820204872876,2597.1542565127183
2023,538,59869,1357.7281197798316,44.09498420766915
2023,539,204158,3261.2583498733334,62.60098958671258
2023,540,160263,1566.7485656659685,102.29018459760195
2023,541,267942,4341.2692716517295,61.71973753152052
2023,542,131401,1380.441165261525,95.18768586932573
2023,543,188379,165.1433183642436,1140.7001013780484
2023,544,391956,7580.640914091053,51.704863011176805
2023,545,92747,6096.633529337548,15.212821888291812
2023,546,255742,4473.189854518813,57.17217652670155
2023,547,273745,4611.733807187976,59.35836963818976
2023,548,186216,7742.343923822052,24.051631112257983
2023,549,501705,3080.851630815046,162.8462062183997
2023,550,726660,4525.644791571771,160.56496553889477
2023,551,817476,305.81376312546666,2673.117101222854
2023,553,1064383,4550.262874456648,233.91681521852715
2023,554,1131257,302.13202236297235,3744.2472702908062
2023,556,16584,3198.641867883092,5.184700471320828
2023,557,168680,10587.512719885346,15.931976136679122
2023,558,118632,567.4714279613368,209.05369707544588
2023,559,347872,4733.82826127279,73.48640060433186
2023,560,268935,5320.9380103103085,50.5427801411872
2023,561,89937,5111.14832021749,17.596241463830772
2023,562,144435,7308.04561617683,19.763833942180632
2023,563,325876,5995.183971421204,54.356296913228604
2023,564,153041,5682.255446965586,26.93314326122496
2023,565,180753,7334.37905770885,24.644622070633
2023,566,91398,9599.228498354898,9.521390184186536
2023,567,68243,7865.748410543246,8.675970351216307
2023,570,192856,5973.777227750564,32.283761621392145
2023,571,204373,176.3029037397301,1159.2151669929883
2023,572,73733,6662.482676087081,11.066895568020279
2023,573,83165,10664.045038446116,7.79863548026783
2023,574,60097,9318.785899858101,6.449016067738514
2023,575,51765,14941.767944923151,3.464449467480084
2023,576,20223,11815.358884121437,1.7115857587006962
2023,577,211767,17552.065657983592,12.06507565129107
2023,580,96647,6333.927489938139,15.258621156230495
2023,581,131261,71.21125272276507,1843.262054538159
2023,582,101006,6271.697899792459,16.105048682804455
2023,583,46343,8352.159844614138,5.548624650650589
2023,584,46310,11583.350692924801,3.997979619859606
2023,585,159081,10294.793131566837,15.45256888282789
2023,586,50009,10617.774813239015,4.709932248482529
2023,587,96443,11481.430002326753,8.399911855967025
2023,588,51456,4522.859905340611,11.37687239422131
2023,590,89239,25937.568098491414,3.4405307259777502
2023,591,145092,815.7184945844334,177.8701855643434
2023,592,38115,17088.75645703984,2.230413903774622
2023,593,34241,22399.893984765473,1.528623306132067
2023,594,134003,21791.88327875352,6.149216122621636
2023,595,30838,13893.53794522648,2.2195930310605494
2023,596,88470,6300.711679347965,14.041270971020753
2023,597,197599,15039.375596242717,13.138776855161867
2023,598,214068,12936.468796460165,16.547637795762
2023,599,134075,8294.418081759539,16.164485401917183
2023,600,1659905,1147.1486927811163,1446.9832990662885
2023,601,1438902,1249.2377387650424,1151.8239926232566
2023,602,81285,8.375341652237562,9705.275721890563
2023,603,64804,7.169368391401864,9039.011034461368
2023,604,1434528,1766.03326711724,812.2882092372088
2023,605,1036197,1219.6354317034088,849.5956849603748
2023,606,2691226,225.00615718879607,11960.677137123279
2023,607,108567,15.59710039196483,6960.716881448718
2023,608,149697,25.91719464532143,5775.9723630822555
2023,609,158340,2667.9468183811723,59.34900909909285
2023,610,302272,3449.29658897029,87.63293970329079
2023,611,223906,197.19325176131764,1135.4648194098215
2023,612,208192,1999.7234861917757,104.11039398075768
2023,613,143547,2446.5195844159794,58.673963173798505
2023,614,133163,3374.6260516941957,39.460075860300705
2023,615,203655,2060.047490152742,98.85937143366536
2023,616,161115,164.8691384792992,977.2295863620918
2023,617,233543,2642.521654220923,88.37884057712817
2023,618,288830,2194.5559072258675,131.61204918452466
2023,619,100032,2012.5329230759887,49.70452848399093
2023,620,295365,2750.8966078145804,107.37044757005589
2023,622,448495,3279.403583979707,136.76114833531122
2023,623,105842,3082.1046343507505,34.34081984769987
2023,624,142703,3854.959417426063,37.01802912760158
2023,625,174588,2237.8706486810497,78.01523296393302
2023,626,155936,3621.935248261973,43.053226883287785
2023,627,137953,145.1045879433713,950.7142534585998
2023,628,199270,4709.729101749804,42.310289125963806
2023,629,210743,3696.5319058404866,57.011005279577866
2023,630,739733,2141.632455581992,345.40614010211965
2023,631,891907,304.207621004917,2931.9022220866186
2023,633,541528,3008.4828296989995,180.00036252631037
2023,634,67144,3033.013501622248,22.137718794884076
2023,635,60170,3103.7176464475638,19.386428423625794
2023,636,133062,3569.7002587107645,37.27539859272576
2023,637,131061,1970.4283237551133,66.51396471516027
2023,638,109314,2747.511378601815,39.78655042208741
2023,639,76709,3027.0183424846414,25.34143877603187
2023,640,654613,2901.926122542902,225.5787957228819
2023,641,606441,399.01583880355753,1519.8419236148707
2023,644,98189,4824.562569675771,20.35189689883091
2023,645,82702,180.1422890425762,459.09264526139987
2023,646,68649,4545.701164755587,15.101960624305823
2023,647,113469,4492.711820971703,25.25623821904928
2023,648,204722,1713.5661470214457,119.47131446069461
2023,650,158281,3785.8590641436767,41.80847657513146
2023,651,70167,219.15270144034758,320.17401354780543
2023,652,281104,3808.358130558608,73.81238590572568
2023,653,105754,2734.6717762277826,38.671551342763884
2023,654,90788,2597.2729901114208,34.955124219000666
2023,655,125001,3720.6189690909096,33.59682919386463
2023,656,215421,5183.996600632312,41.55500410122265
2023,657,306027,5420.248292321123,56.45995967261299
2023,658,236423,228.057271049284,1036.6825793899293
2023,660,526782,4785.7394421663885,110.07327213817945
2023,661,159505,141.00119092004198,1131.2315800967315
2023,662,412958,171.78983530745168,2403.8558466566456
2023,664,85472,3014.633037498969,28.35237288811449
2023,665,132018,3342.081623472684,39.50172822614158
2023,666,163637,303.88872983028034,538.4766986633235
2023,667,112681,3972.199141587519,28.367409584345815
2023,668,57962,4323.786583465151,13.405379493441217
2023,669,24331,3614.3047622352597,6.7318617550537
2023,670,184984,6782.480851789475,27.27379612891855
2023,671,115059,4342.626345092827,26.495256754018637
2023,672,425549,268.7801769749549,1583.2603608995055
2023,673,55948,2385.623842750196,23.452146561170345
2023,674,132601,7251.55413409277,18.285873282884825
2023,675,115976,7158.623999685158,16.20087882882251
2023,676,57284,6939.450544486004,8.254832228110208
2023,677,30458,8414.784956197993,3.6195815054745824
2023,678,115681,12877.329202116394,8.983306878649012
2023,679,28534,1682.3338691389981,16.96096150914647
2023,680,246716,3133.3459233842664,78.73883255555991
2023,681,644581,288.8928521372099,2231.211313230608
2023,683,81114,4351.526301445681,18.64035613735162
2023,684,74943,3296.154876055407,22.736492312426233
2023,685,301026,264.8301152097374,1136.67586392732
2023,686,74326,4476.054933489123,16.605247501299598
2023,687,127600,10350.930549787427,12.327394081744707
2023,688,171115,9249.96301649705,18.498992881898143
2023,689,70774,5391.089785904566,13.127957947397622
2023,690,23918,5327.477743738278,4.489554185019795
2023,691,75429,14463.362103879663,5.215177457236369
2023,692,8251,4816.556851801895,1.7130494363236395
2023,693,67060,12353.472650718562,5.42843311318614
2023,700,567897,1477.8332722130851,384.27677240583625
2023,701,414097,236.39029381125553,1751.7512810007054
2023,703,266595,2271.8728449897376,117.34591598642231
2023,704,472904,2837.185388161097,166.68068360048534
2023,705,631572,4871.1088246830395,129.65672144290392
2023,706,276636,4914.629886569784,56.28826715028198
2023,707,438837,3292.5480613005316,133.2818813362022
2023,708,386722,232.12214450327025,1666.0280337645754
2023,710,172194,4988.822158325614,34.51596279346888
2023,711,288900,562.2195666708038,513.8561820441932
2023,712,330645,5964.95912940092,55.43122640526923
2023,713,192630,4386.558809722551,43.913693707479055
2023,714,180949,6416.662245609242,28.199863585436304
2023,716,146844,5310.396215126535,27.652173971825007
2023,717,96868,3912.838954205508,24.756449507303785
2023,718,118390,4138.03613753016,28.61018997061311
2023,719,171462,3925.5304022158916,43.678683497958076
2023,720,412108,6214.427659068057,66.31471514495054
2023,721,322355,4384.102122882772,73.5281685883802
2023,722,218724,293.4793289041544,745.2790655366114
2023,723,150147,4293.3284252095955,34.97216730925261
2023,724,237547,4274.524130387791,55.572735760518306
2023,725,106570,3284.733449684983,32.44403286672178
2023,726,139428,3743.3945678267874,37.24640763181541
2023,727,561056,2696.7050173981033,208.0524181845187
2023,728,123987,2965.6511309556627,41.8076822003153
2023,729,227355,2793.4559784827957,81.38843130203286
2023,730,804779,8005.051850592804,100.53388972619872
2023,731,695373,401.30486487488497,1732.779890960945
2023,734,92237,2902.2592291474402,31.781103174265827
2023,735,204990,5746.661487136425,35.67114583986867
2023,736,57499,4967.466748453346,11.575115227072773
2023,737,106036,5691.304612328093,18.631229080642157
2023,738,31647,5141.358381293034,6.155377169416634
2023,739,27575,5121.194609216177,5.384485867882393
2023,740,665895,6150.06908706271,108.27439343742938
2023,741,435134,264.8324409245292,1643.0539947483346
2023,743,125450,2745.645616246057,45.69052876223685
2023,744,216674,3762.031036340123,57.59495280793601
2023,745,81420,4887.266335579849,16.659620002137647
2023,746,53274,2353.2338116786987,22.638634433862972
2023,747,90214,3270.259462108339,27.586190345226907
2023,748,198761,4780.360505284647,41.5786633205323
2023,749,108274,2984.038813144102,36.28438059286441
2023,750,2656893,1541.602385850741,1723.4619149436385
2023,751,931247,3649.1575787709135,255.19506349014856
2023,752,1372181,371.28358452098627,3695.776105400209
2023,753,0,0.0459797523205304,0.0
2023,754,402431,6315.393271775404,63.722239088187024
2023,755,124143,2091.0976140198377,59.36738637530782
2023,756,342597,4229.841577150955,80.9952320320136
2023,757,382713,3283.483863063565,116.55699128148602
2023,758,122238,4662.693730319822,26.21617611406261
2023,759,253626,6670.425554203713,38.02246167640151
2023,760,1377432,3000.48000122753,459.0705485243951
2023,761,1084613,509.6481815770166,2128.1602470234584
2023,762,591608,3637.9134745667907,162.62288922923042
2023,763,170898,4869.95399207618,35.092323311075475
2023,764,151583,8231.994318797306,18.41388540002616
2023,765,567493,4932.4694370137395,115.05251218415593
2023,766,171414,4853.665291714667,35.31640310933846
2023,767,190341,332.6394288380179,572.2141859878205
2023,768,84100,9980.837345947037,8.426146733485329
2023,769,136602,10078.100079666207,13.554340492769184
2023,770,3202514,848.3158733669814,3775.1433169453294
2023,772,4056,0.508437950642635,7977.37461350684
2023,773,1468853,3898.3390405102846,376.7894441032841
2023,774,1473531,5361.58934285784,274.8310073323476
2023,775,1329126,2865.733475278414,463.79958620222754
2023,776,278776,2324.892562812006,119.90919686319381
2023,777,141516,417.0504129147049,339.32588391644356
2023,778,350053,4160.224365692885,84.14281760539103
2023,779,169262,4858.35555785961,34.83936035232667
2023,780,608920,11141.217160383223,54.654710632985726
2023,781,528558,4334.53435974455,121.94112588166215
2023,782,1868090,889.8498714657776,2099.3316512175775
2023,783,231044,7132.07961544023,32.39503937951186
2023,784,318904,316.6914381844053,1006.9864907882554
2023,785,1390191,3984.9714982385267,348.85845497627895
2023,786,1283151,7450.202762990254,172.2303460483252
2023,787,1157348,553.6262420062787,2090.4861659120456
2023,788,171174,11328.01750548378,15.110675801581024
2023,789,71050,2756.7908006020916,25.7727209422211
2023,790,213506,19520.61480943175,10.937462886509117
2023,791,236165,700.8309450129132,336.97855621322276
2023,792,28578,8087.373986357699,3.533656295381814
2023,793,144206,10462.816831829752,13.782712850453395
2023,794,286407,463.3273500861005,618.1525868196142
2023,795,95553,9032.61633969919,10.578662527714773
2023,796,138823,540.2674637907172,256.9523602734954
2023,797,448254,13230.863617842437,33.879421098068654
2023,798,68907,9678.94614716245,7.119266803669661
2023,799,819013,914.2421589199021,895.8381452979514
2023,800,922916,439.4912233506441,2099.9645748640123
2023,801,759244,3395.410327209471,223.60890933143483
2023,802,1141834,256.8110247044788,4446.203200637306
2023,803,129202,163.75736748083722,788.9843491476445
2023,804,227023,9217.547595163753,24.62943615491761
2023,805,629353,2933.302377777853,214.5544232902342
2023,806,311710,3100.0402637931957,100.5503069236246
2023,807,67529,9502.058364679822,7.106775964564961
2023,808,131989,9990.98700152362,13.210806898244563
2023,809,613448,867.3750836614909,707.2465091001039
2023,810,236512,18707.40191712051,12.642696246534939
2023,811,73938,9855.409096602687,7.502276087705743
2023,812,92201,7443.334891548305,12.387055176664376
2023,813,71079,4702.504759667638,15.115136216262693
2023,814,88300,5695.89460657717,15.502393583272788
2023,815,153780,2260.324464103529,68.03448020060736
2023,816,161063,15141.730198412424,10.637027465783738
2023,820,138390,5195.849496329206,26.6347206742171
2023,821,739,3124.69405946653,0.23650315388834176
2023,822,23682,6600.459655044705,3.5879319377249645
2023,823,14808,3758.5557640469897,3.939811174719841
2023,824,53954,8416.101575254435,6.410806656449945
2023,825,38340,5351.836404702723,7.163896109811986
2023,826,95309,8009.0596929327,11.900148538548404
2023,827,60911,8784.71744379529,6.933746064083357
2023,828,39553,4372.47772856892,9.045900849664342
2023,829,67908,5791.192431229226,11.726082461671195
2023,830,22137,2131.916527540397,10.383614796372713
2023,831,23172,3353.5316298405833,6.909730563985027
2023,832,185754,15236.229665020937,12.191598845904162
2023,833,211009,8512.313446176702,24.78867834628135
2023,834,248111,9081.986974141762,27.3190217852571
2023,835,72864,6580.617337270694,11.072517404608773
2023,836,580458,14419.273593480395,40.25570332908111
2023,837,292693,1238.2599851378272,236.3744314708039
2023,838,302837,6769.708068177318,44.73412988420579
2023,840,1587010,11192.821122486968,141.78820358449337
2023,841,635938,420.62582293515493,1511.8853035754732
2023,843,213966,4702.372217358595,45.50171490256645
2023,844,218272,203.29613185257634,1073.6652882224225
2023,845,53598,10159.908483298032,5.2754412195848275
2023,846,329439,3611.3297865815643,91.2237373679025
2023,847,291405,9824.164031262664,29.66206580760305
2023,850,1464828,544.101488243787,2692.1962752354716
2023,851,495298,3415.4797163232615,145.01564674293678
2023,852,1651834,1525.9483730914753,1082.4966487257286
2023,853,1542940,13612.127255799343,113.35039490926314
2023,855,97660,6900.815936149025,14.151949697487337
2023,856,326309,14492.803874995912,22.51524293121589
2023,857,916333,1686.9715864998084,543.1822369345543
2023,859,80985,5994.681913421545,13.509474092141902
2023,860,186218,17771.926545408944,10.478211212734617
2023,863,239416,7066.320006802751,33.88128470965284
2023,864,212283,9606.883218853662,22.09696892988053
2023,865,55686,7992.895372602259,6.9669371866017835
2023,870,202806,10509.215753626888,19.297919536004255
2023,871,760764,856.8203102784238,887.892117955035
2023,873,72454,4900.488303237096,14.785057226264442
2023,874,117649,3949.16447658581,29.790858470830685
2023,875,240783,6515.945004534973,36.95289015367988
2023,877,37610,8379.54270396572,4.488311752644999
2023,878,16463,8220.352266439286,2.0027122277000773
2023,879,16039,3512.0129130892747,4.566896647851902
2023,880,286943,14288.112439873525,20.082638711551176
2023,881,68912,8025.574763197252,8.586550126728449
2023,882,198516,13193.407130772404,15.046606083805278
2023,883,77902,9659.687248773573,8.064650334294281
2023,884,16553,10060.459740608147,1.6453522430178111
2023,890,726376,13594.543491954404,53.431437431487694
2023,891,1625818,1811.2300391691797,897.631976524512
2023,893,10037,6776.40389459978,1.4811690914702766
2023,894,325715,16456.29194597395,19.79273344622976
2023,895,322956,1145.030753670362,282.050066310249
2023,897,70006,222.96213675102712,313.9815621617086
2023,898,60156,9355.099882957473,6.4302894413333185
2023,900,2416661,219.8457719305504,10992.528893225322
2023,902,1211102,295.6464302833575,4096.45399350582
2023,903,129295,10.60933951398288,12186.903796376013
2023,904,93880,8.73664099645493,10745.548550992735
2023,905,172123,23.65940457895803,7275.035152536387
2023,906,724291,110.11847639933734,6577.379416088239
2023,907,625707,171.79127242256368,3642.2513855122793
2023,908,468810,58.586350251526454,8002.034569268722
2023,910,284667,114.43285825614511,2487.6333977676663
2023,911,163458,29.120324703428388,5613.192904430623
2023,912,205202,33.374274664866,6148.508156673789
2023,913,1407509,783.6286860525929,1796.1427715084126
2023,914,311315,33.74270206005041,9226.143165593743
2023,915,108959,21.23065993471921,5132.153231931133
2023,916,215155,21.333013384827506,10085.541883783882
2023,917,1957031,632.0714799489739,3096.217852066333
2023,918,81533,7.59363042762491,10737.025033953543
2023,919,588811,801.5422102943221,734.5976199853426
2023,920,1314721,3098.693107629754,424.2824165977681
2023,921,1375318,350.6604494651863,3922.079042839253
2023,922,814392,8383.916884311224,97.13741336390954
2023,923,1213657,7871.204474285115,154.18948954571883
2023,924,255071,142.91212848993803,1784.810027638478
2023,925,1550954,1792.7772036110473,865.1125175376159
2023,926,1405552,496.6556232177095,2830.0333959651452
2023,927,476787,56.11590888821076,8496.467569469714
2023,928,1282115,330.2277777669608,3882.5171179414792
2023,930,705414,1343.655204846171,524.9962917985047
2023,931,190544,365.9167583262205,520.7304548487693
2023,932,803383,7607.918306448438,105.59826849337435
2023,933,589959,1030.8941259742792,572.2789422652307
2023,934,519261,4613.670665232457,112.54834548833955
2023,935,558654,7087.108465809775,78.82678848434529
2023,936,639419,6688.629188871132,95.59791430266408
2023,937,617687,388.8620859322077,1588.4474788001946
2023,939,406965,1993.8178571913916,204.11342918418572
2023,940,856115,472.8328319638183,1810.608194114386
2023,941,836321,49.661237131011205,16840.51884961511
2023,943,114419,24.7071504301107,4631.007542681131
2023,944,140535,18.827115344319083,7464.499867867714
2023,945,2477373,2618.402270601263,946.1391887011775
2023,946,459490,63.23615536913279,7266.254523504587
2023,947,147676,17.292453624605706,8539.910136862793
2023,948,182936,41.3644150433958,4422.5453160181305
2023,949,390569,761.258708588701,513.0568564845407
2023,950,880376,2314.2274787082565,380.41895539646936
2023,951,1014854,429.87118389214567,2360.832821617152
2023,952,539199,2190.2535763123215,246.18108415913954
2023,953,1142503,5558.3919419054855,205.54559878847547
2023,954,511822,4882.560410218726,104.82655758417368
2023,955,165933,4230.664010753495,39.221502718776954
2023,956,1269805,4053.250233736017,313.2806826065555
2023,957,389657,914.4763233543646,426.09851129957116
2023,958,894878,220.13014811122133,4065.2223590376207
2023,959,524188,6034.746574350595,86.86164257964856
2023,960,306888,11618.8065032844,26.413039920515846
2023,961,110321,5984.937890815671,18.43310691148453
2023,967,1018122,4643.546924775642,219.25524098137367
2023,968,427513,99.31889672932444,4304.447734302857
2023,970,856785,4993.499513966977,171.580070770718
2023,971,357667,2135.380267144997,167.4956940939614
2023,972,929296,295.454762232779,3145.3072307152
2023,973,666340,3928.238421427186,169.62819679308288
2023,974,594203,8249.653767655582,72.02762888421957
2023,975,309460,3086.9558857957873,100.2476262857978
2023,976,74601,6307.816299497444,11.826755323540986
2023,977,265423,12566.58528389786,21.1213304174284
2023,978,152259,15271.76827881274,9.9699653124803
2023,979,32721,9542.257232666843,3.429062872879107
2023,980,1584310,2101.5170972440997,753.8887035835407
2023,981,1019000,188.78570551315144,5397.654431675247
2023,982,991229,5541.745450693749,178.86584810132555
2023,983,824652,5323.435118147189,154.90974938133903
2023,984,449068,164.64850472602035,2727.4344261265023
2023,985,539924,5474.137513287311,98.6317933536468
2023,986,673798,3926.8538359610684,171.58723704700685
2023,988,245185,10480.517843992036,23.39435929118259
2023,989,301809,5371.731628946106,56.184675789399535
2023,990,170119,2242.849602525164,75.84949066957839
2023,991,121251,11976.130423106484,10.124388739626697
2023,992,389529,337.07789419072066,1155.6052969157397
2023,993,408539,7673.362363660732,53.24119735759465
2023,994,22460,667.725765320753,33.6365633415553
2023,995,316611,54413.14419939275,5.818649237393883
2023,996,211799,50109.578193023706,4.226716880037254
2023,997,133786,81656.71163299117,1.6383956361273238
2023,998,50068,14009.675353285664,3.573815862068327
2023,999,21082,7496.699721726804,2.812170792822409
