zip3,year,light,medium,heavy
006,2014,0.108696,0,0
007,2014,0,0,0
008,2014,0,0,0
009,2014,0.575,0,0
010,2014,15.7903,3.80645,1
011,2014,15.4615,4,1
012,2014,15.4375,3.125,1
013,2014,15.2333,3.26667,1
014,2014,15.3333,5.14286,1
015,2014,17.2667,4.48889,1
016,2014,17.8182,4.09091,1
017,2014,16.3704,5.37037,1
018,2014,16.2812,5,1
019,2014,15.875,5,1
020,2014,16.4615,5.11538,1
021,2014,16.9057,5,1
022,2014,17,5,1
023,2014,16.6786,5,1
024,2014,16.5185,5.22222,1
025,2014,16.48,5.88,0.76
026,2014,16.1429,5.77143,1
027,2014,16.8611,5.47222,1
028,2014,17.3968,4.4127,0.920635
029,2014,17,5,1
030,2014,15.7647,4.73529,1
031,2014,14.5714,5,1
032,2014,14.7241,3.7931,1
033,2014,13.75,4.5,1
034,2014,15.56,3.44,1
035,2014,15.85,3,1
036,2014,15.875,3.25,1
037,2014,17,3,1
038,2014,15.1493,4.83582,1
039,2014,15.1818,5,1
040,2014,15.9516,5.16129,1
041,2014,16.6667,5,1
042,2014,17.2708,4.41667,1
043,2014,16.9048,4.95238,1
044,2014,16.4697,2.90909,1
045,2014,17.0345,4.41379,1
046,2014,17.678,2.42373,0.983051
047,2014,15.8205,2.48718,1
048,2014,17.1667,3.66667,1
049,2014,17.25,4.04688,1
050,2014,17.3061,2.28571,1
051,2014,15.5625,3.125,1
052,2014,14.3636,3.36364,1
053,2014,15.3333,3,1
054,2014,16.8542,4.83333,1.04167
056,2014,16.5455,2.09091,1
057,2014,13.875,3.25,1
058,2014,17.6,2.125,1
059,2014,15.8571,3,1
060,2014,15.0492,3.88525,1.01639
061,2014,15,4,1
062,2014,16.9091,3.9697,1
063,2014,17.5833,3.27778,0.777778
064,2014,14.9444,2.72222,1.42593
065,2014,14.8333,2.75,1.83333
066,2014,14,2.6,1
067,2014,14.2632,3,1.89474
068,2014,14,2.84,1.28
069,2014,14,3,1
070,2014,15.9747,1.17722,1
071,2014,16,1,1
072,2014,16,1,1
073,2014,16,1,1
074,2014,14.9459,2.67568,1
075,2014,14.75,2.66667,1
076,2014,14.1282,2.4359,1
077,2014,15.0488,1,1
078,2014,15.8,2.11111,1
079,2014,16.4828,1.17241,1
080,2014,12.6782,2.02299,1.21839
081,2014,13,2,1
082,2014,11.1724,1.86207,1.86207
083,2014,11.5152,2,2
084,2014,12,2,2
085,2014,15.0968,1.35484,1
086,2014,14.9333,2,1
087,2014,15.6,1.4,1
088,2014,15.4074,1.01852,1
089,2014,15.3333,1,1
100,2014,15.7857,1.11905,1
101,2014,16,1,1
102,2014,16,1,1
103,2014,16,1,1
104,2014,14.92,1.92,1
105,2014,14.0317,2.36508,1.46032
106,2014,14,3,1
107,2014,14,2.66667,1
108,2014,14.5,2,1
109,2014,14.7627,2.61017,1.50847
110,2014,15.1429,1.64286,1
111,2014,16,1,1
112,2014,16,1,1
113,2014,15.5769,1.15385,1
114,2014,15.9231,1,1
115,2014,15.425,1.425,1
116,2014,16,1,1
117,2014,15.2727,1.93506,1
118,2014,15,2,1
119,2014,15.7273,2.04545,0.954545
120,2014,13.9697,3.71212,1.06061
121,2014,13.9853,3.64706,1.08824
122,2014,13,4,1
123,2014,13,4,1
124,2014,14.5366,2.92683,1.91463
125,2014,15.127,2.84127,1.80952
126,2014,15,3,2
127,2014,15.0678,3.50847,2
128,2014,13,4.43077,1
129,2014,15.3472,5.88889,1.58333
130,2014,16.66,6.02,1.98
131,2014,16.2549,6.35294,1.96078
132,2014,16.3529,6.29412,2
133,2014,13.9623,6.13208,1.39623
134,2014,14.2097,6.17742,1.40323
135,2014,13.5,6,1
136,2014,13.5301,6.86747,2
137,2014,15.4872,3.79487,2
138,2014,16.0488,4.34146,2
139,2014,15.6,5,2
140,2014,14.3934,6.93443,2
141,2014,14.5429,6.88571,2
142,2014,14.2414,7,2
143,2014,14.8,6,2
144,2014,15.5778,6.64444,2
145,2014,15.9821,6.5,2
146,2014,15.68,6.84,2
147,2014,13.1452,7.27419,1.46774
148,2014,16.2027,5.04054,2
149,2014,15,5,2
150,2014,14.9155,5.42254,2
151,2014,15.25,5.32143,2
152,2014,14.9767,5.81395,2
153,2014,15.8545,3.69091,1.34545
154,2014,16.5857,1.57143,1.4
155,2014,15.0811,1.45946,1.91892
156,2014,16.3611,3.19444,2
157,2014,16.254,3.7619,2
158,2014,16.3,4.63333,1.56667
159,2014,14.7442,2.18605,2
160,2014,14.0286,5.31429,2
161,2014,13.1429,8.02381,2
162,2014,15.2821,4.74359,1.97436
163,2014,12.4419,7.06977,1.69767
164,2014,11.1515,8.93939,1.57576
165,2014,12,9.71429,1
166,2014,14.9851,1.79104,2
167,2014,13.5,6.45455,1
168,2014,14.5455,2.92727,1.54545
169,2014,14.625,5.90625,1.5
170,2014,14.2558,1.68605,1.67442
171,2014,15,1,1.9
172,2014,14.8776,1.02041,2
173,2014,13.8125,1.27083,2
174,2014,13.5714,1,2
175,2014,14.2979,2.02128,1.78723
176,2014,14.25,2,2
177,2014,13.35,4,1
178,2014,12.9815,3.68519,1
179,2014,13.7556,3.51111,1
180,2014,15.0364,2.32727,1
181,2014,15.8571,2,1
182,2014,14.8889,3.25,1
183,2014,15.8056,3.02778,1.08333
184,2014,15.549,3.37255,1.82353
185,2014,16.2727,3.72727,1.36364
186,2014,15.1389,3.5,1.08333
187,2014,16.75,3,1
188,2014,14.7059,4.08824,1.94118
189,2014,13.8718,2,1
190,2014,12.5588,2.30882,1.05882
191,2014,12.82,2.06,1
193,2014,12.5882,2.20588,1.5
194,2014,12.75,2.375,1
195,2014,14.0714,2.85714,1
196,2014,14,3,1
197,2014,12.4211,2,2
198,2014,12.1,2,2
199,2014,9.23077,2,1.89744
200,2014,10,3,1
201,2014,11.1111,2.91111,1
202,2014,10,3,1
203,2014,10,3,1
204,2014,10,3,1
205,2014,10,3,1
206,2014,7.44262,3,1
207,2014,10.1698,2.01887,1.22642
208,2014,11.2,1.95,1.45
209,2014,10.125,1.875,1.25
210,2014,11.0208,1.47917,1.95833
211,2014,11.7,1.33333,2
212,2014,10.4651,1.46512,2
214,2014,10,1.4,2
215,2014,15,1.69565,1.17391
216,2014,9.31034,2.25862,1.55172
217,2014,12.875,1.28571,2
218,2014,6.72973,2.56757,1
219,2014,11.4,2,2
220,2014,10.1053,3,1
221,2014,9.9375,3,1
222,2014,10,3,1
223,2014,10,3,1
224,2014,6.41667,1.79167,1
225,2014,6.6,1.44,1
226,2014,12.2414,2.65517,1
227,2014,9.2,1.31429,1
228,2014,11.5714,1,1
229,2014,7.325,1,0.45
230,2014,6.75,1,0.75
231,2014,6.31111,1.02222,0.755556
232,2014,5.43478,1.08696,0.608696
233,2014,6.86207,1.7931,0.689655
234,2014,6.97778,1.77778,0.533333
235,2014,8.14286,1.21429,0
236,2014,7.33333,1.16667,0.375
237,2014,7.85714,1,0
238,2014,4.94545,0.909091,0
239,2014,5.55556,0.472222,0
240,2014,6.4186,0.0697674,0
241,2014,6.05,0,0
242,2014,7.84091,0,0
243,2014,4.2,0,0
244,2014,8.39535,1.02326,0.232558
245,2014,6.125,0.464286,0
246,2014,7.76,0,0
247,2014,8.29412,0,0
248,2014,9.8,0,0
249,2014,8.97143,0.571429,0.0285714
250,2014,12.86,0.52,0
251,2014,13.1731,0.615385,0
252,2014,14.4,1.175,0
253,2014,13.7857,0.785714,0
254,2014,12.125,2.25,1.25
255,2014,16.225,0.375,0
256,2014,12.4651,0,0
257,2014,18,0.666667,0
258,2014,9.97727,0.136364,0
259,2014,9.48649,0.216216,0
260,2014,15.0417,5.54167,1.29167
261,2014,15.7879,1.90909,0.727273
262,2014,12.5385,1,0.673077
263,2014,15.0968,1,1
264,2014,15.2414,1,1
265,2014,16.5135,1.02703,1
266,2014,11.6786,1,0.142857
267,2014,13.8261,1.73913,1
268,2014,13.2917,1.33333,1
270,2014,3,0,0
271,2014,3,0,0
272,2014,4.40909,0,0
273,2014,4.25,0,0
274,2014,3,0,0
275,2014,5.77778,0,0
276,2014,5.23529,0,0
277,2014,5.66667,0,0
278,2014,6.84337,0.0240964,0
279,2014,7.51724,0.517241,0
280,2014,3.30612,0,0
281,2014,3.62791,0,0
282,2014,3.10345,0,0
283,2014,8.25974,0,0
284,2014,6.27273,0,0
285,2014,6.91935,0,0
286,2014,3.44304,0,0
287,2014,3.18667,0,0
288,2014,3,0,0
289,2014,4,0,0
290,2014,4.06122,0,0
291,2014,3.6383,0,0
292,2014,4.92308,0,0
293,2014,4.37778,0,0
294,2014,5.36842,0,0
295,2014,5.68421,0,0
296,2014,3.86154,0,0
297,2014,3.64,0,0
298,2014,2.57143,0.0285714,0
299,2014,4.41935,0,0
300,2014,2.54839,0,0
301,2014,2.94737,0.0175439,0
302,2014,3.28571,0,0
303,2014,2.075,0,0
304,2014,3.34884,0,0
305,2014,3.28571,0.015873,0
306,2014,2.86364,0,0
307,2014,3.90625,0,0
308,2014,2.72727,0,0
309,2014,3,0,0
310,2014,3.52381,0,0
312,2014,3,0,0
313,2014,4.41667,0.25,0
314,2014,7.91667,0,0
315,2014,4.19149,0,0
316,2014,4.06452,0,0
317,2014,4.46154,0,0
318,2014,4.92593,0.111111,0
319,2014,6.28571,0,0
320,2014,5.1087,0.0217391,0
321,2014,5.95556,0.133333,0
322,2014,7.08108,0,0
323,2014,6.11628,0.0232558,0
324,2014,7.81395,0.0697674,0
325,2014,11.5366,0.268293,0
326,2014,5.2093,0.0232558,0
327,2014,6.04545,0,0
328,2014,6.41176,0,0
329,2014,5.64706,0,0
330,2014,1.98039,0.372549,0
331,2014,1.42857,0.380952,0
333,2014,3.53571,0.535714,0
334,2014,4.50877,0.789474,0
335,2014,5.40909,0,0
336,2014,6.88889,0,0
337,2014,5.97436,0.794872,0
338,2014,4.46154,0,0
339,2014,2.44898,0,0
341,2014,1.04167,0,0
342,2014,4.04167,0.0625,0
344,2014,6.67647,0,0
346,2014,6.72727,0.0606061,0
347,2014,5.65625,0,0
349,2014,4.22727,0,0
350,2014,4.50877,0,0
351,2014,4.61905,0,0
352,2014,5.64516,0,0
354,2014,3.70588,0,0
355,2014,3.92683,0.170732,0
356,2014,5.83784,0.135135,0
357,2014,5.46875,0,0
358,2014,6.09091,0,0
359,2014,3.94872,0,0
360,2014,5.84211,0.0350877,0
361,2014,6,0.125,0
362,2014,2.96429,0,0
363,2014,5.91176,0,0
364,2014,7.6875,0.15625,0
365,2014,8.56667,0.666667,0.05
366,2014,8.19048,1.09524,0
367,2014,6.13636,0,0
368,2014,5.07407,0,0
369,2014,7.23077,0.153846,0
370,2014,8.78125,2.53125,0
371,2014,8.42553,2.23404,0
372,2014,10.5217,2,0
373,2014,5.32468,0,0
374,2014,5.125,0,0
376,2014,4.51515,0,0
377,2014,6.5,0,0
378,2014,6.31034,0,0
379,2014,6.05263,0,0
380,2014,8.76,2.54,1
381,2014,7.06452,2.3871,1
382,2014,10.0714,3.96429,0.75
383,2014,8.7377,2.01639,0.377049
384,2014,6.82353,0.647059,0
385,2014,7.91489,1,0
386,2014,6.22642,0.754717,1
387,2014,5.5,1.075,0.925
388,2014,5.34146,0.219512,0.560976
389,2014,5.27027,0.432432,1
390,2014,3.25,0.277778,0.25
391,2014,3.34884,0.302326,0.162791
392,2014,1.70588,0,0
393,2014,5.3,0.025,0
394,2014,5.36111,0.166667,0.0833333
395,2014,9,0.285714,1
396,2014,2.88462,0.923077,0
397,2014,4.4,0,0.7
398,2014,4.80645,0,0
400,2014,15.1837,3.7551,0
401,2014,14.5484,4,0
402,2014,16.6765,4,0
403,2014,14.775,3.175,0
404,2014,13.2,2.92,0
405,2014,14.875,3,0
406,2014,13,4,0
407,2014,11,0.272727,0
408,2014,10.027,0,0
409,2014,10.7,0.0666667,0
410,2014,16.5283,4.92453,0
411,2014,17.1852,2.48148,0
412,2014,13.5517,0.0344828,0
413,2014,12.3158,1.05263,0
414,2014,13,1.5,0
415,2014,10.6842,0.105263,0.0263158
416,2014,10.7941,0,0
417,2014,10.8182,0,0
418,2014,10.1515,0,0
420,2014,12.625,5.14583,0.4375
421,2014,10.2143,3.25,0
422,2014,10.4333,3.96667,0
423,2014,14.175,4.05,0
424,2014,13.1429,5.03571,0
425,2014,12,2.78571,0
426,2014,10.25,1.16667,0
427,2014,12.0588,3.41176,0
430,2014,15.7903,8,0.951613
431,2014,16.1957,7.63043,0.586957
432,2014,16,8,1
433,2014,15.45,8.325,1
434,2014,13.9767,10.7442,1.62791
435,2014,15.4528,11.3962,1.07547
436,2014,14.9412,10.7059,2
437,2014,14.5179,6.83929,1
438,2014,14.1765,8.17647,1
439,2014,14.5636,6.36364,1.29091
440,2014,12.2982,8.98246,2
441,2014,13.7708,9,2
442,2014,12.3182,9.43182,2
443,2014,12,9.88889,2
444,2014,13.0577,8.61538,2
445,2014,13,8.84615,2
446,2014,12.7222,9.18056,1.61111
447,2014,12.7857,9,2
448,2014,13.1786,10.1429,1.32143
449,2014,13,10.5714,1
450,2014,18.3636,6.21212,0
451,2014,17.1042,5.64583,0
452,2014,17.7174,6,0
453,2014,17.3896,7.55844,0.0779221
454,2014,17.8,6.96667,0
455,2014,16.6667,8,0
456,2014,17.625,3.92188,0
457,2014,15.8298,4.19149,0.659574
458,2014,15.6585,10.1707,0.890244
460,2014,14.0455,11.5227,0
461,2014,15.5968,10.0806,0.016129
462,2014,15.1842,11.9737,0
463,2014,18.2667,12.8889,1
464,2014,18.8889,13.3333,1
465,2014,15.2917,12.5625,1.0625
466,2014,18.6364,12,1.90909
467,2014,14.7742,12.4839,0.709677
468,2014,15.25,12.875,1
469,2014,14.7419,12.2903,0.16129
470,2014,17.4483,6.7931,0
471,2014,16.4222,4.26667,0
472,2014,16.0909,7.39394,0
473,2014,15.3051,9.54237,0
474,2014,16.1395,7.04651,0.116279
475,2014,15.0962,5.67308,0.288462
476,2014,13.9615,6.15385,0.0769231
477,2014,13.4444,6.44444,0
478,2014,20.0816,7.53061,0.959184
479,2014,18.2,9.46154,0.938462
480,2014,11.8551,11.7246,2
481,2014,14.4286,10.2571,2.04286
482,2014,11.3846,11.7692,2
483,2014,12.9804,11.3137,2.01961
484,2014,14.5932,9,3.20339
485,2014,16.9,7,3.9
486,2014,17.1373,9.13725,4
487,2014,16.08,9.32,4.06
488,2014,17.1266,9.74684,3.68354
489,2014,17.1429,10.1429,3
490,2014,17.9241,12.557,2
491,2014,19.6,12.8,1.85
492,2014,16.6207,10.4483,2.06897
493,2014,19.7143,10.3095,3.57143
494,2014,22.02,11.04,2.98
495,2014,21.5714,10.7857,3.64286
496,2014,19.5821,10.4925,3.46269
497,2014,19.2727,8.30303,4.45455
498,2014,24.4154,8.44615,1.8
499,2014,25.5217,10.5652,1.3913
500,2014,31.8571,8.36508,0.777778
501,2014,31.8406,8.28986,0.884058
502,2014,31.75,8.59375,0.671875
503,2014,31.8824,8.52941,0.823529
504,2014,26.0182,10.8909,1.69091
505,2014,27,9.05405,1.18919
506,2014,30.4706,9.38235,1.55882
507,2014,32,8.75,2
508,2014,32.8929,6.32143,1
510,2014,30.4909,7.25455,2.87273
511,2014,36,7.75,3
512,2014,28.1,6.95,3.15
513,2014,26.4348,8.17391,3.17391
514,2014,31.625,8.5625,1.40625
515,2014,36.5185,5.7037,1.05556
516,2014,38.5,5.45,0.9
520,2014,31.9773,10.7727,1.61364
521,2014,30.2812,10.7812,2.09375
522,2014,32.1915,9.21277,1.82979
523,2014,32.3585,9,1.84906
524,2014,34,9,2
525,2014,32.66,7.54,1.2
526,2014,31.7353,8.41176,0.941176
527,2014,30.4773,10.7045,1.04545
528,2014,32.8333,10.5,1
530,2014,29.4267,12.0267,2.50667
531,2014,31.5455,10.1273,2.21818
532,2014,29.4333,11.2,3
534,2014,27,13,3
535,2014,33.7778,9.80247,2
537,2014,35.4286,9,2
538,2014,32.5238,12.2381,2
539,2014,32.5833,10.4583,1.95833
540,2014,26.2083,11.8333,3
541,2014,25.5185,11.463,1.53704
542,2014,24.963,12.0741,3
543,2014,24.7143,12.7143,2
544,2014,30.2078,8.50649,1.8961
545,2014,27.8667,8.84444,2.22222
546,2014,31.8302,9.43396,1.9434
547,2014,30.0408,8.7551,3
548,2014,27.4839,9.37097,3.19355
549,2014,27.5893,12.8571,1.35714
550,2014,28.2174,10.8696,3.10145
551,2014,27.1562,12.1562,3.0625
553,2014,28.4884,10.7209,3.72093
554,2014,27.6275,11.6667,3.92157
556,2014,22.9231,11.4615,3.07692
557,2014,25.5942,12.971,4.34783
558,2014,28.1818,9.90909,4.45455
559,2014,28.2535,11.0845,2.02817
560,2014,26.2535,10.7042,2.49296
561,2014,25.7424,8.5,2.84848
562,2014,28.3108,10.2297,3.08108
563,2014,32.0857,11.7714,4.07143
564,2014,32.0769,12.6923,4
565,2014,31.662,14.0704,3.47887
566,2014,26.0625,13.1042,4.60417
567,2014,28.9,13.425,4.225
570,2014,29.4493,5.97101,3
571,2014,28.8889,7.55556,3
572,2014,30.0536,7.32143,3.94643
573,2014,28.7333,5.76667,2.73333
574,2014,31.7143,7.2449,4.40816
575,2014,27.3023,5.34884,1.30233
576,2014,28.0312,8.34375,2.59375
577,2014,26.8246,5,1.07018
580,2014,32.4667,13.7833,3.01667
581,2014,33,16,3
582,2014,29.5862,17.9483,3.34483
583,2014,29.94,16.26,2.2
584,2014,31.6129,11.0806,2.87097
585,2014,31.1556,7.95556,4.06667
586,2014,25.2903,7.87097,3.3871
587,2014,32.2222,11.3492,4.44444
588,2014,26.4,10.2667,5.8
590,2014,18.8194,4.02778,2.875
591,2014,20,5.25,3
592,2014,27.0976,9.5122,6.82927
593,2014,23.1667,6.83333,2.56667
594,2014,17.8361,7.04918,6.22951
595,2014,16.5217,8.78261,6.3913
596,2014,13.1053,5.15789,4.57895
597,2014,10.6667,4.69048,2.85714
598,2014,11.88,6.04,5.3
599,2014,15.4074,7.59259,4.55556
600,2014,28.8923,10.4923,1.6
601,2014,28.6806,10.7361,1.01389
602,2014,25.75,12.75,1
603,2014,27,11,1
604,2014,24.8101,10.8228,1
605,2014,27.6964,11.4821,1
606,2014,24.8393,11.8929,1
607,2014,26.5,11.5,1
608,2014,23.75,11.5,1
609,2014,24.8036,8.41071,1
610,2014,31.7273,10.4242,1.31818
611,2014,34.0909,9.54545,1.63636
612,2014,31.6136,9.95455,1
613,2014,31.9516,9.03226,1
614,2014,31.0685,9.82192,0.780822
615,2014,29.0435,9.56522,0.956522
616,2014,26.9167,10.25,1
617,2014,28.717,7.81132,1
618,2014,24.6552,7.72414,1
619,2014,23.7667,6.63333,1
620,2014,28.5867,7.54667,1
622,2014,24.8514,8.52703,0.851351
623,2014,29.7692,9.65385,0.173077
624,2014,21.2833,7.05,1
625,2014,29.1569,6.19608,1
626,2014,29.0351,6.77193,0.982456
627,2014,30.875,5.75,1
628,2014,20.3372,7.9186,0.686047
629,2014,17.6282,7.55128,0.025641
630,2014,26.386,9.15789,0.982456
631,2014,28.3261,8,1
633,2014,29.0889,7.64444,0.822222
634,2014,30.8,8.6,0.275
635,2014,30.4545,6.72727,1.21212
636,2014,22.9412,8.32353,0.117647
637,2014,20.1892,8.37838,0.189189
638,2014,17.3556,4.93333,1
639,2014,19.069,7.75862,0.517241
640,2014,35.7619,6.49206,0.904762
641,2014,36.8627,6.17647,0.941176
644,2014,36.3143,6.47143,0.428571
645,2014,37.1667,7,0
646,2014,30.6667,7.35185,1.11111
647,2014,33.2391,5.86957,1
648,2014,30.3235,4.55882,0.205882
650,2014,29.3889,7.03704,0.537037
651,2014,28,4.5,0
652,2014,29.4348,8.76087,0.0869565
653,2014,31.2258,7.06452,0.806452
654,2014,26.4286,6.85714,0.821429
655,2014,26.1613,7.19355,0.806452
656,2014,25.7571,5.44286,0.685714
657,2014,25.9054,5.59459,0.716216
658,2014,28.3333,6,1
660,2014,38.0294,5.02941,0
661,2014,36.6667,5.91667,0.5
662,2014,36.64,5.56,0.4
664,2014,37.3429,3.6,0
665,2014,38.8837,3.72093,0
666,2014,39.2222,3.11111,0
667,2014,33.451,5.70588,0.117647
668,2014,37.5714,4.97143,0
669,2014,36.2941,2.91176,0.0588235
670,2014,33.0345,4.22414,0
671,2014,32.8333,4.09524,0
672,2014,34,4.57143,0
673,2014,31.3333,6.59259,0
674,2014,36.1579,3.26316,0
675,2014,34.7358,2,0
676,2014,34.5333,1.55556,0.533333
677,2014,26.8929,0.464286,1
678,2014,26.5385,0.230769,0.102564
679,2014,20,0.666667,0
680,2014,39.3636,6.50909,1.01818
681,2014,41.2632,5.84211,0.947368
683,2014,38.2,5.58571,0.0857143
684,2014,38.3036,5.94643,0.107143
685,2014,38.7391,8.91304,0
686,2014,38.3571,6,1.2619
687,2014,34.2877,5.68493,1.65753
688,2014,34.8906,3.92188,1
689,2014,35.5455,2.23636,0.890909
690,2014,27.2308,2,1
691,2014,25.5909,1.72727,1
692,2014,27.2727,5.09091,1
693,2014,23.931,0.724138,1
700,2014,7.95556,1.15556,1.08889
701,2014,8.09091,0.954545,1
703,2014,8.41176,2.14706,1.05882
704,2014,5.97436,0.282051,0.487179
705,2014,7.04918,1.36066,1
706,2014,7.05128,0.794872,1.38462
707,2014,6.68966,0.172414,0.844828
708,2014,8.14286,0,1
710,2014,10.9434,1,0.90566
711,2014,13.2667,0.733333,1
712,2014,5.13725,1.41176,0
713,2014,6.09524,0.142857,0.595238
714,2014,7.08475,1.16949,0.779661
716,2014,4.85714,1.51429,1.02857
717,2014,10.0345,1.86207,0.931034
718,2014,16.6571,2.05714,0.8
719,2014,19.7027,2.2973,1.16216
720,2014,14.5733,2.53333,1.82667
721,2014,15,2.51667,1.81667
722,2014,17.9167,2,2
723,2014,8.53448,3.36207,1.06897
724,2014,14,5.36667,1.01667
725,2014,18.1636,4.83636,1.49091
726,2014,22.5918,3.85714,0.959184
727,2014,24.525,4.275,0.05
728,2014,22.1143,2.37143,1
729,2014,22.4,2.74286,0
730,2014,25.9765,3,0
731,2014,26.9535,3.37209,0
734,2014,23.5152,2.63636,0
735,2014,22.0417,1.60417,0
736,2014,24.8788,1.51515,0
737,2014,31.5714,3.06122,0
738,2014,28.0526,0.315789,0
739,2014,19,0.4375,0
740,2014,26.1791,5.20896,0
741,2014,27.3448,5.03448,0
743,2014,28.4,4.06667,0
744,2014,26.1163,3.69767,0
745,2014,22.7692,3.10256,0
746,2014,28.0556,4.77778,0
747,2014,24.1176,2.17647,0
748,2014,23.1702,3.23404,0
749,2014,22.7188,2.59375,0
750,2014,23.9355,1.75806,0.919355
751,2014,23.2885,0.942308,1
752,2014,24,1.04,1
753,2014,24,1,1
754,2014,24.2432,1.83784,0.486486
755,2014,16.7917,2,0.875
756,2014,16.4,0.111111,1.64444
757,2014,18.375,0.05,1.95
758,2014,15.0714,0.142857,1.42857
759,2014,8.63636,0.431818,1.70455
760,2014,21.8333,0.55,0.966667
761,2014,21.5,0.972222,1
762,2014,21.9762,1.54762,0.357143
763,2014,19.2143,1.5,0
764,2014,18.0833,0.479167,0.291667
765,2014,16.5319,0,1
766,2014,20.9107,0.0178571,1
767,2014,22,0,1
768,2014,13.4167,0.1875,0.395833
769,2014,9.2,0,0
770,2014,12.1771,1,1.63542
772,2014,10,1,2
773,2014,10.3929,0.982143,1.82143
774,2014,13.6761,1,1
775,2014,9.89655,1.12069,1.56897
776,2014,8.46667,1.33333,2.2
777,2014,9.125,1.25,2.875
778,2014,15.4722,0.0277778,1
779,2014,12.4412,1,0.970588
780,2014,8.67857,0.410714,0.0535714
781,2014,10.9524,0.904762,0.452381
782,2014,10.0164,0.836066,0.0327869
783,2014,11.9773,0.636364,0.0227273
784,2014,12.6667,0.944444,0
785,2014,11.2623,0,0
786,2014,11.625,0.15625,0.953125
787,2014,12.5455,0,1
788,2014,6.76471,0,0
789,2014,12.56,0.72,1
790,2014,15.8767,0.219178,0
791,2014,17.1429,0,0
792,2014,14.5161,0.548387,0
793,2014,7.08511,0.212766,0
794,2014,10.1333,0,0
795,2014,11.3404,0.276596,0
796,2014,12.8571,1,0
797,2014,4.98,0,0
798,2014,2.19048,0,0
799,2014,2,0,0
800,2014,13.7778,1.55556,0.148148
801,2014,11.8571,1.45714,0.257143
802,2014,13.1818,1.95455,0.0227273
803,2014,13.8333,1.83333,0
804,2014,8.96491,0.614035,0
805,2014,14.9688,1.5625,0.03125
806,2014,16.8519,1.18519,0.740741
807,2014,20.0909,2.27273,1
808,2014,14.7949,0.641026,0.589744
809,2014,12.1613,0.580645,0
810,2014,13.5769,0.115385,0.0192308
811,2014,4,0.137931,0
812,2014,6.34483,0,0
813,2014,2.26667,0,0
814,2014,3.65217,0,0
815,2014,5,0,0
816,2014,5.94118,0.0588235,0
820,2014,18.6818,0.227273,0.318182
821,2014,6,0,0
822,2014,23.35,0.05,0.95
823,2014,12.3571,0.714286,0.214286
824,2014,18.3182,1,2.5
825,2014,12.6667,0,1.55556
826,2014,17.2222,0.944444,1.27778
827,2014,25,2.375,1.0625
828,2014,21.1538,3,2.07692
829,2014,8.89474,1.10526,0.578947
830,2014,13.6667,1.33333,0
831,2014,12.8889,2.83333,0.611111
832,2014,13.75,3.84615,1.13462
833,2014,15.7568,6.24324,1.64865
834,2014,16.5714,3.2619,1.19048
835,2014,12.8148,5.59259,5.33333
836,2014,15.72,7.64,3.14
837,2014,18.6667,9.16667,3.83333
838,2014,13.8,7.36667,5.1
840,2014,8.27907,0.569767,1.02326
841,2014,9.44444,1.48148,0.888889
843,2014,12.8462,2.35897,1
844,2014,11.5,1.66667,1
845,2014,4.65385,0.0384615,0
846,2014,8.46667,0.333333,0.133333
847,2014,2.21739,0.0289855,0
850,2014,1,0.204545,0.409091
851,2014,0.28,0.28,0.24
852,2014,0.911111,0,0.822222
853,2014,0.927536,0.289855,0
855,2014,2.09524,0.190476,0.047619
856,2014,1.42222,0.0888889,0
857,2014,0.394737,0.342105,0
859,2014,1.92308,0,0.0384615
860,2014,1.63889,0.111111,0.0277778
863,2014,0.56,0.28,0.08
864,2014,1.56522,0,0
865,2014,0.45,0,0
870,2014,2.17544,0.0175439,0.0175439
871,2014,2.54545,0,0
873,2014,0.73913,0,0
874,2014,1.06667,0,0
875,2014,3.7541,0.0327869,0.557377
877,2014,5.83333,0.0333333,0.333333
878,2014,0.75,0,0
879,2014,3.33333,0,0
880,2014,2,0.0227273,0
881,2014,7.36842,0,0
882,2014,3.91304,0,0
883,2014,3.06061,0,0
884,2014,8.6,0,0
890,2014,1.61702,0,0
891,2014,1,0,0
893,2014,6.22222,0.333333,0
894,2014,8.76087,3.21739,0.76087
895,2014,10.0769,4.46154,2.61538
897,2014,8,2.4,1
898,2014,8.8125,2.6875,0.25
900,2014,3.75,0.661765,0
902,2014,3.71429,0.571429,0
903,2014,4.4,0,0
904,2014,4.6,0,0
905,2014,3,1,0
906,2014,3.16667,1,0
907,2014,3.40909,0.681818,0
908,2014,3.78571,0.5,0
910,2014,3.53846,1,0
911,2014,3.375,1,0
912,2014,2,1,0
913,2014,1.68421,0.447368,0
914,2014,1.875,0.375,0
915,2014,2,1,0
916,2014,2,1,0
917,2014,3.86957,0.913043,0
918,2014,5,1.5,0
919,2014,1.56,0,0
920,2014,1.67391,0.673913,0
921,2014,1.88372,0.0930233,0
922,2014,0.75,0,0
923,2014,2.22222,0,0
924,2014,3.75,0,0
925,2014,2.95,0,0
926,2014,2.72093,0.116279,0
927,2014,3.11111,0,0
928,2014,2.75758,0.272727,0
930,2014,1,0,0
931,2014,1.33333,0,0
932,2014,5.72308,0.769231,0
933,2014,2.81818,0.545455,0
934,2014,3,0.0263158,0
935,2014,2.09524,0.0238095,0
936,2014,8.15254,1.49153,0.0847458
937,2014,9.4,2.65,0
939,2014,6.24,0.96,0
940,2014,9.91176,3.14706,0
941,2014,12.931,4,0
943,2014,9.6,3,0
944,2014,11.25,2.5,0
945,2014,12.7952,3.12048,0.192771
946,2014,12.2,4,0
947,2014,12.8,4,0
948,2014,13.6,4,0
949,2014,14.75,3.77778,0
950,2014,6.97436,1.89744,0
951,2014,7.31034,2.55172,0
952,2014,13.4634,1.19512,1
953,2014,10,1.11429,0.571429
954,2014,16.8088,3.22059,0.852941
955,2014,14.8085,6.89362,2.59574
956,2014,16.7241,2.67816,1.47126
957,2014,16,2.68182,1.90909
958,2014,21.9655,3.48276,1.10345
959,2014,21.9,4.57143,1.61429
960,2014,18.1757,6.95946,3.63514
961,2014,13.8409,3.95455,1.63636
967,2014,0.0769231,0,0
968,2014,0,0,0
969,2014,0,0,0
970,2014,13.8226,5.6129,4.17742
971,2014,13.9268,5.12195,2.21951
972,2014,16.6857,5.91429,3
973,2014,14.7846,5.92308,4.01538
974,2014,13.7821,7,5.02564
975,2014,11.5833,8.41667,7.33333
976,2014,13.3636,5.18182,4.95455
977,2014,10.8125,5.15625,5.09375
978,2014,14.1132,3.67925,5.50943
979,2014,12.5,7.25,3.6875
980,2014,11.6545,4.92727,1.2
981,2014,11.1538,5.23077,1.58974
982,2014,9.80597,3.67164,1.97015
983,2014,10.75,4.16176,1.69118
984,2014,12.4444,5.2963,1.22222
985,2014,10.7761,4.28358,1.22388
986,2014,13.8246,4.89474,3.40351
988,2014,10.9778,3.75556,7.62222
989,2014,11.6,4.03333,4.06667
990,2014,13.7812,8.09375,5.625
991,2014,13.3125,6.32812,5.60938
992,2014,13.5,8.5,5.875
993,2014,13.5714,4.31429,4.31429
994,2014,11.6667,4,4.33333
995,2014,1.75439,1.49123,0.192982
996,2014,2.17647,1.45882,0.117647
997,2014,2,0.987013,0
998,2014,4.73333,0.0666667,0
999,2014,2.09091,0.909091,0
006,2015,0,0,0
007,2015,0,0,0
008,2015,0,0,0
009,2015,0,0,0
010,2015,16.2903,7.46774,1.91935
011,2015,14.8462,9,2
012,2015,14.6562,7.96875,1.3125
013,2015,18.5,5.8,2
014,2015,20.5238,6.90476,1.95238
015,2015,19.3111,7.04444,2
016,2015,20.8182,6.63636,2
017,2015,21.8519,7.11111,1.77778
018,2015,22.9375,7.90625,1
019,2015,23.25,8,1
020,2015,21.4231,7.80769,1.53846
021,2015,23,8.01887,1
022,2015,23,8,1
023,2015,21.8214,8.89286,1.14286
024,2015,23,7.74074,1.07407
025,2015,23.32,8.36,1.2
026,2015,23.7143,8.71429,1
027,2015,21.0556,7.69444,1.94444
028,2015,20.8413,7.44444,2
029,2015,19.6111,8,2
030,2015,20.8235,7.38235,1.20588
031,2015,20.1429,7.57143,1
032,2015,16.7241,8.44828,0.534483
033,2015,18.25,8,1
034,2015,19.24,6.04,2
035,2015,15.55,8.15,0
036,2015,18.375,5.375,2
037,2015,14.6667,8.33333,0.833333
038,2015,19.5522,8.9403,0.358209
039,2015,21.5455,8.63636,0
040,2015,18.8226,9.93548,0
041,2015,20,10.7778,0
042,2015,18.5208,9.64583,0
043,2015,18.7143,11,0
044,2015,20.8333,8.24242,0
045,2015,19.7931,11.2414,0
046,2015,22,9.71186,0
047,2015,19.7179,7.15385,0
048,2015,19.5556,11.1667,0
049,2015,18.9219,9.375,0
050,2015,13.7755,8.83673,0.938776
051,2015,16.5,5.5625,2
052,2015,16.6364,5,2
053,2015,18,4.71429,2
054,2015,14.9375,8.77083,0.0625
056,2015,15.6061,8.0303,0
057,2015,13.175,8.4,1.725
058,2015,15.25,8.65,0
059,2015,14.8571,8,0
060,2015,14.5082,10.5902,1.13115
061,2015,15.7857,11,1
062,2015,17.6667,9.27273,1.84848
063,2015,19.8333,9.02778,1.52778
064,2015,18.4074,10.1667,1
065,2015,19.5833,10,1
066,2015,20.4,10.4,1
067,2015,15.0263,10.8684,1
068,2015,18,9.76,1.04
069,2015,19,9,1
070,2015,16.7342,8.40506,1.21519
071,2015,17.6667,8.16667,1
072,2015,17.5714,8,1
073,2015,19,8,1
074,2015,15.2703,9,1
075,2015,16.25,9,1
076,2015,16.9231,9,1
077,2015,18.7317,7.12195,1.53659
078,2015,14.3556,9.04444,1
079,2015,15.1379,8.65517,1.2069
080,2015,14.023,6.21839,1.44828
081,2015,13.2222,7,1
082,2015,14.7931,5.7931,2.65517
083,2015,13.6061,5.72727,1.63636
084,2015,15.5,7.75,2
085,2015,14.6774,6.77419,1.70968
086,2015,14.1333,6.06667,1.86667
087,2015,19.32,6.64,2
088,2015,15.2778,7.61111,1.66667
089,2015,15.6667,7,2
100,2015,18.9524,8.07143,1
101,2015,19.7727,8,1
102,2015,20,8,1
103,2015,19.2308,8,1.30769
104,2015,19,8.32,1
105,2015,15.7778,10.1111,0.904762
106,2015,18.3333,9.66667,1
107,2015,18.1111,9,1
108,2015,19,8.75,1
109,2015,14.0678,9.66102,0.728814
110,2015,21.2857,7.21429,1
111,2015,20.2857,8,1
112,2015,21.2632,8,1
113,2015,20.9231,8,1
114,2015,21.7308,7.96154,1
115,2015,22.575,7.975,1
116,2015,21.2,8,1
117,2015,21.8182,8.38961,1.12987
118,2015,22.6667,9,1
119,2015,20.8409,8.06818,1.22727
120,2015,12.3182,6.92424,1.21212
121,2015,12.0147,7.17647,1.20588
122,2015,13,7.91667,1
123,2015,13.375,7,1
124,2015,9.81707,9.35366,1
125,2015,10.873,11.254,0.904762
126,2015,12,12,1
127,2015,11.678,9.18644,0.305085
128,2015,12.0769,6.64615,1.66154
129,2015,11.6111,9.34722,0.416667
130,2015,8.64,8.86,0.96
131,2015,8.70588,9.29412,1
132,2015,8.52941,10,1
133,2015,8.62264,7.77358,1
134,2015,8.87097,7.83871,1
135,2015,8.5,8,1
136,2015,11.6988,9.85542,0.951807
137,2015,10.9487,7.17949,0.538462
138,2015,10,7.17073,0.731707
139,2015,11.6,6.2,0.2
140,2015,7.44262,9.2459,2.42623
141,2015,7.71429,9.11429,2.62857
142,2015,7.06897,10,3
143,2015,8,10.2,3
144,2015,8.2,8.97778,1.68889
145,2015,8.33929,9.32143,1.46429
146,2015,8.56,9,2
147,2015,8.40323,7.27419,1.51613
148,2015,9.81081,7.35135,0.810811
149,2015,12.5,5.5,1
150,2015,10.338,7.46479,0.239437
151,2015,11.3571,7.53571,0
152,2015,10.5116,7.18605,0
153,2015,8.98182,7.21818,0.763636
154,2015,9.27143,6.64286,0.857143
155,2015,12.1081,5.18919,0.324324
156,2015,12.0417,7.59722,0
157,2015,12.4127,5.71429,0.507937
158,2015,10.3,4.96667,1
159,2015,14.2791,6.06977,0
160,2015,8.62857,6.68571,0.771429
161,2015,8.19048,6.71429,1.2619
162,2015,9.20513,6.23077,0.589744
163,2015,7.32558,6.32558,1.69767
164,2015,8.06061,6.24242,2
165,2015,8,5.92857,2
166,2015,15.6716,5.22388,0.462687
167,2015,9.5,5.68182,1
168,2015,14.3455,5.25455,1
169,2015,12.375,5.90625,1
170,2015,14.907,6.06977,0.976744
171,2015,14,6.7,1
172,2015,13.7347,5.12245,0.265306
173,2015,11.75,5.25,0.583333
174,2015,11.8571,5.28571,0.571429
175,2015,11.7872,6.40426,1.02128
176,2015,12.5,6.75,1
177,2015,14.2,4.35,1
178,2015,15.3148,5.61111,1
179,2015,12.2222,6.82222,1
180,2015,13.2545,8.61818,1
181,2015,13.8571,8.85714,1
182,2015,12.0278,7,1
183,2015,14.1667,8.5,1
184,2015,13.8235,6.19608,0.862745
185,2015,15.3636,6,1
186,2015,13.9167,6.05556,1
187,2015,13.25,7,1
188,2015,13.7059,5.97059,0.970588
189,2015,12.6667,7.23077,1
190,2015,12.1029,6.91176,1
191,2015,12.76,7,1
193,2015,10.3824,6.52941,1.14706
194,2015,11.2812,7,1
195,2015,12.0238,7.47619,1
196,2015,12,7.5,1
197,2015,10.4737,5.57895,1.42105
198,2015,10.4,6,2
199,2015,11.1538,5.41026,2.20513
200,2015,9.81481,4.74074,2
201,2015,11.7778,4,1.91111
202,2015,10,5,2
203,2015,9.2,5,2
204,2015,10,5,2
205,2015,10,4.91667,2
206,2015,10.2131,6.11475,2
207,2015,9.37736,4.9434,2
208,2015,11.025,4.075,1.75
209,2015,11,4,2
210,2015,9.91667,5.47917,1.22917
211,2015,10.0333,5.63333,1.23333
212,2015,9.67442,5.88372,1.02326
214,2015,9.4,5,2
215,2015,12.3913,4,1
216,2015,9.75862,5.7931,1.7931
217,2015,11.5536,4.76786,1
218,2015,11.6486,6.10811,2.32432
219,2015,10.4,5.8,1
220,2015,10.8421,4.57895,2
221,2015,10.625,4.625,2
222,2015,10,4.81818,2
223,2015,10.3571,5,2
224,2015,9.41667,5.29167,2.125
225,2015,9.28,5,2.32
226,2015,12.2414,3.41379,1.72414
227,2015,9.34286,3.82857,2
228,2015,8.10714,2.89286,2
229,2015,7.225,4.025,2.125
230,2015,10.3333,4.33333,2.27083
231,2015,10.5111,4.2,2.15556
232,2015,11.0435,5.26087,1.26087
233,2015,15.0345,4.24138,2.34483
234,2015,14.5778,4.15556,2.06667
235,2015,13.1429,3.78571,1
236,2015,12.75,4.25,1.95833
237,2015,13.1429,3.14286,1
238,2015,9.25455,3.89091,1.43636
239,2015,7.80556,4.38889,1.13889
240,2015,5.37209,3.55814,1.46512
241,2015,5.525,3.5,1.55
242,2015,4.77273,2.20455,1.27273
243,2015,4.425,2.875,1.15
244,2015,6.69767,3.44186,1.97674
245,2015,7.51786,4.125,1.25
246,2015,4.08,3.56,1.8
247,2015,4.17647,3.64706,2
248,2015,4.30909,3.89091,2
249,2015,5,2.77143,2.05714
250,2015,5.4,2.1,2.66
251,2015,5.46154,1.98077,2.69231
252,2015,6.6,2.625,2.45
253,2015,6.5,1.57143,3
254,2015,12.2083,4.29167,1
255,2015,6.475,2,2.575
256,2015,4.39535,3.60465,2
257,2015,7.83333,1.83333,3
258,2015,4.31818,3.56818,2.15909
259,2015,4.51351,3.18919,2.16216
260,2015,9.25,6.875,0.916667
261,2015,8.36364,4.75758,1.57576
262,2015,6.73077,3.82692,1.84615
263,2015,7.09677,5.64516,1.16129
264,2015,7.41379,5.89655,1.10345
265,2015,7.89189,6.05405,1
266,2015,5.82143,2.32143,2.53571
267,2015,11.6522,4,1
268,2015,9.54167,3.91667,1.5
270,2015,7.38235,1.08824,1
271,2015,10.5556,0,1
272,2015,10.1591,0.477273,1
273,2015,9.41667,0.638889,1
274,2015,11.1818,0,1
275,2015,9.02778,1.23611,1
276,2015,9.70588,1,1
277,2015,11,1,1
278,2015,8.59036,2.03614,1.12048
279,2015,10.1379,2.39655,1.36207
280,2015,7.71429,0,1
281,2015,7.55814,0,1
282,2015,7.44828,0,1
283,2015,7.94805,0,1
284,2015,7,0.436364,1.54545
285,2015,5.98387,0.951613,1.74194
286,2015,6.62025,1.08861,1
287,2015,5.53333,0.64,1
288,2015,5,0.8,1
289,2015,6.33333,2.16667,1
290,2015,4.85714,0,1
291,2015,4.46809,0,1
292,2015,5.92308,0,1
293,2015,5.91111,0,1
294,2015,6.63158,0,1
295,2015,6.08772,0,1.03509
296,2015,4.95385,0.0153846,1
297,2015,6.64,0,1
298,2015,5.02857,0.0285714,1
299,2015,5.51613,0,1
300,2015,4.1129,0.322581,1
301,2015,3.5614,1.64912,1.03509
302,2015,3.78571,0,1
303,2015,3.9,0,1
304,2015,5.09302,0,1.06977
305,2015,5.12698,0.873016,1
306,2015,5.93182,0.0227273,1
307,2015,4.5625,1.09375,1.84375
308,2015,5.45455,0,1
309,2015,5.42857,0,1
310,2015,6.20238,0,1
312,2015,6.4,0,1
313,2015,6.16667,0,1
314,2015,6.66667,0,1
315,2015,5.25532,0,0.978723
316,2015,6.77419,0,0.967742
317,2015,8.01923,0,0.980769
318,2015,5.88889,0,1
319,2015,7.14286,0,1
320,2015,4.56522,0,0.0652174
321,2015,3.91111,0.555556,0
322,2015,5.27027,0,0
323,2015,7.97674,0.0465116,0
324,2015,10.0465,0.0232558,0
325,2015,7.85366,0.0731707,0
326,2015,6,0.0232558,0
327,2015,2.63636,1,0
328,2015,2.17647,1,0
329,2015,3.91176,1,0
330,2015,2.17647,0,0
331,2015,2.4127,0,0
333,2015,2.39286,0,0
334,2015,1.98246,0.0175439,0
335,2015,3.59091,1,0
336,2015,4.18519,1,0
337,2015,5.20513,1,0
338,2015,2.69231,0.980769,0
339,2015,1.87755,0,0
341,2015,2.16667,0.125,0
342,2015,3.9375,0.875,0
344,2015,5.58824,0.970588,0
346,2015,4.54545,1,0
347,2015,2.71875,1,0
349,2015,3.31818,0.318182,0
350,2015,5.42105,1.03509,1.78947
351,2015,5.28571,1.2619,1.80952
352,2015,5.12903,1.32258,2
354,2015,4.94118,0.176471,1.5
355,2015,5.78049,0.902439,1.97561
356,2015,6.27027,1,2
357,2015,6.125,1,2
358,2015,6.90909,1,2
359,2015,3.92308,1.05128,1.97436
360,2015,6.96491,0,0.77193
361,2015,7,0,1
362,2015,4.03571,1.39286,1.14286
363,2015,6.76471,0,0.147059
364,2015,6.59375,0.03125,0
365,2015,6.5,0.1,0
366,2015,5.14286,0.571429,0
367,2015,6.04545,0.795455,0.25
368,2015,6.03704,0,1
369,2015,5.15385,0.923077,0
370,2015,8.1875,1.89062,2
371,2015,8.21277,1.95745,2
372,2015,8.95652,2.21739,2
373,2015,7.11688,1,1.94805
374,2015,5.375,1,2
376,2015,5.54545,2.63636,1
377,2015,7.1875,1.16667,1.77083
378,2015,6.89655,1.01724,1.72414
379,2015,7.89474,1,2
380,2015,11.76,3.6,1.82
381,2015,15.2903,4.58065,1.6129
382,2015,11.3571,3.21429,2
383,2015,7.88525,2.59016,2
384,2015,6.61765,1.14706,2
385,2015,9.21277,1.25532,2
386,2015,10.3962,2.60377,0.716981
387,2015,14.325,1.2,0.55
388,2015,5.82927,1.09756,1.60976
389,2015,8.21622,1.59459,1
390,2015,5.69444,0.333333,0.0277778
391,2015,5.4186,0.348837,0.0697674
392,2015,6.64706,0,0
393,2015,5.35,0.4,0.1
394,2015,4.55556,0.333333,0
395,2015,6.39286,0.107143,0
396,2015,5.15385,0,0
397,2015,5.16667,1.16667,1.26667
398,2015,8.03226,0,0.645161
400,2015,13.2653,4.32653,1.42857
401,2015,13.2903,3.93548,1.96774
402,2015,15.7647,4.55882,1.05882
403,2015,10.05,3.6,1.5
404,2015,8.28,2.16,2.12
405,2015,12.75,2,1.8125
406,2015,11,3,1
407,2015,8.36364,1.45455,2
408,2015,5.40541,1,2.08108
409,2015,6.76667,1.13333,2.13333
410,2015,13.283,4.73585,1.66038
411,2015,7.44444,2.85185,2
412,2015,5.93103,2.93103,2.68966
413,2015,6.68421,2.52632,2.94737
414,2015,6.5,3,2.83333
415,2015,4.55263,2.89474,2
416,2015,6.05882,2.88235,2.88235
417,2015,5.84848,1.63636,2.93939
418,2015,5.12121,1.63636,2.93939
420,2015,13.5,3.95833,2.20833
421,2015,8.89286,3.78571,2
422,2015,9.83333,4,2
423,2015,12.925,4.125,2
424,2015,13.8929,3.78571,2.5
425,2015,9.28571,2.28571,2.07143
426,2015,9.58333,1.41667,2
427,2015,10,3.64706,2
430,2015,9.82258,6.90323,1.54839
431,2015,10.7609,5.56522,1.45652
432,2015,10.7667,7.86667,1.03333
433,2015,9.8,6.375,2
434,2015,9.95349,8.39535,2
435,2015,13.566,8.24528,2
436,2015,10.1176,9.58824,2
437,2015,10.0714,6.60714,1
438,2015,11.1176,6.11765,1.23529
439,2015,10.3455,6.23636,1.01818
440,2015,12,5.42105,1.61404
441,2015,12.2708,5.20833,1.20833
442,2015,12.1136,5.84091,1.52273
443,2015,12.5556,5.83333,1.83333
444,2015,10.1538,6.78846,1
445,2015,10.4615,7,1
446,2015,11.4028,6.51389,1.72222
447,2015,11.9286,6.78571,1.92857
448,2015,12.3929,5.55357,2
449,2015,12.1429,6,2
450,2015,13.7273,4.93939,2
451,2015,12.5417,3.58333,2
452,2015,15.2609,4.3913,2
453,2015,10.039,7.15584,2.18182
454,2015,11.4,6.9,2
455,2015,7.83333,7.83333,1
456,2015,9.125,2.98438,2
457,2015,9.44681,4.80851,1.68085
458,2015,12.6951,7.19512,2
460,2015,23.7273,8.45455,3.02273
461,2015,20.2581,9.19355,1.43548
462,2015,20.4474,10.1316,1.36842
463,2015,34.9778,6.02222,5.91111
464,2015,36.5556,6,7
465,2015,29.3958,6.60417,3.54167
466,2015,32.7273,5.18182,4.90909
467,2015,20.8065,8.35484,2.17742
468,2015,22,9.375,2
469,2015,28.3226,7.95161,3.37097
470,2015,14.4483,6,1.62069
471,2015,15.6444,5.35556,1.04444
472,2015,14.4545,7.15152,1.06061
473,2015,15.4407,7.44068,2.61017
474,2015,17.2326,8.11628,1.25581
475,2015,18.2308,5.63462,1.67308
476,2015,19.8462,4.42308,2.57692
477,2015,19,4,3
478,2015,31.2041,8.87755,2.32653
479,2015,36.8308,9.01538,3.69231
480,2015,15.3623,4.6087,5.76812
481,2015,13.9286,6.52857,3.67143
482,2015,14.3333,5.51282,4.53846
483,2015,17.7255,5.07843,5.98039
484,2015,19.8983,4.69492,6.30508
485,2015,19.5,5.2,6.4
486,2015,24.3529,5.54902,7.33333
487,2015,23.08,4.98,7.2
488,2015,23.3038,5.97468,6.60759
489,2015,21.5714,6.57143,5.71429
490,2015,26.0253,5.53165,5.41772
491,2015,30.15,4.15,6.65
492,2015,16.9655,7.17241,3.22414
493,2015,26.6905,7.09524,6.7381
494,2015,28.22,7.22,6.2
495,2015,25.5714,7.28571,7.35714
496,2015,28.3731,7.86567,7.58209
497,2015,29.3333,7.90909,6.19697
498,2015,30.2769,9.76923,5.78462
499,2015,33.5435,12.2174,6.47826
500,2015,36.0476,15.3651,3.85714
501,2015,36.1449,14.7826,4.31884
502,2015,35.9219,15.0469,4.04688
503,2015,35.8824,17.7647,3
504,2015,37.9455,14.2909,5.87273
505,2015,36.5135,16.6622,5.24324
506,2015,36.9706,11.7353,6.22059
507,2015,37,10.75,6
508,2015,38.6071,15.6429,2.35714
510,2015,36.1091,15.6182,6.2
511,2015,38.875,15.625,6.75
512,2015,36.85,16.05,7.95
513,2015,34.7391,17.7826,7.04348
514,2015,34.9688,16.5312,4.0625
515,2015,33.6667,16.5556,3.31481
516,2015,37.55,15.55,2.3
520,2015,33.4091,12.4318,5.84091
521,2015,34.7188,11.0938,6.53125
522,2015,34.4894,13.5319,6.40426
523,2015,34.6604,13.566,6.39623
524,2015,36.3333,13.1667,6
525,2015,36.06,12.2,5.4
526,2015,33.1176,13.2059,6
527,2015,35.9091,15.7045,5.15909
528,2015,35.6667,16.1667,5
530,2015,36.7867,8.68,8.17333
531,2015,35.5455,8.58182,9.45455
532,2015,37.7,10.3333,7.93333
534,2015,36,9,9
535,2015,34.9506,10.037,7.62963
537,2015,36,10.2143,8.14286
538,2015,33.2857,12.1905,6.19048
539,2015,34.6875,9.64583,8.5625
540,2015,35.75,13.875,8.375
541,2015,31.1111,8.2037,6.24074
542,2015,32.7037,6.33333,7
543,2015,32.5714,8.28571,5
544,2015,30.6234,9.51948,8.24675
545,2015,29.6444,9.88889,9.06667
546,2015,34.3962,10.4906,7.81132
547,2015,36.2245,11.2449,7.61224
548,2015,33.7097,11.2742,9.32258
549,2015,33.1964,8.94643,7.89286
550,2015,38.2754,14.9565,8.57971
551,2015,40.2812,15.125,9.96875
553,2015,39.4186,15.1047,10.5814
554,2015,39.5882,16.0196,10
556,2015,35.5385,11.8462,9.23077
557,2015,44.4203,13,9.34783
558,2015,43.1818,12.8182,10.0909
559,2015,35.8169,12.6338,6.59155
560,2015,36.2676,15.0704,8.32394
561,2015,35.4091,15.4394,9.21212
562,2015,41.4324,12.527,11.9865
563,2015,45.2714,13.6,10.9429
564,2015,43.8462,13.4872,10.2821
565,2015,44.3803,15.6761,11.2535
566,2015,43.875,11.75,10.75
567,2015,46.9,14.325,12.575
570,2015,41.3188,13.0435,8.53623
571,2015,45,13.6667,8.22222
572,2015,41.0536,13.5357,10.5536
573,2015,39.2,13.0333,7.81667
574,2015,40.5102,13.5714,9.08163
575,2015,31.9767,10.1163,5.09302
576,2015,33.3125,11.7188,6.84375
577,2015,22,9.77193,2.91228
580,2015,46.05,17.2,9.66667
581,2015,48.5,19.25,10
582,2015,48.7931,17.6379,11.431
583,2015,48.18,14.48,11.64
584,2015,43.7258,13.6613,9.5
585,2015,39.6444,13.8,8.44444
586,2015,33.1613,15.6774,8
587,2015,47.2222,11.8889,12.1746
588,2015,39.8667,16.6,12
590,2015,19.7639,10.2222,3.29167
591,2015,23.5,10.5,4.75
592,2015,36.8293,15.1951,11.0488
593,2015,24.2667,12.3333,5.03333
594,2015,26.3607,9.65574,8.54098
595,2015,30.4783,13.5652,9.30435
596,2015,22.2105,8.73684,4.52632
597,2015,17.3095,9.42857,2.40476
598,2015,24.16,10.04,7.42
599,2015,28.2593,13.1852,5.03704
600,2015,34.4615,7.8,8.15385
601,2015,36.7083,7.88889,7.55556
602,2015,34,7,8
603,2015,36,8,7
604,2015,36.3924,7.02532,6.62025
605,2015,36.7857,7.91071,7.05357
606,2015,35.6786,6.96429,7.23214
607,2015,34.75,7.25,7.75
608,2015,36.75,6.5,7
609,2015,34.7321,10.0179,4.58929
610,2015,35.9091,10.3485,5.80303
611,2015,38.0909,9.36364,7.63636
612,2015,36.2727,14.5909,5
613,2015,38.1935,10.4677,6.03226
614,2015,35.5616,13.8767,5.24658
615,2015,38.6087,11.9783,4.67391
616,2015,40.25,12.1667,4
617,2015,37.5849,10.3208,5.11321
618,2015,36.4655,11.2759,3.01724
619,2015,37.3333,9.06667,3
620,2015,36.5733,9.38667,3.6
622,2015,32.9189,7.56757,3.5
623,2015,36.3077,9.76923,4.51923
624,2015,31.75,7.61667,2.5
625,2015,40.0392,8.01961,4.19608
626,2015,38.1053,9.89474,4.01754
627,2015,39,6.625,5.375
628,2015,28.2558,6.11628,3.03488
629,2015,21.5385,5.73077,2.75641
630,2015,32.5088,8.2807,3.31579
631,2015,35.5,8.78261,3.17391
633,2015,35.2,8.71111,3.13333
634,2015,36.2,9.35,4.5
635,2015,36.0606,10.1212,4.66667
636,2015,24.6471,7.97059,2.52941
637,2015,24.8649,7.43243,2.37838
638,2015,25.8889,4.66667,2
639,2015,28.069,6.96552,2.10345
640,2015,38.2063,10.0635,2.03175
641,2015,40,11.6275,2.03922
644,2015,39.5857,13.2286,1.88571
645,2015,40.8333,13,1
646,2015,39.1667,10.3148,2.46296
647,2015,35.8696,8.56522,1.34783
648,2015,37.9706,7.23529,1.35294
650,2015,33.1296,9.83333,1.48148
651,2015,32,9.5,1
652,2015,37.2391,7.45652,2.91304
653,2015,34.5484,8.48387,1.51613
654,2015,29.3571,8.35714,1.53571
655,2015,29.5161,8.16129,1.45161
656,2015,33.0857,7.85714,1.68571
657,2015,32.0811,7.95946,1.59459
658,2015,34.1111,9.77778,2
660,2015,38.9412,10.1618,2.08824
661,2015,40.25,12.25,2
662,2015,40.2,10.96,2.44
664,2015,35.7714,11.7429,2.31429
665,2015,35.4419,11.7674,2.25581
666,2015,39.4444,9.77778,3.38889
667,2015,38.6078,7.09804,1.17647
668,2015,35.2571,7.57143,2.54286
669,2015,29.7647,11.9412,1.76471
670,2015,30.4828,6.7931,1.53448
671,2015,30.0714,6.40476,1.54762
672,2015,31.25,9.46429,1.82143
673,2015,35.2963,6.11111,1.88889
674,2015,31.9649,10.1404,1.49123
675,2015,29.2453,8.16981,1.01887
676,2015,26.7778,9.28889,1.33333
677,2015,17.1071,6.71429,1.03571
678,2015,17.8974,5.82051,0.641026
679,2015,12.8333,5,0.666667
680,2015,34.9455,15.4182,4.03636
681,2015,36.3421,15.8158,3.97368
683,2015,34.5,13.7857,1.74286
684,2015,35.0714,14.0357,1.92857
685,2015,37.1304,15.6522,1.95652
686,2015,32.381,12.5476,3.88095
687,2015,35.9041,14,5.82192
688,2015,28.8906,11.9219,2.875
689,2015,27.8545,11.7091,1.76364
690,2015,19.3846,8.57692,1.76923
691,2015,21.1136,7.63636,1.70455
692,2015,24.0909,8.63636,2.36364
693,2015,19.5862,6.37931,1.06897
700,2015,9.06667,0,0
701,2015,8.63636,0,0
703,2015,11.0588,0,0
704,2015,6.64103,0.384615,0
705,2015,10.2623,0.0327869,0
706,2015,11.9744,0.384615,0
707,2015,9.18966,0,0
708,2015,9.66667,0,0
710,2015,15.3208,1.66038,0
711,2015,17.4667,1.73333,0
712,2015,8.80392,0.54902,0
713,2015,8.59524,0.0238095,0
714,2015,11.3051,0.135593,0
716,2015,14.8286,1.42857,0.514286
717,2015,16.3448,2.93103,0.827586
718,2015,21.6286,3.42857,0.914286
719,2015,26.1351,5.10811,1.21622
720,2015,28.16,4.68,1.21333
721,2015,28.55,4.75,1.06667
722,2015,28.0833,5.16667,1
723,2015,23.1897,3.81034,1.17241
724,2015,33.35,6.11667,1.31667
725,2015,29.4727,6.69091,1.6
726,2015,31,5.44898,2.67347
727,2015,34.625,4.2,2
728,2015,30.0857,3.25714,2.82857
729,2015,32.4,3.65714,2.37143
730,2015,25.2235,5.14118,0.870588
731,2015,27.1395,6.18605,1
734,2015,25.1515,4.42424,0.909091
735,2015,19.1667,4.08333,0.0416667
736,2015,18.2121,3.72727,0.757576
737,2015,27.898,4.81633,0.55102
738,2015,20.1579,3.42105,1
739,2015,12,4,0.625
740,2015,32.4478,5.1791,1.59701
741,2015,35.2414,5.65517,2
743,2015,36.2667,5.16667,1.7
744,2015,32.6977,4.09302,2.16279
745,2015,27.359,2.79487,1.89744
746,2015,32.2222,4.77778,1.11111
747,2015,26.7059,2.79412,1.67647
748,2015,28.0213,5.10638,1.04255
749,2015,30.4062,3.625,2.15625
750,2015,23.5484,5.74194,0.774194
751,2015,24.5385,4.34615,0.134615
752,2015,23.8,6,0.26
753,2015,25,6,1
754,2015,25.5676,3.78378,0.932432
755,2015,24.25,3.41667,0.333333
756,2015,22.9333,2.95556,0
757,2015,24.6,2.825,0
758,2015,22.5,3.14286,0
759,2015,16.2045,1,0
760,2015,21.6,4.15,0.3
761,2015,22.2778,4.44444,0.388889
762,2015,22.1905,3.95238,0.642857
763,2015,18.6071,3.78571,0
764,2015,16.4792,2.66667,0.125
765,2015,24.5106,1.85106,0
766,2015,24.7857,2.75,0
767,2015,25.7,2,0
768,2015,14.5208,1.45833,0.291667
769,2015,11.76,0.68,0
770,2015,19.2396,1.65625,0
772,2015,19,1,0
773,2015,20.3929,1.5,0
774,2015,19.5775,1.90141,0
775,2015,16.8276,1.31034,0
776,2015,15.2667,0.966667,0
777,2015,15.5,1,0
778,2015,20.8889,2.16667,0
779,2015,17.3529,1.88235,0
780,2015,14.3214,0.964286,0
781,2015,16.3095,1.47619,0
782,2015,15.2295,1.55738,0
783,2015,14.9091,1.38636,0
784,2015,18.6111,1.11111,0
785,2015,10.8033,0.819672,0
786,2015,19.1406,1.29688,0
787,2015,22.2273,1,0
788,2015,11.8824,0.529412,0.205882
789,2015,20.84,1.96,0
790,2015,9.89041,2.19178,0.780822
791,2015,10.2857,1.85714,1
792,2015,10.5161,2.58065,0.129032
793,2015,8.06383,1.48936,0.446809
794,2015,10.1333,2,0.6
795,2015,11.9149,1.89362,0
796,2015,12,3.71429,0
797,2015,6.08,1.26,0
798,2015,2.71429,0.047619,0
799,2015,4.36,0,0
800,2015,13.0741,4.03704,1.40741
801,2015,10.0857,4.54286,1.17143
802,2015,12.0227,4.52273,1.09091
803,2015,15.3333,3.66667,0.666667
804,2015,12.7018,2.45614,0.0175439
805,2015,14,3.75,0.8125
806,2015,13.2593,4.88889,1.7037
807,2015,16.3939,5.0303,1.69697
808,2015,9.41026,4.41026,0.769231
809,2015,7.25806,5.22581,0
810,2015,9.17308,3.73077,0
811,2015,8.68966,1.48276,0
812,2015,8.96552,1.31034,0
813,2015,12.0667,1.6,0
814,2015,10.3478,1.3913,0
815,2015,11.5,1.85714,0
816,2015,11.0294,1.41176,0
820,2015,15.8182,5,0.863636
821,2015,7,7,0
822,2015,18.95,5.35,1.5
823,2015,16.5714,3.71429,0.357143
824,2015,16.0909,10.2273,0.545455
825,2015,14.8889,7.33333,0
826,2015,19.1111,6,0.888889
827,2015,20.75,7.75,2.5
828,2015,20.5385,10.0769,0.538462
829,2015,15.4737,4.63158,0
830,2015,13.3333,8.66667,0
831,2015,13.0556,8,0
832,2015,16.5577,8.48077,0.25
833,2015,22.7297,9.27027,0.648649
834,2015,15.9524,10.4762,0.904762
835,2015,22.8148,8.11111,9.44444
836,2015,21.64,12.22,4.72
837,2015,28.5833,14.4167,3.75
838,2015,31.4167,10.5167,8.98333
840,2015,16.7209,2.15116,0
841,2015,19.8889,2,0
843,2015,15.3846,6.92308,0
844,2015,17.6667,4.66667,0
845,2015,12.5,1.46154,0
846,2015,12.8889,3.26667,0
847,2015,13.058,2.05797,0.0144928
850,2015,5,1.04545,0
851,2015,3.2,0.88,0
852,2015,5.15556,0.888889,0
853,2015,4.73913,0.811594,0.057971
855,2015,5.80952,0.0952381,0
856,2015,2.91111,0.555556,0
857,2015,5.65789,1.34211,0
859,2015,8.57692,0.230769,0
860,2015,8.44444,1.13889,0
863,2015,6.12,0.08,0
864,2015,7.21739,0.869565,0.130435
865,2015,10.45,0.95,0
870,2015,8.22807,0.0526316,0
871,2015,8.72727,0,0
873,2015,9.69565,0,0
874,2015,11.6,1.06667,0
875,2015,8.08197,0.557377,0
877,2015,7.4,0.333333,0
878,2015,5.75,0,0
879,2015,4.25,0.583333,0
880,2015,3.81818,0.181818,0
881,2015,8.63158,0.473684,0.0526316
882,2015,5.43478,0.956522,0
883,2015,7.21212,0.0606061,0
884,2015,9.25,0.75,0
890,2015,9.78723,2.82979,0.0851064
891,2015,9.2,2.82222,0
893,2015,15.4444,3.22222,0
894,2015,20.4565,8.30435,1.06522
895,2015,24.3846,7.30769,1
897,2015,19.8,9,1
898,2015,18.3125,5.25,0.0625
900,2015,5.16176,0,0
902,2015,4.74286,0,0
903,2015,5,0,0
904,2015,4,0,0
905,2015,5.66667,0,0
906,2015,6.16667,0,0
907,2015,6.04545,0.0454545,0
908,2015,6.57143,0,0
910,2015,5,0,0
911,2015,5.75,0,0
912,2015,5.3,0,0
913,2015,6.05263,0,0
914,2015,5.75,0,0
915,2015,5,0,0
916,2015,5.14286,0,0
917,2015,7.02174,0,0
918,2015,6,0,0
919,2015,5.04,0.64,0.24
920,2015,6.3913,0.217391,0.0217391
921,2015,5.51163,0.953488,0
922,2015,4.9375,0.645833,0.5
923,2015,6.79365,0.555556,0.111111
924,2015,10.75,0,0
925,2015,8.75,0,0
926,2015,6.90698,0,0
927,2015,7,0,0
928,2015,7.48485,0,0
930,2015,5.79167,0,0
931,2015,8,0,0
932,2015,11.9538,2.69231,0.430769
933,2015,8.81818,1.72727,0
934,2015,12.6316,0.263158,0
935,2015,6.71429,1.97619,0.833333
936,2015,17.5254,5.10169,1.84746
937,2015,22.1,6.95,1.4
939,2015,11.6,1.44,0.28
940,2015,14.5294,3.82353,0.470588
941,2015,16.6897,4.2069,0
943,2015,15.2,3.4,1
944,2015,14.25,4,0
945,2015,17.2651,2.72289,0.783133
946,2015,15.2,4.2,0.0666667
947,2015,15.1,4.9,0
948,2015,16,2.8,0
949,2015,17.5833,3.61111,1.08333
950,2015,13.5641,2.46154,0.871795
951,2015,17.7931,1.34483,0.965517
952,2015,21.2927,4.92683,0.902439
953,2015,19.3857,4.74286,0.542857
954,2015,19.4706,5.13235,1.5
955,2015,19.1064,8.23404,7.87234
956,2015,24.908,4.85057,1.93103
957,2015,24.8182,5.09091,2.45455
958,2015,27.2069,4.17241,1.58621
959,2015,25.6571,6.85714,2.54286
960,2015,22.3649,10.3243,4.91892
961,2015,21.2045,8.40909,0.954545
967,2015,0.0384615,0,0
968,2015,0.05,0,0
969,2015,0,0,0
970,2015,25.4677,8.72581,4.33871
971,2015,23.4634,5.17073,2.68293
972,2015,27.8857,9,3
973,2015,24.9692,7.2,4.29231
974,2015,24.3846,6.05128,5.69231
975,2015,19.125,10.3333,9.08333
976,2015,23.1818,12.7273,2.95455
977,2015,19.8125,11.0625,3.625
978,2015,17.8679,10.6604,6
979,2015,21.0625,9.25,3.5
980,2015,23.9273,6.4,4.6
981,2015,23.2821,7.30769,4.05128
982,2015,19.7463,7.14925,4.29851
983,2015,22.3971,7.30882,2.69118
984,2015,25.2222,8.07407,2.77778
985,2015,23.5821,7.74627,2.32836
986,2015,24.5439,7.85965,4.12281
988,2015,22.3556,6.26667,9.75556
989,2015,20.9,9.6,6.76667
990,2015,30,11.3125,10.4375
991,2015,25.6719,9.21875,10.4062
992,2015,31.6875,12.3125,10.4375
993,2015,20.9429,9.57143,9.14286
994,2015,21.3333,7.33333,10.3333
995,2015,7.17544,1.01754,0.263158
996,2015,7.03529,1.22353,0.376471
997,2015,12.1818,4.19481,4.19481
998,2015,6.93333,0.866667,0.6
999,2015,5.81818,0.272727,0.545455
006,2016,0,0,0
007,2016,0,0,0
008,2016,0,0,0
009,2016,0,0,0
010,2016,10.2581,2,0
011,2016,10,2,0
012,2016,9.40625,2,0
013,2016,10.5667,2,0
014,2016,11,2,0
015,2016,10.0222,2,0
016,2016,10.3636,2,0
017,2016,10.2593,2,0
018,2016,10.7188,2.03125,0
019,2016,9.96875,2.21875,0
020,2016,9.80769,2,0
021,2016,9.96226,2,0
022,2016,10,2,0
023,2016,10.25,2,0
024,2016,9.96296,2,0
025,2016,13.32,2.12,0
026,2016,14.2857,2.71429,0
027,2016,10.3333,2,0
028,2016,9.44444,2,0
029,2016,9.61111,2,0
030,2016,10.7941,2.20588,0
031,2016,11.1429,2.28571,0
032,2016,9.56897,2.13793,0
033,2016,8.5,2.75,0
034,2016,10.76,1.64,0
035,2016,8.95,2.35,0
036,2016,12,1.375,0
037,2016,10.0417,1.875,0
038,2016,9.1194,2.79104,0
039,2016,9,3,0
040,2016,8.91935,3.6129,0
041,2016,9.55556,4,0
042,2016,9.45833,3.16667,0
043,2016,10.7143,3,0
044,2016,9.87879,2.65152,0
045,2016,11.3448,3,0
046,2016,12.4407,2.0678,0
047,2016,10.0256,1.53846,0
048,2016,12.3333,3,0
049,2016,9.15625,2.85938,0
050,2016,10,1.87755,0
051,2016,10.9375,1.6875,0
052,2016,10.9091,1.90909,0
053,2016,11,2,0
054,2016,11.2083,1.02083,0
056,2016,10,1.78788,0
057,2016,10.15,1.175,0
058,2016,9.875,2.05,0
059,2016,9,2.57143,0
060,2016,8.91803,2,0
061,2016,9,2,0
062,2016,8.84848,2,0
063,2016,9,2,0
064,2016,9.09259,2,0
065,2016,9.08333,2,0
066,2016,10,2,0
067,2016,9.02632,2,0
068,2016,9.4,2,0
069,2016,9.83333,2,0
070,2016,9.07595,0.455696,0
071,2016,9,1,0
072,2016,8.14286,0.714286,0
073,2016,9.85714,1,0
074,2016,8.78378,0.459459,0
075,2016,9,1,0
076,2016,9.10256,1.20513,0
077,2016,10.122,0.268293,0
078,2016,8.28889,0.133333,0
079,2016,8.86207,0,0
080,2016,10.2184,0.0229885,0
081,2016,10,0,0
082,2016,12.2414,0.137931,0
083,2016,11.0303,0,0
084,2016,12.75,0,0
085,2016,9,0,0
086,2016,9.2,0,0
087,2016,10.84,0,0
088,2016,7.94444,0,0
089,2016,7.33333,0,0
100,2016,9.38095,1.04762,0
101,2016,9.72727,1,0
102,2016,10,1,0
103,2016,9,0.846154,0
104,2016,8.32,1.92,0
105,2016,8.69841,2,0
106,2016,9,2,0
107,2016,9,2,0
108,2016,8.5,2,0
109,2016,7.9661,1.27119,0
110,2016,8.07143,1.92857,0
111,2016,8.85714,1,0
112,2016,9.47368,1,0
113,2016,8.03846,1.73077,0
114,2016,8.03846,1.80769,0
115,2016,8.625,1.925,0
116,2016,10.2,1,0
117,2016,9.85714,2,0
118,2016,9,2,0
119,2016,10.6591,2,0
120,2016,11.1515,1.12121,0
121,2016,11,1.10294,0
122,2016,12,1,0
123,2016,12,1,0
124,2016,8.5,1.04878,0
125,2016,7.90476,1.85714,0
126,2016,8,2,0
127,2016,8.22034,0.0169492,0
128,2016,11.5385,1,0
129,2016,10.8056,0.958333,0
130,2016,11.4,0,0
131,2016,11.6863,0,0
132,2016,12.1765,0,0
133,2016,11.434,0.641509,0
134,2016,11.7097,0.564516,0
135,2016,12,1,0
136,2016,12.0602,0.795181,0
137,2016,8.17949,0.128205,0
138,2016,8.80488,0.0731707,0
139,2016,8.2,0,0
140,2016,12.2623,0,0
141,2016,12.3143,0,0
142,2016,12.2414,0,0
143,2016,13,0,0
144,2016,12.0889,0,0
145,2016,11.9643,0,0
146,2016,13,0,0
147,2016,10.1613,0,0
148,2016,10.6757,0,0
149,2016,10.5,0,0
150,2016,9.04225,0,0
151,2016,9.32143,0,0
152,2016,9.69767,0,0
153,2016,7.29091,0,0
154,2016,6.98571,0,0
155,2016,6.72973,0,0
156,2016,8.84722,0,0
157,2016,7.93651,0,0
158,2016,7.06667,0,0
159,2016,7.25581,0,0
160,2016,8.48571,0,0
161,2016,7.71429,0,0
162,2016,8.12821,0,0
163,2016,7.83721,0,0
164,2016,9.84848,0,0
165,2016,12.9286,0,0
166,2016,6.74627,0,0
167,2016,9,0,0
168,2016,4.87273,0,0
169,2016,7.65625,0,0
170,2016,7.39535,0,0
171,2016,8.7,0,0
172,2016,7.97959,0,0
173,2016,9.14583,0,0
174,2016,9.42857,0,0
175,2016,9.3617,0,0
176,2016,8.75,0,0
177,2016,5.675,0,0
178,2016,5.44444,0,0
179,2016,6.24444,0,0
180,2016,6.94545,0,0
181,2016,7,0,0
182,2016,5.69444,0,0
183,2016,7.02778,0.0555556,0
184,2016,7.88235,0,0
185,2016,7.90909,0.181818,0
186,2016,6.86111,0.0277778,0
187,2016,7.25,0,0
188,2016,8.14706,0,0
189,2016,8.20513,0,0
190,2016,9.20588,0,0
191,2016,9.36,0,0
193,2016,8.91176,0,0
194,2016,8.5625,0,0
195,2016,7.30952,0,0
196,2016,7.9,0,0
197,2016,10.7895,0.263158,0
198,2016,10.6,0,0
199,2016,10.5641,0,0
200,2016,9.07407,0,0
201,2016,9.17778,0,0
202,2016,9,0,0
203,2016,9.2,0,0
204,2016,9.16667,0,0
205,2016,9.08333,0,0
206,2016,8.72131,0,0
207,2016,9.92453,0,0
208,2016,9.325,0,0
209,2016,10,0,0
210,2016,10.2083,0,0
211,2016,9.76667,0,0
212,2016,10.6047,0,0
214,2016,11,0,0
215,2016,6,0,0
216,2016,10.4655,0.12069,0
217,2016,8.64286,0,0
218,2016,8.64865,0,0
219,2016,10.2667,0.333333,0
220,2016,9.15789,0,0
221,2016,8.6875,0,0
222,2016,9.27273,0,0
223,2016,8.42857,0,0
224,2016,7.29167,0,0
225,2016,6.88,0,0
226,2016,7.24138,0,0
227,2016,7.82857,0.0285714,0
228,2016,5.64286,0.464286,0
229,2016,7.35,0.025,0
230,2016,7.29167,0.0416667,0
231,2016,7.73333,0.0666667,0
232,2016,9.21739,0,0
233,2016,8.13793,0.758621,0
234,2016,8.26667,0.8,0
235,2016,7.5,1.07143,0
236,2016,7.33333,1,0
237,2016,8,1,0
238,2016,7.29091,0.781818,0
239,2016,7.30556,0.888889,0
240,2016,5,0.930233,0
241,2016,4.775,0.95,0
242,2016,7.47727,0.931818,0
243,2016,4.425,1,0
244,2016,5.86047,0,0
245,2016,6.64286,0.625,0
246,2016,5.92,1,0
247,2016,4.52941,1,0
248,2016,6.18182,0.763636,0
249,2016,4.05714,0.0571429,0
250,2016,8.28,0,0
251,2016,8.48077,0,0
252,2016,8.975,0,0
253,2016,9.42857,0,0
254,2016,7.83333,0,0
255,2016,10.725,0,0
256,2016,10.6047,0.139535,0
257,2016,10.8333,0,0
258,2016,5.65909,0.0909091,0
259,2016,4.86486,0.135135,0
260,2016,9.04167,0,0
261,2016,8.9697,0,0
262,2016,4.67308,0,0
263,2016,7.3871,0,0
264,2016,7.41379,0,0
265,2016,6.35135,0,0
266,2016,5.75,0,0
267,2016,5.95652,0,0
268,2016,5.29167,0.0833333,0
270,2016,6.67647,0.941176,0
271,2016,7.22222,1,0
272,2016,9.59091,0.818182,0
273,2016,8.80556,0.805556,0
274,2016,8.27273,1,0
275,2016,9.72222,0.972222,0
276,2016,9.70588,1,0
277,2016,11.6667,1,0
278,2016,9.87952,1.09639,0
279,2016,9.94828,1.31034,0
280,2016,12.5102,0.122449,0.306122
281,2016,11.5814,0.0465116,0.0697674
282,2016,11.931,0,0
283,2016,12.7532,0.0519481,0
284,2016,12.7091,0.0909091,0
285,2016,12.4355,1,0
286,2016,8.40506,0.481013,0.0886076
287,2016,10.4267,0.12,0.0266667
288,2016,9,0,0
289,2016,7,1.16667,0
290,2016,12.9796,0,0
291,2016,12.9787,0,0
292,2016,14.2308,0,0
293,2016,13.8222,0.2,0
294,2016,13.9474,0,0
295,2016,12.7544,0,0
296,2016,13.9231,0.615385,0.0461538
297,2016,12.96,0,0
298,2016,13.1714,0.114286,0
299,2016,14.5161,0,0
300,2016,11.1452,1.22581,0
301,2016,9.85965,1.12281,0.0175439
302,2016,10.0179,1,0
303,2016,10.775,1.275,0
304,2016,12.6279,0.139535,0
305,2016,11.2063,1,0.174603
306,2016,12.2045,0.181818,0
307,2016,11.2188,1.03125,0
308,2016,12.6818,0.181818,0
309,2016,13.1429,0,0
310,2016,8.7619,0.77381,0
312,2016,10.3,1,0
313,2016,14.25,0.0416667,0
314,2016,14.9167,0,0
315,2016,11.5532,1,0
316,2016,7.80645,1,0
317,2016,7.82692,1.09615,0
318,2016,7.07407,1,0
319,2016,9,1,0
320,2016,9.13043,1.04348,0
321,2016,9.46667,1,0
322,2016,12.7838,1,0
323,2016,7.18605,0.767442,0
324,2016,6.72093,0,0
325,2016,8.82927,0,0
326,2016,6.18605,1,0
327,2016,7.88636,1,0
328,2016,7.64706,1,0
329,2016,4.20588,1,0
330,2016,2.54902,1,0
331,2016,1.84127,1,0
333,2016,2.85714,1,0
334,2016,3.22807,1,0
335,2016,4.27273,1,0
336,2016,5,1,0
337,2016,5.61538,1,0
338,2016,4.03846,1,0
339,2016,2.30612,1,0
341,2016,2.29167,1.08333,0
342,2016,3.54167,1,0
344,2016,5.47059,1,0
346,2016,4.93939,1,0
347,2016,4.71875,1,0
349,2016,2.90909,1,0
350,2016,10.0351,0.0175439,0
351,2016,9.7619,0,0
352,2016,10.1613,0.0967742,0
354,2016,7.85294,0,0
355,2016,9.7561,0.0487805,0
356,2016,9.59459,0,0
357,2016,10.9375,0.03125,0
358,2016,11.9091,0,0
359,2016,11.4103,0.307692,0
360,2016,7.21053,0.22807,0
361,2016,7.75,0,0
362,2016,9.64286,0.5,0
363,2016,4.20588,0.647059,0
364,2016,8.9375,0.03125,0
365,2016,10.1,0.1,0
366,2016,10.5714,0,0
367,2016,8.93182,0,0
368,2016,6.96296,1,0
369,2016,10.8462,0,0
370,2016,9.4375,0.390625,0
371,2016,9.42553,0.531915,0
372,2016,7.6087,0.782609,0
373,2016,9.41558,0.857143,0
374,2016,13,1,0
376,2016,8.48485,0.424242,0
377,2016,9.52083,0.625,0
378,2016,9.2931,0.396552,0
379,2016,10.9474,0.842105,0
380,2016,14.96,0,0
381,2016,17.5806,0,0
382,2016,14.8929,0,0
383,2016,10.9508,0.0163934,0
384,2016,10.0588,0,0
385,2016,8.53191,1,0
386,2016,13.8491,0.188679,0
387,2016,16.175,1.025,0
388,2016,8.82927,0,0
389,2016,10.2703,0.621622,0
390,2016,8.88889,0.527778,0
391,2016,9.32558,0.348837,0
392,2016,8.52941,0.352941,0
393,2016,8.6,0.175,0
394,2016,9.63889,0,0
395,2016,9.92857,0,0
396,2016,10.5385,0,0
397,2016,8.5,0.0333333,0
398,2016,5.67742,0.580645,0
400,2016,15.0408,1.12245,0
401,2016,15.5806,1,0
402,2016,15.7941,1,0
403,2016,11.7,0.9,0
404,2016,8.4,1.76,0
405,2016,13.4375,1,0
406,2016,15,1,0
407,2016,7.63636,1.72727,0
408,2016,8.48649,1.18919,0
409,2016,9.66667,0.933333,0
410,2016,14.0566,1.71698,0
411,2016,10.963,0.0740741,0
412,2016,11.7241,0,0
413,2016,10.2632,0.789474,0
414,2016,10.1667,0.5,0
415,2016,9.81579,1.02632,0
416,2016,11.1765,0.941176,0
417,2016,10.7273,1.06061,0
418,2016,11.1212,1.06061,0
420,2016,18.3958,0,0
421,2016,8.21429,1,0
422,2016,11.6,0.533333,0
423,2016,14.275,1,0
424,2016,16.1071,0.107143,0
425,2016,6.64286,1.42857,0
426,2016,7.5,1,0
427,2016,11.4412,1,0
430,2016,12.3871,0.467742,0
431,2016,10.7391,0.347826,0
432,2016,12.6,0.733333,0
433,2016,13.625,0.875,0
434,2016,14.4884,2.09302,0
435,2016,18.2453,3.11321,0
436,2016,16.4706,3.88235,0
437,2016,9.32143,0,0
438,2016,10.5882,0,0
439,2016,10.3273,0,0
440,2016,11.1228,0.333333,0
441,2016,12.3125,0.770833,0
442,2016,10.9091,0.113636,0
443,2016,10.8889,0,0
444,2016,9.88462,0,0
445,2016,9.53846,0,0
446,2016,10.5972,0,0
447,2016,9.64286,0,0
448,2016,13.2143,0.803571,0
449,2016,13,0,0
450,2016,13.8788,2,0
451,2016,12.4167,1.3125,0
452,2016,14.4348,2,0
453,2016,14.0909,1.61039,0
454,2016,13.9667,1.86667,0
455,2016,13,1,0
456,2016,10.7812,0.109375,0
457,2016,8.2766,0,0
458,2016,16.5,1.47561,0
460,2016,20.4318,2.04545,0
461,2016,19.7258,1.93548,0
462,2016,20.4737,2,0
463,2016,23.9111,4.28889,0
464,2016,23.6667,5.55556,0
465,2016,20.1458,3.66667,0
466,2016,22.3636,3.09091,0
467,2016,18.7903,2.8871,0
468,2016,19.8125,2,0
469,2016,21.4516,2.1129,0
470,2016,15.3448,2,0
471,2016,15.6444,1.02222,0
472,2016,15.8788,1.84848,0
473,2016,17.5763,2,0
474,2016,20,1.02326,0
475,2016,18.3654,1,0
476,2016,18.3077,0.846154,0
477,2016,18,1,0
478,2016,22.8776,1.18367,0
479,2016,23.5846,2.50769,0
480,2016,18.8696,3.52174,0
481,2016,16.7429,4,0
482,2016,17.0513,3.64103,0
483,2016,18.7843,3.86275,0
484,2016,23.4576,2.67797,0
485,2016,25.4,2.3,0
486,2016,29.1373,2.11765,0
487,2016,29.4,1.92,0
488,2016,23.8608,3.43038,0
489,2016,20.2857,5,0
490,2016,20.0759,4.01266,0
491,2016,22.95,3.1,0
492,2016,18.6552,4.41379,0
493,2016,25.9286,3.57143,0
494,2016,25.8,4.1,0
495,2016,24.7143,2.92857,0
496,2016,29.4925,5.83582,0
497,2016,30.3788,5.37879,0
498,2016,30.3538,6.18462,0.0153846
499,2016,32.5435,5.34783,0.630435
500,2016,41.7619,3.11111,0
501,2016,40.8261,2.88406,0
502,2016,41.1875,2.95312,0
503,2016,44.0588,3,0
504,2016,39.6727,4.94545,0.0363636
505,2016,42.2973,5.06757,0
506,2016,39.6765,3.20588,0
507,2016,38.75,3,0
508,2016,43.2143,2.17857,0
510,2016,42.8182,3.89091,0
511,2016,43.875,2.875,0
512,2016,43,3.85,0
513,2016,43.6522,5.47826,0
514,2016,44.2188,3.46875,0
515,2016,44.7037,3.33333,0
516,2016,45.6,2.45,0
520,2016,36.8182,4.06818,0
521,2016,38.5312,3.46875,0.25
522,2016,41.0638,3.2766,0
523,2016,40.9245,3.30189,0
524,2016,41.8333,4,0
525,2016,38.74,2.1,0
526,2016,38.9412,1.79412,0
527,2016,40.7045,3.31818,0
528,2016,41,4,0
530,2016,28.6667,4.44,0
531,2016,30.0182,4.34545,0
532,2016,30.7333,3.8,0
534,2016,29,4,0
535,2016,31.5185,4.97531,0.135802
537,2016,30.5714,6,0
538,2016,36.4286,4,0.047619
539,2016,28.7292,4.5625,0
540,2016,39.25,5.25,0.5
541,2016,29.6481,5.64815,0
542,2016,31.8148,5.96296,0
543,2016,31.1429,6.71429,0
544,2016,31.2857,5.09091,0
545,2016,31.8667,3.73333,0.222222
546,2016,32.9245,3.86792,0.264151
547,2016,36.6939,3.77551,0
548,2016,36.3871,3.37097,0.887097
549,2016,28.3214,5.71429,0
550,2016,41.1014,4.46377,0.855072
551,2016,41.25,4.84375,1
553,2016,45.3023,4.22093,1.47674
554,2016,43.7451,4.39216,1.13725
556,2016,33.0769,4.38462,1
557,2016,37.058,6.13043,1.01449
558,2016,35.7273,6.63636,1
559,2016,37.8592,3.16901,0.915493
560,2016,43.7465,4.6338,0.591549
561,2016,47.2121,5.07576,0
562,2016,48.9459,5.59459,0.905405
563,2016,45.7,4.5,1.35714
564,2016,40.0769,5.84615,1
565,2016,40.1408,7.11268,1.56338
566,2016,30.5625,7.3125,1.375
567,2016,32.875,10,1.1
570,2016,44.1449,4.11594,0
571,2016,44.8889,4,0
572,2016,45.3214,6.14286,0.160714
573,2016,37.2,5.13333,0.0166667
574,2016,38.6122,8.06122,0.387755
575,2016,31.2791,6.16279,0.372093
576,2016,32.9062,7.90625,1.625
577,2016,28,5.24561,0.736842
580,2016,39.3833,7.51667,2.05
581,2016,40.75,7.25,1.75
582,2016,37.4655,9.72414,1.62069
583,2016,39.26,8.88,3.04
584,2016,36.2097,8.24194,2.45161
585,2016,34.3778,8.62222,2.64444
586,2016,32.8065,6.74194,1.87097
587,2016,37.1746,7.2381,3.61905
588,2016,35.9333,3.13333,4.33333
590,2016,16.6111,3.90278,1.375
591,2016,15.75,5,1.75
592,2016,31.561,4.39024,2.90244
593,2016,24.7,6.4,1.86667
594,2016,20.0164,1.39344,0.180328
595,2016,21.6087,2.47826,0.521739
596,2016,15.0526,2.05263,0.157895
597,2016,12.0952,2.28571,0.0238095
598,2016,13.26,0.84,0.16
599,2016,12.1852,0.814815,0.111111
600,2016,27.4462,5.64615,0
601,2016,27.0972,5.95833,0
602,2016,26.25,6,0
603,2016,27,6,0
604,2016,27.557,5.40506,0
605,2016,28.4107,5.33929,0
606,2016,26.0357,6,0
607,2016,26.5,6,0
608,2016,26,6,0
609,2016,29.5357,3.23214,0
610,2016,32.0455,5.10606,0
611,2016,28.1818,5.72727,0
612,2016,40.2955,3.63636,0
613,2016,37.4355,3.25806,0
614,2016,38.4247,2.26027,0
615,2016,37.2826,2.3913,0
616,2016,37.5,2.58333,0
617,2016,34.2264,2.37736,0
618,2016,29.7931,2.91379,0
619,2016,27.8,1.96667,0
620,2016,31.2933,1.04,0
622,2016,26.4324,0.986486,0
623,2016,34.3654,1.55769,0
624,2016,23.6667,1.26667,0
625,2016,33.2941,2.05882,0
626,2016,33.614,2.17544,0
627,2016,31.75,1.75,0
628,2016,21.6279,0.465116,0
629,2016,22.0513,0.025641,0
630,2016,28.9123,0.22807,0
631,2016,27.5,0.869565,0
633,2016,31.9333,0.622222,0
634,2016,33.725,2.225,0
635,2016,37.1212,2.06061,0
636,2016,27.3235,0.0882353,0
637,2016,25.5405,0.162162,0
638,2016,30.2667,0,0
639,2016,28.8276,0.448276,0
640,2016,39.0635,1.31746,0
641,2016,40.4706,1.07843,0
644,2016,40.5286,2.02857,0
645,2016,38.6667,2,0
646,2016,39.3889,2,0
647,2016,35.7826,1.04348,0
648,2016,31.1765,1.41176,0
650,2016,29.7593,1.5,0
651,2016,29.5,2,0
652,2016,35.3043,1.56522,0
653,2016,35.871,1.06452,0
654,2016,27.3214,0.464286,0
655,2016,27.4194,0.354839,0
656,2016,28.3857,0.6,0
657,2016,28.3378,0.459459,0
658,2016,30.7778,0.666667,0
660,2016,39.2059,1.25,0
661,2016,40.5833,1,0
662,2016,39.04,1,0
664,2016,43.1714,1.37143,0.342857
665,2016,43.093,1.5814,0.44186
666,2016,44.3889,1.16667,0
667,2016,39.9412,1.60784,0
668,2016,39.4286,2.17143,0.285714
669,2016,42.9706,0.676471,0.764706
670,2016,35.6379,2.08621,0.396552
671,2016,35.2381,1.88095,0.380952
672,2016,39.0357,2.96429,0.178571
673,2016,41.3704,1.03704,0.555556
674,2016,38.5088,1.98246,0.561404
675,2016,36.6792,2.33962,0.0754717
676,2016,37.0222,2.55556,0.155556
677,2016,30.5357,2.28571,0.964286
678,2016,28.0513,0.871795,0.230769
679,2016,25.3333,1.33333,0
680,2016,43.6364,3.78182,0
681,2016,46.6842,4.05263,0
683,2016,45.0429,1.31429,0.671429
684,2016,44.8571,1.60714,0.535714
685,2016,47.3478,2.17391,0.565217
686,2016,38.6905,3.54762,0
687,2016,38.1644,4.49315,0
688,2016,34.6562,4.28125,0
689,2016,37.2,2.69091,0.163636
690,2016,30.1923,4.23077,0.923077
691,2016,25.6818,4.31818,0.113636
692,2016,27.6364,4.81818,0
693,2016,25.0345,2.44828,0
700,2016,11.5111,1.11111,0
701,2016,10.9545,0.954545,0
703,2016,13.5588,1.79412,0
704,2016,11.5897,0.025641,0
705,2016,18.918,1.57377,0
706,2016,21.0256,1.20513,0
707,2016,13.4483,0.534483,0
708,2016,15.0476,0.952381,0
710,2016,17.4151,0.415094,0
711,2016,21,1,0
712,2016,13.4902,0.0784314,0
713,2016,13.8571,0.0714286,0
714,2016,17.9153,0.0338983,0.0338983
716,2016,17.8857,0.857143,0
717,2016,19.0345,0.275862,0
718,2016,22.8286,0,0
719,2016,22.8919,0.594595,0.027027
720,2016,26.8933,1.04,0
721,2016,26.6,1.05,0
722,2016,26,1,0
723,2016,27.3621,0.310345,0
724,2016,35.7667,0.15,0
725,2016,27.2545,0.218182,0
726,2016,24.4082,1,0
727,2016,25.825,1.425,0
728,2016,23.0857,1.51429,0
729,2016,26.0571,1.02857,0
730,2016,25.6471,0.552941,0
731,2016,29.3953,1.06977,0
734,2016,21.8182,0.333333,0
735,2016,19.7917,0.354167,0
736,2016,22.6364,1.24242,0
737,2016,32.2041,1.46939,0.0204082
738,2016,25.3158,0.947368,0
739,2016,21.375,0.75,0
740,2016,31.9701,0.537313,0.134328
741,2016,34.7931,0.793103,0
743,2016,30.8667,1.63333,0
744,2016,29.7907,0.0930233,0
745,2016,25.2821,0.487179,0
746,2016,30.1667,2.05556,0
747,2016,22.5882,0.823529,0.0294118
748,2016,25.1064,0.12766,0
749,2016,26.6562,0.5625,0
750,2016,18.7742,0.0967742,0
751,2016,18.3846,0,0
752,2016,17.18,0,0
753,2016,18,0,0
754,2016,21.0946,0.27027,0
755,2016,22.5833,0,0
756,2016,21.2,0.466667,0
757,2016,21.85,0.05,0
758,2016,22.6429,0.0357143,0
759,2016,22.8182,0.363636,0
760,2016,17.3167,0,0
761,2016,18.3889,0,0
762,2016,21.5476,0.142857,0
763,2016,19.8214,0.0357143,0
764,2016,15.3958,0,0
765,2016,17.7234,0,0
766,2016,16.9107,0,0
767,2016,18.9,0,0
768,2016,11.9583,0,0
769,2016,11.88,0,0
770,2016,28.3229,1.89583,0
772,2016,29,2,0
773,2016,27.2857,1.07143,0
774,2016,27.8732,1.38028,0
775,2016,25.9483,2.05172,0
776,2016,26.3333,1.26667,0
777,2016,25.75,1,0
778,2016,24,0.0555556,0
779,2016,25.4412,1.82353,0
780,2016,16.5179,0.5,0
781,2016,21,1,0
782,2016,17.8197,1,0
783,2016,24.7727,1.52273,0
784,2016,28.4444,2,0
785,2016,25.8852,2.40984,0
786,2016,17.8281,0.375,0
787,2016,19.5227,0.431818,0
788,2016,13.5,0,0
789,2016,22.16,1,0
790,2016,16.5616,0.479452,0
791,2016,19.6429,0,0
792,2016,15.9677,0.129032,0
793,2016,11.0426,0.0851064,0
794,2016,13.1333,0,0
795,2016,14.5532,0,0
796,2016,15.7143,0,0
797,2016,9.32,0,0
798,2016,4,0.190476,0
799,2016,6.12,1,0
800,2016,20.1481,2.66667,0.592593
801,2016,18.5143,3.11429,0.457143
802,2016,19.7273,2.88636,0.954545
803,2016,21.1667,1.83333,1
804,2016,12.0526,0.929825,0.982456
805,2016,21.5625,1.25,1.03125
806,2016,23.5926,1.37037,0.259259
807,2016,25.2727,3.63636,0.0606061
808,2016,19.7949,2.10256,0.128205
809,2016,19.129,3.12903,0.580645
810,2016,15.6923,1.07692,0.5
811,2016,9.13793,0.275862,0
812,2016,8.75862,0.482759,0.37931
813,2016,7.26667,0.466667,0
814,2016,6.43478,0.695652,0
815,2016,9.5,0.357143,0.642857
816,2016,8.14706,0.0882353,0.882353
820,2016,22.3636,2.04545,0.409091
821,2016,8,0,0
822,2016,22.7,2.85,0.05
823,2016,16.0714,2.28571,0.214286
824,2016,17.2727,5.36364,0.909091
825,2016,16.6667,0.444444,1.11111
826,2016,18.1667,3.61111,0.166667
827,2016,21.5,4.125,1.6875
828,2016,18.6154,4.92308,1.61538
829,2016,18.5263,1.31579,0
830,2016,18.3333,1.16667,0.166667
831,2016,21.5,1.38889,0.166667
832,2016,19.1923,1.5,0.230769
833,2016,17.2162,1.62162,1.08108
834,2016,19.9762,3.2381,0.166667
835,2016,14.0741,1.48148,0.037037
836,2016,14.78,1.08,0.22
837,2016,19.9167,1.75,0
838,2016,11.9167,0.883333,0.333333
840,2016,14.1512,0.930233,0.383721
841,2016,18.8148,0.962963,0.814815
843,2016,17.5897,2.12821,0.025641
844,2016,18,0.5,0.5
845,2016,8.5,1.42308,0.115385
846,2016,10,1.46667,0.111111
847,2016,9.33333,2.08696,0.0289855
850,2016,6.56818,2.27273,0.318182
851,2016,3.72,1.76,0.44
852,2016,5.86667,2.33333,0.0222222
853,2016,5.6087,1.56522,0.405797
855,2016,4.04762,1.33333,0.285714
856,2016,4.13333,0,0
857,2016,8.31579,0,0
859,2016,8.19231,1.46154,0.346154
860,2016,7.86111,1.16667,0
863,2016,6.52,1.24,0.04
864,2016,6.78261,1.73913,0
865,2016,8.95,0.9,0.05
870,2016,7.73684,0.245614,0.122807
871,2016,8.40909,0.0909091,0
873,2016,9.65217,0.826087,0
874,2016,7.86667,0.466667,0
875,2016,7.55738,0,0.114754
877,2016,5.7,0.0333333,0.133333
878,2016,5.75,1,0
879,2016,5.91667,1.25,0
880,2016,6.06818,0.75,0
881,2016,9.26316,1,0
882,2016,7.69565,0.347826,0
883,2016,6.60606,1,0
884,2016,7.4,0.25,0.2
890,2016,14,1.89362,0.0212766
891,2016,14.8889,2.75556,0
893,2016,13.5556,0,0
894,2016,21.2391,0.934783,0
895,2016,24.3846,2.53846,0
897,2016,26.6,1.2,0
898,2016,14.625,0.375,0.0625
900,2016,27.0294,0.632353,1.26471
902,2016,28.5143,0.571429,0.742857
903,2016,31.6,0,1
904,2016,30.6,0.2,1
905,2016,28.8333,0.666667,0.166667
906,2016,24.5556,1.44444,0.777778
907,2016,25.4545,2.36364,0.0454545
908,2016,25.4286,3,0
910,2016,24.1538,1.69231,1.46154
911,2016,23.5,1.125,2
912,2016,25.3,1,2
913,2016,27.7632,1.39474,0.815789
914,2016,30.875,1.625,1
915,2016,27.4,1,1.8
916,2016,28.7143,1.57143,1
917,2016,23.3913,1.91304,0.478261
918,2016,24.5,1,2
919,2016,17.16,1,0
920,2016,18.1957,1.02174,0
921,2016,19.6977,1.02326,0
922,2016,11.2708,1,0
923,2016,19.2063,2.53968,0.492063
924,2016,21.25,3.25,0
925,2016,19.7,1.525,0.225
926,2016,22.0465,2.4186,0.0930233
927,2016,23.6667,3,0
928,2016,23.8485,1.84848,0.030303
930,2016,22.7917,2.29167,0.375
931,2016,23.5556,2.88889,1.11111
932,2016,29.5692,4.73846,0.753846
933,2016,29.6364,3.27273,0
934,2016,25.8421,3.34211,0.973684
935,2016,21.5714,1.47619,0.357143
936,2016,34.8644,7.16949,0.135593
937,2016,38.9,11.8,0
939,2016,19.44,6.2,4.24
940,2016,24.5588,2.61765,1.17647
941,2016,25.9655,2,0.62069
943,2016,26,3,2
944,2016,26,3,1
945,2016,26.6265,3.18072,0.542169
946,2016,27,2.4,1
947,2016,28,2,1
948,2016,27.4,1.6,1
949,2016,24.1389,0.777778,0
950,2016,23.4359,4.76923,3.58974
951,2016,25.4138,4.93103,3.34483
952,2016,30.1707,6.2439,0.219512
953,2016,30.7714,7.42857,0.214286
954,2016,20.5735,0.25,0.0735294
955,2016,13.5745,1.59574,0
956,2016,31.1494,3.14943,0
957,2016,32.4091,2.95455,0.227273
958,2016,34.4828,4.44828,0
959,2016,30.4429,0.914286,0.0285714
960,2016,20.027,1.75676,0.405405
961,2016,23.9318,0.840909,0
967,2016,0.025641,0,0
968,2016,0,0,0
969,2016,0,0,0
970,2016,7.40323,0.241935,0.435484
971,2016,6.60976,0.0731707,0.0243902
972,2016,8.71429,0.114286,0.571429
973,2016,5.61538,0.107692,0.430769
974,2016,7.32051,0,0.205128
975,2016,9.79167,0.583333,0.625
976,2016,12.3636,0.409091,0.272727
977,2016,8.53125,0.34375,0
978,2016,9.09434,0.150943,0.132075
979,2016,8.3125,1.0625,0.5625
980,2016,9.58182,0.6,0
981,2016,8.64103,1.02564,0
982,2016,8.44776,0.0597015,0
983,2016,7.48529,0.720588,0
984,2016,7.40741,1.11111,0
985,2016,7.70149,0.298507,0.149254
986,2016,7.57895,0.54386,0.0701754
988,2016,10.3111,0.488889,0.133333
989,2016,10.9667,1.23333,0
990,2016,11.2188,0.75,0.4375
991,2016,10.9219,0.15625,0.171875
992,2016,11.9375,0.25,0.6875
993,2016,9.2,0.714286,0.257143
994,2016,12,0,0
995,2016,5.89474,0.210526,0
996,2016,7.04706,0.223529,0
997,2016,7.25974,0.597403,0
998,2016,3.06667,0,0
999,2016,2,0,0
006,2017,0,0,0
007,2017,0,0,0
008,2017,0,0,0
009,2017,0,0,0
010,2017,26.1129,2.74194,0
011,2017,26,2.76923,0
012,2017,27.7188,2.125,0
013,2017,26.0333,3.53333,0
014,2017,24.1429,4,0
015,2017,25.9778,2.08889,0
016,2017,26.2727,2,0
017,2017,26.2963,2,0
018,2017,24.6875,4.28125,0
019,2017,25.5938,3.84375,0.4375
020,2017,27,2,0
021,2017,27.0189,2,0
022,2017,27,2,0
023,2017,26.3214,2,0
024,2017,27,2,0
025,2017,23.68,1.96,0
026,2017,24.9429,2.11429,0
027,2017,24.8333,2,0
028,2017,24.3016,2,0
029,2017,24.9444,2,0
030,2017,22.8824,5.70588,0
031,2017,22.2857,7,0
032,2017,23.6897,6.56897,0.0172414
033,2017,22,7,0
034,2017,23.96,4.72,0
035,2017,24.7,5.75,0
036,2017,23.25,5.125,0
037,2017,24.1667,6.125,0
038,2017,24.9701,6.1791,0.447761
039,2017,25.9091,6,1
040,2017,24.3226,5.85484,0.870968
041,2017,24.2222,5.77778,1
042,2017,26.0833,5.89583,0.5
043,2017,25.4762,6,1
044,2017,22.0303,6.69697,1.10606
045,2017,25.3793,5.17241,1
046,2017,21.2881,6.61017,0.694915
047,2017,18.6667,9.35897,1.10256
048,2017,24.7222,5.33333,1
049,2017,24.3438,6.57812,0.734375
050,2017,24.7551,5.97959,0
051,2017,24.3125,5.5,0
052,2017,26.1818,3.36364,0.181818
053,2017,25.9524,3.7619,0
054,2017,26.7083,7.22917,0
056,2017,27.1818,6,0
057,2017,24.5,5,0.175
058,2017,27.775,6,0
059,2017,26.7143,6,0
060,2017,26.2951,2.09836,0
061,2017,26.7143,2,0
062,2017,25.697,2,0
063,2017,23.6389,2,0
064,2017,23.963,2,0
065,2017,24,2,0
066,2017,24,2,0
067,2017,25.4474,1.86842,0
068,2017,23.44,1.44,0
069,2017,23.5,1.33333,0
070,2017,21.8228,1,0
071,2017,21.9167,1,0
072,2017,21.5714,1,0
073,2017,21.2857,1,0
074,2017,23.8108,1.05405,0
075,2017,22.75,1,0
076,2017,23.1795,1,0
077,2017,19.7805,2,0
078,2017,23.4444,1.15556,0
079,2017,22.4138,1,0
080,2017,20.1034,1.01149,0
081,2017,21,1,0
082,2017,20.2414,1.03448,0
083,2017,18.9091,1,0
084,2017,22.25,1,0
085,2017,20,1.19355,0
086,2017,20.4,1,0
087,2017,20.16,1.88,0
088,2017,20.9074,0.944444,0
089,2017,19.6667,1,0
100,2017,21.6667,1,0
101,2017,21.1364,1,0
102,2017,21,1,0
103,2017,20.5385,1,0
104,2017,22.72,1,0
105,2017,23.8413,1,0
106,2017,24,1,0
107,2017,23.1111,1,0
108,2017,22.75,1,0
109,2017,24.7458,1.32203,0
110,2017,21.5,2,0
111,2017,21.4286,1,0
112,2017,20.4737,1.28947,0
113,2017,21.0769,1.5,0
114,2017,21.2308,2,0
115,2017,21.925,2,0
116,2017,21,2,0
117,2017,22,2,0
118,2017,22,2,0
119,2017,22,2,0
120,2017,28.4545,2.18182,1.10606
121,2017,28.4853,2.23529,1.11765
122,2017,28.0833,2.75,1
123,2017,28.75,2.625,1
124,2017,29.5732,1.63415,0.54878
125,2017,27.5079,1.8254,0
126,2017,27.6667,2,0
127,2017,29.5932,2.01695,0.355932
128,2017,25.5846,4.66154,0.984615
129,2017,25.3333,8.5,0.291667
130,2017,31.62,3.44,2.34
131,2017,32.1176,3.35294,2.31373
132,2017,32,3,2.76471
133,2017,28.8679,4.0566,2.22642
134,2017,29.2419,3.56452,2.35484
135,2017,29,3,3
136,2017,29.6627,8.51807,1.6506
137,2017,29.9744,3.17949,1.84615
138,2017,30.122,3.5122,2
139,2017,30.6,3,2
140,2017,37.4426,2.96721,2.72131
141,2017,37.6286,3.05714,2.6
142,2017,37.931,3.24138,2.44828
143,2017,38,4,2
144,2017,35.2,2.68889,2.73333
145,2017,34.6964,2.94643,2.91071
146,2017,37.36,3.16,2.96
147,2017,35.7097,1.93548,3
148,2017,31.8378,2.60811,2.31081
149,2017,31,3,2
150,2017,29.9296,0.690141,2.98592
151,2017,29,0.857143,3
152,2017,30.4186,0.976744,3
153,2017,26.9818,0.509091,2.2
154,2017,24.1571,1.17143,1.42857
155,2017,22.4865,1.35135,1.02703
156,2017,24.8611,0.458333,2.55556
157,2017,25.6825,1.19048,2.60317
158,2017,27.6667,1.03333,2.8
159,2017,23.5814,1.34884,1.81395
160,2017,32.1714,1,3
161,2017,37.4286,1.52381,3
162,2017,29,1,3
163,2017,35.6744,1.25581,3
164,2017,40.6667,1.9697,3
165,2017,42.2857,2,3
166,2017,22.791,1.70149,1.52239
167,2017,30.3636,1,2.95455
168,2017,23.7091,1.94545,2
169,2017,29.6562,1.71875,2.09375
170,2017,22.7209,1.62791,0.476744
171,2017,23.7,1.7,0
172,2017,21.3878,1.71429,0.428571
173,2017,22.2917,1.04167,0
174,2017,22,0.428571,0
175,2017,21.5745,0.553191,0
176,2017,21.75,0.5,0
177,2017,24.125,1.875,2
178,2017,21.9259,1.53704,1.22222
179,2017,22.9778,2.22222,0
180,2017,24.1091,0.436364,0
181,2017,23.5714,0.142857,0
182,2017,23.6111,2.13889,0.0555556
183,2017,25.1667,1.61111,0
184,2017,27.3725,2.19608,0.960784
185,2017,26.5455,2.36364,1
186,2017,25.7778,1.55556,1.27778
187,2017,25.5,2,0.875
188,2017,28.7059,2.23529,2
189,2017,22.3846,0.282051,0
190,2017,21,1,0
191,2017,21,1,0
193,2017,21.0294,1,0
194,2017,21.9062,0.71875,0
195,2017,24.0238,0.452381,0
196,2017,24.1,0,0
197,2017,19.6316,1,0
198,2017,20.4,1,0
199,2017,17.2821,1,0
200,2017,16.8889,1,0
201,2017,17.2222,1,0
202,2017,17,1,0
203,2017,17,1,0
204,2017,17,1,0
205,2017,17,1,0
206,2017,16.3443,1,0
207,2017,16.3962,1,0
208,2017,18.025,1,0
209,2017,17,1,0
210,2017,18.0208,1,0
211,2017,18.7667,1,0
212,2017,18.4186,1,0
214,2017,16,1,0
215,2017,22.3478,1,0.869565
216,2017,16.5172,1,0
217,2017,19.5357,1.25,0
218,2017,18.1622,1,0
219,2017,18.2667,1,0
220,2017,16.6316,1,0
221,2017,16.5,1,0
222,2017,17,1,0
223,2017,16.3571,1,0
224,2017,18,1,0
225,2017,17.96,1,0
226,2017,19.7241,1.06897,0
227,2017,19.7714,1,0
228,2017,18.5714,1.07143,0
229,2017,19.525,0.975,0
230,2017,16.5417,0.75,0
231,2017,16.5333,0.644444,0
232,2017,18,0.695652,0
233,2017,14.3793,0.586207,0
234,2017,13.8222,0.511111,0
235,2017,12.7143,0,0
236,2017,12.4167,0,0
237,2017,13,0,0
238,2017,12.6727,0,0
239,2017,15.5,0.111111,0
240,2017,15.814,0.0465116,0
241,2017,15.425,0.2,0
242,2017,12.9545,1,0
243,2017,13.45,0.425,0
244,2017,16.8605,1.04651,0
245,2017,15.8214,0.107143,0
246,2017,12.84,1,0
247,2017,13.1176,1,0
248,2017,12.8545,1,0
249,2017,15.6,1.28571,0
250,2017,16.36,0.38,0.68
251,2017,16.8077,0.461538,0.769231
252,2017,19.525,0.8,0.925
253,2017,16.3571,0.642857,1
254,2017,20.0417,1.58333,0
255,2017,17.95,0.1,1
256,2017,14.8837,0.395349,0.395349
257,2017,19.8333,0,1
258,2017,14.5455,1,0
259,2017,14.4865,1.02703,0
260,2017,30.6667,0.208333,2.75
261,2017,23.7273,1.0303,1
262,2017,18.7308,1.34615,0.326923
263,2017,23.5484,1,1
264,2017,23.6552,1,1
265,2017,24.5676,1.10811,1
266,2017,17.9643,1.28571,0.5
267,2017,21.7826,1.3913,0.391304
268,2017,18.5417,1.91667,0
270,2017,15.4118,0,0
271,2017,15.4444,0,0
272,2017,13.5,0.659091,0
273,2017,12.9167,0.666667,0
274,2017,13.1818,0.363636,0
275,2017,12.5556,0.763889,0
276,2017,15,1,0
277,2017,13.3333,1,0
278,2017,11.759,0,0
279,2017,11.1897,0.0344828,0
280,2017,12.4286,0.285714,0
281,2017,11.0465,0.55814,0
282,2017,13.8621,0.137931,0
283,2017,10.9481,0.792208,0
284,2017,10.1091,0.0545455,0
285,2017,11.4032,0,0
286,2017,13.8228,0.0126582,0
287,2017,9.33333,0.213333,0
288,2017,9.8,0,0
289,2017,8.83333,0.166667,0
290,2017,5.55102,0.938776,0
291,2017,5.06383,0.893617,0
292,2017,5,1,0
293,2017,8.04444,0.0444444,0
294,2017,8.45614,0.508772,0
295,2017,6.92982,0.684211,0
296,2017,7.56923,0,0
297,2017,8.56,0.44,0
298,2017,5.94286,0.771429,0
299,2017,6.22581,1.41935,0
300,2017,6.41935,0,0
301,2017,6.87719,0,0
302,2017,6.125,0,0
303,2017,6.25,0,0
304,2017,6.13953,1.39535,0
305,2017,7.57143,0,0
306,2017,6.95455,0,0
307,2017,10.0625,0.625,0
308,2017,4.81818,0.863636,0
309,2017,5.85714,1,0
310,2017,4.67857,0.75,0
312,2017,7.2,0.7,0
313,2017,5.5,1.95833,0
314,2017,10.4167,1.83333,0
315,2017,5.12766,1.85106,0
316,2017,7.06452,2.16129,0
317,2017,6.78846,1.17308,0
318,2017,5.48148,0.259259,0
319,2017,6.71429,0,0
320,2017,4.73913,1.08696,0.304348
321,2017,7.28889,0.133333,0
322,2017,8.45946,1.89189,1.45946
323,2017,10.5814,1.97674,0
324,2017,7.76744,1.88372,0.0232558
325,2017,8.68293,1.82927,0
326,2017,6.44186,0.674419,0
327,2017,6.63636,0.0454545,0
328,2017,7.88235,0.0588235,0
329,2017,9.14706,0.264706,0
330,2017,8.58824,0.215686,0
331,2017,7.65079,0,0
333,2017,9.82143,0.535714,0
334,2017,10.7544,0.140351,0
335,2017,8.36364,0,0
336,2017,11.0741,0,0
337,2017,14.1795,0,0
338,2017,6.92308,0.134615,0
339,2017,6.81633,0,0.0408163
341,2017,7.875,0.166667,0.375
342,2017,8.10417,0,0
344,2017,5.38235,0,0
346,2017,12.0606,0,0
347,2017,6.15625,0,0
349,2017,8.63636,0.772727,0
350,2017,9.05263,0.368421,0
351,2017,7.85714,0.166667,0
352,2017,8.93548,0,0
354,2017,9.38235,0.0588235,0
355,2017,12.9756,1,0
356,2017,15.8649,1.16216,0
357,2017,14.125,1,0
358,2017,15.0909,1,0
359,2017,9.05128,0.717949,0
360,2017,4,0.0877193,0
361,2017,5.0625,0,0
362,2017,7.32143,0.0714286,0
363,2017,4.38235,1.14706,0
364,2017,6.1875,0.40625,0
365,2017,8.4,0.483333,0
366,2017,11.5714,0.952381,0
367,2017,5.5,0,0
368,2017,5.77778,0,0
369,2017,5.76923,0,0
370,2017,18.4688,0.796875,0.5
371,2017,17.9149,0.787234,0.489362
372,2017,20,0,0.695652
373,2017,11.7273,1.19481,0
374,2017,11.5625,1,0
376,2017,12.4242,0.848485,0
377,2017,13.4375,1,0
378,2017,12.6379,1,0
379,2017,13,1,0
380,2017,22.42,2.22,0.42
381,2017,21.129,2.48387,0
382,2017,25.2143,1.35714,1
383,2017,19.7377,1.7541,0.42623
384,2017,16.7353,1.55882,0
385,2017,16.1277,0.829787,0.0212766
386,2017,17.9623,3.35849,0
387,2017,11.875,3.475,0
388,2017,15.122,2.43902,0
389,2017,12.6216,3.18919,0
390,2017,8.61111,1.05556,0
391,2017,8.65116,1.11628,0
392,2017,9.70588,0.705882,0
393,2017,8.425,0.05,0
394,2017,6.58333,0,0
395,2017,9.14286,0.642857,0
396,2017,7.34615,0.0769231,0
397,2017,10.8333,1.43333,0
398,2017,6.12903,1,0
400,2017,30.1633,1.10204,1
401,2017,30.9355,1,1
402,2017,33.3235,1,1
403,2017,24.975,0.1,1
404,2017,20.68,0,1
405,2017,28.5625,0,1
406,2017,29,0,1
407,2017,17.5455,0.363636,0.363636
408,2017,15.973,1,0
409,2017,16.8667,0.766667,0.133333
410,2017,32.7358,1.67925,1.35849
411,2017,21.5185,0,1
412,2017,16.069,0,1
413,2017,17.5263,0,1
414,2017,16.8333,0,1
415,2017,14.3158,0.736842,0.0789474
416,2017,15.7647,0.176471,0.676471
417,2017,16.1818,0.363636,0.363636
418,2017,16.5152,0.757576,0.030303
420,2017,27.1042,1.79167,1
421,2017,21.0357,0.214286,1
422,2017,24.5333,0.966667,1
423,2017,29.55,1,1
424,2017,31.7857,1.25,1
425,2017,19.5,0.714286,1
426,2017,17.5,0.333333,0.25
427,2017,24.7059,0.470588,1
430,2017,38.6452,0.983871,3.66129
431,2017,34.5652,1.26087,2.63043
432,2017,37.5,1.1,3.96667
433,2017,42.35,0.925,3.925
434,2017,44.4419,1.4186,3
435,2017,46.0943,0.90566,3
436,2017,44.7059,2,3
437,2017,31.0714,0.107143,2.78571
438,2017,33.5882,0.764706,3
439,2017,31.4,0.218182,2.89091
440,2017,40.5088,1.7193,3.14035
441,2017,40.5833,1.5625,3.20833
442,2017,38.9318,1.36364,3.5
443,2017,39.6667,1.05556,3.66667
444,2017,37.6346,1.75,3
445,2017,39.6154,2,3
446,2017,34.6944,1.15278,3.15278
447,2017,35,1.85714,3
448,2017,42.7857,0.357143,3.5
449,2017,40,0,4
450,2017,34.7273,2.90909,2.15152
451,2017,33.1875,2.52083,1.60417
452,2017,34.8478,3,2
453,2017,38.4675,2.57143,3.2987
454,2017,35.8667,3,3
455,2017,38.1667,2.16667,3
456,2017,28.2656,0.71875,1.09375
457,2017,26.6809,0.829787,1.21277
458,2017,44.122,1.57317,3.07317
460,2017,40.7273,3.63636,2.04545
461,2017,38.1774,2.29032,2.16129
462,2017,39.6579,2.44737,2.55263
463,2017,40.9333,7.02222,2.66667
464,2017,41.3333,7,3
465,2017,39.4167,5.70833,3.54167
466,2017,40.8182,6.72727,4
467,2017,45.1935,1.75806,3.06452
468,2017,46.6875,1.5625,3
469,2017,42.2419,5.41935,2.19355
470,2017,33.7586,2,1.96552
471,2017,34.4444,1.57778,1.02222
472,2017,35.9697,2,1.9697
473,2017,41.1017,2.52542,2.64407
474,2017,37.907,2.06977,1.95349
475,2017,36.9038,1.57692,1.44231
476,2017,36.7692,1.53846,1.11538
477,2017,36.4444,2,1
478,2017,44.0204,2.04082,1.4898
479,2017,42.1385,3.61538,1.55385
480,2017,42.3043,2.91304,3.42029
481,2017,41.8143,2.71429,3.2
482,2017,41.1282,2.51282,4.02564
483,2017,42.3922,4.13725,2.39216
484,2017,40.5424,4.69492,3.18644
485,2017,41.3,4.8,3
486,2017,36.8627,7.05882,3.01961
487,2017,36.94,7.2,3.04
488,2017,39.7722,5.49367,2.93671
489,2017,43.5714,4.42857,3
490,2017,39.7089,4.78481,2.82278
491,2017,40.1,6.5,2.45
492,2017,43.569,2.37931,3
493,2017,37.5714,6.7381,2.42857
494,2017,38.58,8.04,2.08
495,2017,38.5,9.64286,2
496,2017,39.3433,7.62687,2.23881
497,2017,35.7121,9.25758,3.15152
498,2017,38.2615,10.8308,3.72308
499,2017,36.2391,11.5,3.5
500,2017,50.1905,5.69841,4.60317
501,2017,50.3768,5.66667,4.14493
502,2017,50.3906,5.4375,4.46875
503,2017,51.7647,4.23529,4.88235
504,2017,51.8545,6,6.52727
505,2017,50.3108,8.28378,5.43243
506,2017,51.6176,5.79412,5.80882
507,2017,51,6,5
508,2017,47.3214,7.07143,3.96429
510,2017,48.2727,11.8182,4.8
511,2017,50.75,12,5
512,2017,47.75,13.4,4
513,2017,50.0435,13.8261,4.13043
514,2017,47.9375,8.40625,5.8125
515,2017,47.7778,9.07407,5.2963
516,2017,43.35,7.5,5
520,2017,48.0682,7.29545,2.68182
521,2017,50.4062,7,4.28125
522,2017,49.4468,6.78723,2.87234
523,2017,49.3585,6.90566,2.9434
524,2017,50.1667,7.33333,3
525,2017,50.4,6.8,2.6
526,2017,49.7647,4.5,1.85294
527,2017,48.1818,7.93182,1.13636
528,2017,49.1667,7.83333,1.5
530,2017,43.7467,9.6,1
531,2017,41.2,10.5091,1.61818
532,2017,42.8,9.03333,1
534,2017,41.2,10,2
535,2017,45.1358,9.53086,1.62963
537,2017,46.5,10.7143,1
538,2017,48.6667,7.09524,2.71429
539,2017,46.3125,10.4375,1.58333
540,2017,46.0833,10.4167,4.45833
541,2017,41.9815,9.5,2.07407
542,2017,42.037,9.59259,1.88889
543,2017,42.5714,10.7143,1.85714
544,2017,43.013,9.64935,2.18182
545,2017,41.5333,11.5111,2.28889
546,2017,48.4906,9.43396,2.58491
547,2017,44.8163,10.0816,3.28571
548,2017,41.8065,11.8548,2.09677
549,2017,43.2143,9.875,1.76786
550,2017,47.6232,10.971,4.75362
551,2017,49.5312,10.6875,5.84375
553,2017,50.4651,11.6047,4.59302
554,2017,50.5686,11.902,5.72549
556,2017,34.3846,15.0769,2.07692
557,2017,40.6522,13.913,2.01449
558,2017,38.8182,14.6364,2
559,2017,49.7606,7.47887,5.40845
560,2017,52.8592,8.66197,5.40845
561,2017,49.8636,12.0909,4.0303
562,2017,51.9595,9.28378,4.02703
563,2017,49.0714,11.8286,3.17143
564,2017,45.6923,11.4872,3.07692
565,2017,47.9296,12.0986,4.70423
566,2017,43.625,12.6667,2.54167
567,2017,42.475,14.075,5.075
570,2017,49.3913,11.6667,4.10145
571,2017,49.5556,12.6667,4
572,2017,51.1429,7.96429,5.48214
573,2017,46.4667,10.9167,4.61667
574,2017,48.2653,9.5102,6.77551
575,2017,37.7209,10.3488,5.18605
576,2017,43.4688,10.5,6.875
577,2017,37.2456,13.9298,5.75439
580,2017,51.9,10.65,5.48333
581,2017,50,13.25,6
582,2017,46.1207,13.5517,6.22414
583,2017,45.38,13.74,6.4
584,2017,49.9839,11.7581,6.30645
585,2017,48.6,11.1778,8.2
586,2017,43.6452,10.6774,8.77419
587,2017,43.6825,13.3968,8.44444
588,2017,39.7333,12.4667,9.26667
590,2017,29.0278,12.8611,9.13889
591,2017,30.75,15.5,10.5
592,2017,36.561,11.7805,11.0732
593,2017,31.3333,9.8,9.8
594,2017,24.7869,10.3115,15.7377
595,2017,29.7826,10.6087,11.1739
596,2017,22.7368,13.0526,16.5263
597,2017,24.4762,11.5238,13.0238
598,2017,18.96,9.14,17.86
599,2017,24.9259,12.037,14.2222
600,2017,41.4308,10.3846,2
601,2017,40.0278,9.65278,1.70833
602,2017,43,9.75,2
603,2017,43.25,9,2
604,2017,41.5696,7.51899,2.34177
605,2017,41.25,8.94643,1.44643
606,2017,43.75,8.96429,2
607,2017,43.5,9,2
608,2017,42,8.5,2
609,2017,41.8393,7.21429,1.16071
610,2017,44.0455,8.72727,1.22727
611,2017,42.7273,8.63636,1
612,2017,47.6136,7.77273,1.52273
613,2017,42.9194,8.3871,1.80645
614,2017,47.2603,5.64384,1.26027
615,2017,46.2174,6.47826,1.36957
616,2017,47.9167,7.08333,1.16667
617,2017,43.8491,5.86792,1.11321
618,2017,45.7931,2.27586,1
619,2017,44.6,2.23333,1
620,2017,39.4267,5.81333,1.05333
622,2017,39.1081,5.27027,1.7973
623,2017,45.9423,5.48077,1.19231
624,2017,42.15,2.88333,1.55
625,2017,40.902,4.4902,1
626,2017,42.5789,5.38596,1
627,2017,42.375,5,1
628,2017,38.5581,3,1.67442
629,2017,32.2308,4.02564,1
630,2017,40.2807,6.07018,1.73684
631,2017,42.5217,5.45652,1.80435
633,2017,39.8667,6.46667,1
634,2017,45.6,5.175,1.825
635,2017,45.2727,7.24242,1.75758
636,2017,33.7941,6.29412,1.05882
637,2017,33.027,4.97297,1
638,2017,28.9556,3.57778,1
639,2017,29.7931,4.72414,1
640,2017,39.4286,8.34921,1.46032
641,2017,41.3529,9.15686,2
644,2017,42.3,8.05714,2.35714
645,2017,42.8333,8.33333,2
646,2017,42.6296,8.68519,1.59259
647,2017,40.6739,5.41304,1.6087
648,2017,37.0294,5,1.73529
650,2017,38.8519,5.07407,1.35185
651,2017,37,5,1
652,2017,42.6739,5.95652,1.08696
653,2017,40.7419,6.77419,1.06452
654,2017,36.3929,5,1.35714
655,2017,36.4194,4.90323,1.45161
656,2017,35.0429,5,1.32857
657,2017,35.1351,5.06757,1.2973
658,2017,37.5556,5.44444,1.11111
660,2017,40.9706,6.52941,2.57353
661,2017,41.5,8.5,2
662,2017,42.72,7.36,2
664,2017,40.1143,7.05714,3.85714
665,2017,40.0233,7.5814,3.83721
666,2017,42.4444,7.83333,4
667,2017,39.3333,5.88235,2.92157
668,2017,41.1143,5.17143,5.6
669,2017,37.9706,7.44118,3.70588
670,2017,41.4828,4.60345,5.06897
671,2017,41.1905,4.54762,5.11905
672,2017,45.6071,3.75,5.07143
673,2017,40.2963,5.81481,3.14815
674,2017,40.6316,7.85965,3.35088
675,2017,40.1509,7.37736,4.03774
676,2017,38.8444,9.15556,1.77778
677,2017,35.6786,8.14286,2.14286
678,2017,29.3077,8.61538,2.4359
679,2017,26.5,7.83333,1.83333
680,2017,45,9.29091,5.18182
681,2017,46.5,8.92105,5
683,2017,40.3429,6.7,4.61429
684,2017,40.9464,6.55357,4.75
685,2017,43.1304,6.82609,5
686,2017,38.4762,8.80952,5.5
687,2017,44.3562,10.6986,4.16438
688,2017,37.1406,7.26562,4.89062
689,2017,37.5273,8.52727,3.34545
690,2017,36.5769,10.5,1.38462
691,2017,32.0227,9.56818,3.54545
692,2017,32.9091,10,3.63636
693,2017,28.7586,11.6207,4.2069
700,2017,14.3111,0.777778,0
701,2017,14.0909,1,0
703,2017,17.2647,0.705882,0
704,2017,9.58974,0,0
705,2017,12.9508,1.2623,0
706,2017,13.2308,2.46154,0
707,2017,11.4138,0.155172,0
708,2017,11.5714,0,0
710,2017,16.3774,2.11321,0
711,2017,18.7333,2.66667,0
712,2017,15.1373,1.92157,0
713,2017,11.881,1.16667,0
714,2017,15.6271,1.55932,0
716,2017,14.2,3.17143,0
717,2017,15.7586,2.37931,0
718,2017,20.8286,2.11429,0.2
719,2017,26.3784,2.16216,0.891892
720,2017,26.52,3.97333,0.613333
721,2017,26.3667,3.96667,0.683333
722,2017,28.6667,3.66667,0.916667
723,2017,23.0345,3.58621,0.275862
724,2017,32,2.96667,1
725,2017,31.3636,4.23636,1
726,2017,31.9388,4.46939,1.02041
727,2017,32.975,4.225,1
728,2017,32.4,2.48571,1
729,2017,34.6,3.08571,1
730,2017,32.2353,6.48235,3.03529
731,2017,35.0465,5.97674,3.2093
734,2017,30.0606,4.27273,1.48485
735,2017,29.8333,5.89583,2.45833
736,2017,30.5758,7.36364,2.69697
737,2017,37.0204,7.4898,2.83673
738,2017,30.9474,7.73684,1.73684
739,2017,26.75,8.0625,1.25
740,2017,36.6567,5.44776,3
741,2017,37.6552,5.72414,2.10345
743,2017,36.6333,4.6,1.63333
744,2017,37.0698,5.02326,1.04651
745,2017,33.8974,3.30769,1
746,2017,38.8333,5.5,3.88889
747,2017,28.6176,3.38235,0.970588
748,2017,32.7234,4.76596,2.08511
749,2017,34.7188,3.46875,1
750,2017,27.2742,5.04839,0.258065
751,2017,24.7308,4.34615,0
752,2017,26.66,5.02,0
753,2017,26,5,0
754,2017,26.0135,3.2027,0.527027
755,2017,22.875,2.58333,0
756,2017,20.0222,2.2,0
757,2017,22.925,2.375,0
758,2017,22.3571,2.35714,0
759,2017,16.1364,1.84091,0
760,2017,25.8167,4.5,0.366667
761,2017,27.1667,4.52778,0.166667
762,2017,26.1429,4.5,1.14286
763,2017,27.7857,5,2
764,2017,23.7083,4.45833,1.10417
765,2017,20.766,2.70213,0.808511
766,2017,23.0357,3.69643,0.321429
767,2017,23.2,3,0.8
768,2017,20.4375,5.08333,0.520833
769,2017,22.8,4.68,0
770,2017,22.3333,1.75,0
772,2017,22,2,0
773,2017,18.8214,1.48214,0
774,2017,25.5915,1.49296,0
775,2017,23.2931,2.03448,0
776,2017,16.2667,2.56667,0.0333333
777,2017,16.375,2.625,0
778,2017,23.8333,1.61111,0
779,2017,30.6471,1.52941,0
780,2017,23.5893,2.42857,0
781,2017,27.8095,2.57143,0
782,2017,25.2459,3.47541,0
783,2017,34.5909,1,0
784,2017,37.1111,1,0
785,2017,36.1639,0.737705,0
786,2017,21.9062,1.85938,0.375
787,2017,26.0909,1.13636,0.659091
788,2017,20.7941,1.85294,0.0882353
789,2017,26.32,1,0
790,2017,27.0411,6.08219,2.13699
791,2017,32.6429,5.07143,2.92857
792,2017,26.1613,5.70968,1.35484
793,2017,24.6596,6.08511,0.978723
794,2017,25.4667,8.26667,1
795,2017,22.7447,5.93617,0.276596
796,2017,26.1429,5.57143,0.571429
797,2017,22.92,5.16,0.04
798,2017,18.1429,1.61905,0.428571
799,2017,16.84,2.72,0.88
800,2017,25.2963,7.18519,3
801,2017,23.6,6.4,2.6
802,2017,25.4545,6.84091,3
803,2017,24.1667,6.66667,3
804,2017,22.0351,4.4386,1.33333
805,2017,26.375,6.8125,3
806,2017,28.6667,8.03704,3
807,2017,31.1212,9.30303,1.93939
808,2017,24.8462,6.92308,2
809,2017,22.2581,8.16129,1.3871
810,2017,21.3846,7.36538,1.42308
811,2017,13.3448,2.86207,0.896552
812,2017,15.3103,5.48276,0.344828
813,2017,15.7333,2.73333,0.466667
814,2017,17.1739,2.26087,0.130435
815,2017,17.5714,4,0
816,2017,17.7941,3.5,0.852941
820,2017,24.1818,10.1818,2.68182
821,2017,16,7,4
822,2017,28.9,13.45,3.85
823,2017,20.6429,7.92857,4.07143
824,2017,28,15.6818,5.86364
825,2017,23.8889,9.77778,3.77778
826,2017,29.3333,13.2222,4.16667
827,2017,33.8125,14.25,6.5
828,2017,31.4615,15.3077,7.23077
829,2017,23.2105,6.78947,4.05263
830,2017,25.5,11.8333,4.16667
831,2017,28.0556,8.88889,4.83333
832,2017,29.6923,9.65385,4.82692
833,2017,32.5135,11.6486,4
834,2017,29.619,12.4762,6.38095
835,2017,28.0741,8.22222,14.5926
836,2017,29.84,15.02,5.88
837,2017,31.75,17.9167,6.25
838,2017,26.4667,13.25,13.7
840,2017,22.7326,3.19767,2.0814
841,2017,23.1111,3.07407,2.59259
843,2017,26.3077,6.12821,3.5641
844,2017,24.1667,4,3
845,2017,20.5769,2.15385,0.307692
846,2017,22.2667,1.82222,0.311111
847,2017,14.8696,0.42029,0.753623
850,2017,14.8636,1.88636,0
851,2017,13.16,1.56,0
852,2017,15.0444,1.17778,0
853,2017,11.2174,1.24638,0.0144928
855,2017,14.8095,1.61905,0.190476
856,2017,13.8889,0.4,0.0222222
857,2017,15.2895,1.44737,0
859,2017,18.6154,1.11538,0.384615
860,2017,16.3611,1,0
863,2017,13.12,1.52,0
864,2017,9.95652,0,0
865,2017,17.3,0.85,0.1
870,2017,19.9298,2.15789,0.614035
871,2017,18.9091,4.54545,0.0909091
873,2017,19.2174,0.913043,0.913043
874,2017,15.6,2.53333,0.0666667
875,2017,17.2623,3.68852,1.18033
877,2017,20.1,3.4,0.833333
878,2017,20.4167,0.416667,0
879,2017,18.6667,1.5,0
880,2017,16.5682,1.18182,0.136364
881,2017,24.4211,4.78947,1.42105
882,2017,23,3.82609,0.695652
883,2017,19.6061,1.18182,0.545455
884,2017,24.55,3.1,1.55
890,2017,13.1915,0,0
891,2017,12.8889,0,0
893,2017,14.4444,0.111111,0
894,2017,29.087,4.54348,1.28261
895,2017,36.8462,3.92308,1.61538
897,2017,34.6,4.8,1.4
898,2017,25.125,5,0.3125
900,2017,25.1029,0.25,0.338235
902,2017,25.7143,0.428571,0.714286
903,2017,27.2,0,1
904,2017,28.6,2.2,1
905,2017,27,0,1
906,2017,21.3333,0,0.333333
907,2017,23.1818,0.0454545,0.863636
908,2017,22.9286,0,1
910,2017,19.9231,0,0
911,2017,19.625,0,0
912,2017,22.4,0,0
913,2017,23.8421,1.36842,0.342105
914,2017,26,1.625,0
915,2017,24.2,0,0
916,2017,26,1,0
917,2017,18.7609,0,0
918,2017,21,0,0
919,2017,15.2,0.08,0
920,2017,17.6522,0,0
921,2017,19.0465,0,0
922,2017,12.9792,0.0208333,0.0416667
923,2017,15.6508,0.015873,0
924,2017,16.75,0,0
925,2017,16.525,0,0
926,2017,20.1628,0.953488,0
927,2017,20.5556,1.22222,0
928,2017,20.0303,0.121212,0.363636
930,2017,26.375,2.04167,2.5
931,2017,27.6667,4.22222,6.66667
932,2017,30.5538,3.86154,1.03077
933,2017,33.6364,0.545455,0.363636
934,2017,28.7632,2.78947,1.63158
935,2017,20,0.380952,0.047619
936,2017,33.0678,9.38983,1.49153
937,2017,39.8,13.95,1.1
939,2017,30.24,5.16,0.52
940,2017,34.7059,7.14706,1.73529
941,2017,35,7.82759,3
943,2017,35,7,1
944,2017,36.25,5.75,2
945,2017,31.3855,7.3253,1.6988
946,2017,32.9333,8.13333,2
947,2017,32.3,9.6,2
948,2017,31.4,9.8,2.2
949,2017,29.8611,9.55556,4.16667
950,2017,33.1026,6.05128,0.974359
951,2017,34.1379,6.55172,1
952,2017,37.878,6.92683,0.926829
953,2017,32.8429,7.47143,1.05714
954,2017,27.3676,10.9412,3.10294
955,2017,26.0638,10.0851,7.48936
956,2017,37.908,6.93103,0.643678
957,2017,40.3182,6.68182,0.363636
958,2017,39.8966,7.27586,0.482759
959,2017,38.6714,8.55714,0.271429
960,2017,28.973,8.74324,3.52703
961,2017,35.0227,5.13636,0.636364
967,2017,0.435897,0,0
968,2017,1,0,0
969,2017,0,0,0
970,2017,23.0484,7.87097,9.8871
971,2017,24.7805,5.65854,6.02439
972,2017,24.7143,9.14286,9.74286
973,2017,22.6462,6.96923,8.23077
974,2017,22.7692,8.39744,10.0385
975,2017,21.75,11.2083,13.25
976,2017,25.3182,10.4545,5.77273
977,2017,23.1562,9.65625,9.84375
978,2017,28.7736,10.2642,10.3208
979,2017,26.9375,14.875,4.0625
980,2017,21.9636,6.61818,11.0909
981,2017,22.2051,7.28205,12
982,2017,19.6567,4.58209,11.5821
983,2017,20.2941,5.95588,10.4412
984,2017,22.9259,7.18519,11.4074
985,2017,21.3284,5.23881,8.76119
986,2017,22.9474,6.91228,9.05263
988,2017,19.5778,5.73333,17.1556
989,2017,20.8667,6,17.2333
990,2017,25.6875,11.4688,16.125
991,2017,23.2344,10.1875,16.0625
992,2017,24.75,12.5,17.0625
993,2017,25.2286,6.88571,16.9714
994,2017,26.3333,9,13
995,2017,5.64912,0.77193,0.280702
996,2017,5.64706,0.847059,0.376471
997,2017,13.1558,1.32468,0.285714
998,2017,6.93333,0.0666667,0
999,2017,6.18182,1.63636,0
006,2018,0.0434783,0,0
007,2018,0.152174,0,0
008,2018,0,0,0
009,2018,0.175,0,0
010,2018,17.9516,4.91935,2.01613
011,2018,18.3077,5,2
012,2018,18.5,5,2.25
013,2018,18.4,5,2.6
014,2018,19.1905,4.04762,2.2381
015,2018,19.1556,4.68889,2
016,2018,19.9091,4.90909,2
017,2018,18.3704,4.88889,2
018,2018,20.0938,3.375,2.21875
019,2018,19.6562,4.5,2.1875
020,2018,16.3462,5.65385,2
021,2018,18.2264,5.07547,2
022,2018,19,5,2
023,2018,14.6071,6,2
024,2018,17.9259,5.44444,2
025,2018,13.68,7.72,2
026,2018,14.8857,7,2
027,2018,13.6667,7.41667,2
028,2018,15.127,6.63492,2
029,2018,15.7778,6.22222,2
030,2018,19.7941,3.35294,3
031,2018,19.5714,3,3
032,2018,19.431,3.93103,2.37931
033,2018,18.75,3,2.75
034,2018,19.2,4.88,3
035,2018,20.15,3.75,2
036,2018,19.625,5,3
037,2018,21.9583,3.70833,2.45833
038,2018,20.1045,3.62687,2.37313
039,2018,20.0909,3.27273,2.45455
040,2018,18.2742,3.96774,2
041,2018,19,3.88889,2
042,2018,18.7917,3.97917,2
043,2018,18.0476,3.80952,2.14286
044,2018,17.4394,3.09091,2.43939
045,2018,20.1034,4,2.10345
046,2018,20.1017,3.69492,3
047,2018,22.1282,2.25641,1
048,2018,20.0556,4,2.66667
049,2018,16.6719,3.90625,2.46875
050,2018,22.9184,3.57143,2.46939
051,2018,20,4.5,3
052,2018,21.3636,4.54545,3
053,2018,20.0476,4.95238,3
054,2018,24.25,5.41667,2.08333
056,2018,24.6061,4.18182,2
057,2018,23.05,3.85,3
058,2018,22.6,4.5,2
059,2018,22,4,2
060,2018,16.4754,5.52459,1.86885
061,2018,17,6,2
062,2018,18,5.06061,2
063,2018,16.4444,5.47222,1.80556
064,2018,16.9074,6.62963,1.07407
065,2018,17,7,1
066,2018,17,7,1
067,2018,15.9211,6.52632,1
068,2018,16.08,7,1
069,2018,15.6667,7,1
070,2018,17.4051,7.3038,0.544304
071,2018,18,7.25,0.333333
072,2018,18,8,0
073,2018,16.4286,7,0.857143
074,2018,17.3784,5.94595,1
075,2018,17.25,6.5,1
076,2018,16.4103,7.51282,1
077,2018,14.6585,8.82927,0
078,2018,16.7333,6.24444,0.0888889
079,2018,16.7931,8.06897,0
080,2018,16.3218,8.37931,0
081,2018,16.4444,9,0
082,2018,17.5517,8,0
083,2018,16.8182,8,0
084,2018,17.25,8,0
085,2018,16.7097,8.25806,0
086,2018,17.2667,8.2,0
087,2018,15.32,8.8,0
088,2018,16.5741,8.42593,0
089,2018,17,9,0
100,2018,16,7.47619,1
101,2018,16,7.27273,1
102,2018,16,7,1
103,2018,17.3846,8,0
104,2018,15.92,8,1
105,2018,16.2381,7.03175,1
106,2018,16.3333,7,1
107,2018,16,7.88889,1
108,2018,15.5,8,1
109,2018,16.6441,6.33898,1
110,2018,14.7143,8,1
111,2018,16,7.71429,1
112,2018,15.5789,7.18421,0.710526
113,2018,15.4615,7.96154,1
114,2018,14.3462,8.07692,1
115,2018,14.775,7.95,1
116,2018,14.4,7.4,0.8
117,2018,14.5455,8.07792,1
118,2018,15,8,1
119,2018,13.2045,8.45455,1
120,2018,22.4091,4.57576,2.78788
121,2018,21.9118,4.72059,2.82353
122,2018,22.1667,4.5,3
123,2018,24.875,4,3
124,2018,19.6829,5.56098,1.30488
125,2018,16.873,5.77778,1.12698
126,2018,16,6,1
127,2018,18.4746,6.30508,1
128,2018,23.5077,4.46154,2.98462
129,2018,25.8333,6.33333,2.36111
130,2018,24.46,7.7,2.12
131,2018,24.7451,8.19608,2.41176
132,2018,26.9412,9,2
133,2018,25.4528,6.4717,2.03774
134,2018,25.5806,6.33871,2.01613
135,2018,26,6,2
136,2018,25.7108,8.21687,3.08434
137,2018,23.1026,5.71795,1.46154
138,2018,23.6098,5.78049,1.63415
139,2018,23.6,5,1
140,2018,25.8852,8.80328,2.44262
141,2018,26.2571,8.68571,2.48571
142,2018,28.1379,9,3
143,2018,28,8.8,3.8
144,2018,24.2,8.77778,2.64444
145,2018,24.0179,9.03571,2.60714
146,2018,23.72,10,3
147,2018,24.8871,6.8871,1.51613
148,2018,22.5946,6.62162,1
149,2018,21.25,6.5,0
150,2018,27,2.22535,1.11268
151,2018,27,2,1
152,2018,27.3256,2,1
153,2018,25,2,0.872727
154,2018,23.8286,2,0.214286
155,2018,24,2,0
156,2018,26.3056,2.05556,0.111111
157,2018,27.1746,2.69841,0
158,2018,26.2667,3.73333,0.0333333
159,2018,26.3721,2,0
160,2018,26.8286,3.91429,1.8
161,2018,26.381,4.90476,2.16667
162,2018,27.7436,3.53846,0.769231
163,2018,26.1395,5.97674,1.90698
164,2018,27.1818,6.45455,2.63636
165,2018,25.7143,7.28571,3
166,2018,25.2985,2.32836,0
167,2018,25.2273,5.36364,0.727273
168,2018,25.2727,3.09091,0
169,2018,23.5625,5.09375,0
170,2018,22.5465,2.12791,0
171,2018,22.2,2,0
172,2018,25.3061,1.20408,0
173,2018,21.6042,2.33333,0.229167
174,2018,21.7143,2.14286,0
175,2018,19.8298,3.53191,0.723404
176,2018,19.75,3,1
177,2018,24.225,4.05,0
178,2018,22.1852,3.7037,0
179,2018,20.9778,3.75556,0
180,2018,17.0727,6,0
181,2018,17.8571,5.42857,0
182,2018,19.3333,4.83333,0
183,2018,16.6111,6.75,0.0833333
184,2018,19.3333,5.47059,0.647059
185,2018,19.7273,6,0
186,2018,20.5833,5.63889,0
187,2018,19.75,6,0
188,2018,22.1765,5.23529,0.470588
189,2018,18.2308,6.71795,0
190,2018,17.8088,7.67647,0
191,2018,17.36,8.2,0
193,2018,18.4412,5.91176,0.352941
194,2018,19.1562,6.28125,0
195,2018,19.5,4.30952,0
196,2018,19.4,4.7,0
197,2018,17.6842,6.42105,0.263158
198,2018,18,7.6,0
199,2018,17.0256,6.35897,0.307692
200,2018,21.8519,4,0
201,2018,22.9111,2.8,0
202,2018,22,4,0
203,2018,22,4,0
204,2018,22.1667,4,0
205,2018,22.0833,4,0
206,2018,20.0656,4.21311,0.131148
207,2018,21.5472,4,0.0566038
208,2018,22,3.35,0
209,2018,21.125,4,0
210,2018,20.5208,4,0.520833
211,2018,20.5333,3.93333,0.433333
212,2018,20.1395,4,0.697674
214,2018,21.4,4,0.8
215,2018,22.3913,1.95652,0
216,2018,17.6552,5.12069,1
217,2018,23.5179,1.5,0
218,2018,14.8378,6.18919,0.621622
219,2018,19.8667,4.13333,1
220,2018,22.7895,3.26316,0
221,2018,22.5625,3.1875,0
222,2018,23,4,0
223,2018,23.1429,4,0
224,2018,20.125,3.875,0.125
225,2018,20.04,3.48,0.12
226,2018,25.0345,1.48276,0
227,2018,22.8286,3.11429,0
228,2018,22.5357,1.71429,0
229,2018,18.775,2.325,0
230,2018,18.2083,3.1875,0.291667
231,2018,19.3556,3.26667,0.177778
232,2018,20.6957,2.52174,0
233,2018,15.2759,4.51724,0.758621
234,2018,15.3111,4.31111,0.866667
235,2018,16.5,4,1
236,2018,16.4583,3.70833,1
237,2018,16.8571,3.42857,1
238,2018,18.6364,2.76364,0
239,2018,15.8611,2.25,0
240,2018,13.3023,2.30233,0.697674
241,2018,13.3,2.3,0.725
242,2018,13.8864,1.95455,1
243,2018,11.3,2.125,0.975
244,2018,17.7674,1.32558,0
245,2018,13.7679,2.25,0.553571
246,2018,15.04,2.08,1
247,2018,14.6471,2,1
248,2018,17.0364,2.65455,1
249,2018,16.4571,1.17143,0.4
250,2018,18.32,1.94,1.76
251,2018,18.5385,2,1.80769
252,2018,19.95,1.975,1.625
253,2018,19.1429,2,2
254,2018,24.6667,1,0
255,2018,21.075,2.025,2
256,2018,19.0465,2.16279,1.60465
257,2018,23.6667,2,2
258,2018,16.5909,2.15909,1
259,2018,16,1.94595,0.945946
260,2018,25.6667,2.20833,1.16667
261,2018,20.9697,3.42424,1
262,2018,18.2885,1.42308,0
263,2018,20.2581,2.6129,0.612903
264,2018,20.4138,2.34483,0.551724
265,2018,23.1351,2,0.459459
266,2018,17.3214,1.96429,0.535714
267,2018,22,1.56522,0
268,2018,21.9167,1,0
270,2018,11.6765,2.47059,1.08824
271,2018,13,1.77778,1
272,2018,12.3182,1.36364,1.54545
273,2018,11.8333,1.63889,1.47222
274,2018,10.9091,1.63636,1
275,2018,15.25,1.29167,0.847222
276,2018,16.3529,1,1
277,2018,13.5556,1,1
278,2018,16.5783,0.662651,1.04819
279,2018,15.5517,2.72414,0.482759
280,2018,10.5714,1,1.97959
281,2018,9.83721,1,1.86047
282,2018,10.8276,1,2
283,2018,16.3896,0.74026,1.07792
284,2018,9.87273,0.509091,1.98182
285,2018,14.2419,0.774194,1.48387
286,2018,9.65823,1.60759,1.24051
287,2018,9.4,1.53333,1.69333
288,2018,9.4,1.6,2
289,2018,8.83333,1.16667,1.83333
290,2018,9.4898,0.918367,1.26531
291,2018,10.3191,0.851064,1.10638
292,2018,11.6923,1,1
293,2018,9.68889,1.02222,2
294,2018,10.5439,0.982456,2
295,2018,10.0702,0.473684,1.49123
296,2018,10.1538,1.01538,2.04615
297,2018,9.32,1,1.76
298,2018,9.71429,1.05714,1.37143
299,2018,13,1,1.87097
300,2018,10.629,0.112903,3
301,2018,9.91228,0.385965,2.5614
302,2018,10.4286,0.125,2.71429
303,2018,12.2,0,3
304,2018,10.9767,1,1.97674
305,2018,9.73016,0.253968,2.61905
306,2018,10.6591,0.318182,2.77273
307,2018,10.5,1.78125,1.5625
308,2018,9.86364,0.772727,1.72727
309,2018,11.1429,0.428571,1.28571
310,2018,11.7976,0.904762,2.04762
312,2018,12.8,0.8,2
313,2018,12.2917,1.54167,1.375
314,2018,12.4167,2,1.16667
315,2018,8.68085,1.21277,1.17021
316,2018,13.0323,0.83871,1.03226
317,2018,15.5192,0.596154,1.5
318,2018,14.7037,1,1.66667
319,2018,16,1,1.85714
320,2018,7.17391,1.21739,0.478261
321,2018,5.75556,1.46667,0
322,2018,7.45946,1.16216,0.648649
323,2018,12.8605,1.09302,0.813953
324,2018,8.51163,1.34884,0.813953
325,2018,13.4146,0.804878,0.902439
326,2018,6.67442,1.39535,0
327,2018,4.54545,1.97727,0
328,2018,5.08824,2,0
329,2018,6.38235,1.64706,0
330,2018,5.82353,0.156863,0
331,2018,5.31746,0.174603,0
333,2018,7.25,0,0
334,2018,11.4386,0.0350877,0
335,2018,3.34091,1,0
336,2018,2.81481,1,0
337,2018,5.33333,1,0
338,2018,4.84615,1.15385,0
339,2018,6.38776,0.408163,0
341,2018,8,0.5,0.375
342,2018,4.41667,1.20833,0
344,2018,4.5,1.05882,0
346,2018,4.30303,1,0
347,2018,4.78125,1.625,0
349,2018,8.5,0.136364,0
350,2018,12.0526,2.22807,1.68421
351,2018,11.619,2.11905,1.64286
352,2018,14.9032,2.80645,1.03226
354,2018,13.4412,2.11765,1.41176
355,2018,13.9756,2.85366,1.92683
356,2018,16.1351,1.86486,2.86486
357,2018,14.3125,2,2.21875
358,2018,15.8182,2,3
359,2018,11.2308,2.48718,1.12821
360,2018,12.6667,1,1.87719
361,2018,13.0625,1,2
362,2018,9.96429,1.35714,2
363,2018,11.9412,1.94118,1
364,2018,14.5938,0.53125,1.84375
365,2018,14.0333,0.8,1.36667
366,2018,16.8095,1.14286,1
367,2018,13.2955,0.75,2
368,2018,13.6296,1.03704,1.88889
369,2018,17.6923,1.46154,2
370,2018,22.2656,1.71875,3
371,2018,21.9362,1.74468,3.06383
372,2018,24.6957,2,3
373,2018,13.5455,1.81818,1.98701
374,2018,11.6875,2.1875,1.375
376,2018,11.3636,2.15152,1
377,2018,14.75,2.22917,1.125
378,2018,13.6724,2.41379,1.08621
379,2018,13.9474,3,1
380,2018,26.94,2.02,2.84
381,2018,27.0323,2.51613,2
382,2018,29.1071,1.42857,3.60714
383,2018,27.2131,1.08197,3.63934
384,2018,18.7059,1.61765,3.14706
385,2018,19.0638,1.08511,3.02128
386,2018,23.8113,2.49057,1.98113
387,2018,20.05,3.6,1
388,2018,20.561,2.68293,2.02439
389,2018,21.3514,2.02703,1.78378
390,2018,17.3611,2.05556,1.33333
391,2018,17.093,2.16279,1.39535
392,2018,17.6471,3,1
393,2018,17.225,1.3,2.25
394,2018,15.6111,2.61111,1.5
395,2018,14.8571,1.42857,1
396,2018,14,2.92308,2
397,2018,18.6667,2.16667,2
398,2018,14.5806,1.74194,1
400,2018,27.2041,2.34694,3.02041
401,2018,27.2258,2.70968,3.12903
402,2018,27.8529,3,3
403,2018,27.7,1.625,2.45
404,2018,25.04,1.08,2.56
405,2018,27.875,2,3
406,2018,28,2,3
407,2018,18.5455,1,2
408,2018,17.0811,1.72973,1.18919
409,2018,18.3667,1.1,1.76667
410,2018,26.6604,2,3.39623
411,2018,25.5556,1.22222,2
412,2018,21,1.10345,2
413,2018,21.4211,1,2
414,2018,23.5,1,2
415,2018,18.4211,1.92105,1.26316
416,2018,19.1765,1,1.97059
417,2018,17.6667,1.0303,1.87879
418,2018,17.1818,1.45455,1.36364
420,2018,29.5417,2.54167,3.64583
421,2018,24.5714,0.285714,3.85714
422,2018,25.6333,1.03333,3.66667
423,2018,26.475,1.925,4
424,2018,27.1071,1.67857,3.78571
425,2018,23.2143,1,2.78571
426,2018,20,1,2.41667
427,2018,25.2941,1.64706,3.08824
430,2018,27.1452,3.85484,3.06452
431,2018,27.1957,2.15217,2.82609
432,2018,27.5333,2.76667,3
433,2018,27.55,4.8,3.825
434,2018,29.1395,4.88372,5.76744
435,2018,28.434,5.73585,5.66038
436,2018,28.5882,6.11765,6
437,2018,25.4107,3.10714,1.94643
438,2018,26.3529,3.29412,2.94118
439,2018,25.3091,3.2,1.29091
440,2018,28.0351,4.77193,4.03509
441,2018,27.8958,4.20833,4.45833
442,2018,28.4318,4.20455,3.68182
443,2018,29.6667,4,3.77778
444,2018,28.1923,4.19231,2.59615
445,2018,29,4,2.84615
446,2018,27.6806,4.26389,3.06944
447,2018,28,4.64286,3
448,2018,27.8036,4.78571,4.73214
449,2018,28.4286,4,4.14286
450,2018,26.3636,2.57576,4
451,2018,26.6042,2,3.125
452,2018,26.6739,2.02174,4
453,2018,27.4416,3.32468,4.01299
454,2018,26.7333,3,4
455,2018,26.3333,2.83333,3
456,2018,25.9844,1.9375,2.0625
457,2018,23.3617,2.74468,1.74468
458,2018,28.0366,3.80488,5.03659
460,2018,29.7273,3.40909,5.79545
461,2018,29.1129,3.70968,5.17742
462,2018,30.4211,3.63158,5.10526
463,2018,29.9111,6.88889,7.88889
464,2018,30.8889,7.88889,7
465,2018,29.5,5.45833,7.45833
466,2018,29.9091,5.36364,7.90909
467,2018,28.4516,4.14516,6.79032
468,2018,28.5625,4,6.9375
469,2018,29.5806,4.62903,6.87097
470,2018,25.1379,3,4.17241
471,2018,25.8667,3.66667,3.48889
472,2018,24.6364,3.9697,4.54545
473,2018,28.1186,3.25424,5.10169
474,2018,26.4651,4.4186,4.30233
475,2018,26.3462,3.63462,4.01923
476,2018,27.5385,2.88462,4.11538
477,2018,28.5556,3,4
478,2018,30.6122,3.87755,4.81633
479,2018,30.4,4.96923,6.21538
480,2018,32.5507,8.21739,5.26087
481,2018,30.4714,7.77143,6
482,2018,32.6923,8,5.97436
483,2018,32.6667,8.21569,5.41176
484,2018,32.4576,9.0678,5.30508
485,2018,32.4,10.3,5.6
486,2018,30.3333,9.88235,7.96078
487,2018,32.4,9.9,6.64
488,2018,32.2152,8.11392,7.29114
489,2018,33.4286,7,7.71429
490,2018,29.8987,7.25316,7.29114
491,2018,29.5,8.4,7.05
492,2018,29.8793,6.62069,6.2931
493,2018,31.8333,8.04762,7.66667
494,2018,30.56,7.6,8.22
495,2018,33.2143,8,7.85714
496,2018,29.6866,8.08955,9.19403
497,2018,30.2273,10.5758,10.5909
498,2018,30.1692,11.7538,9.4
499,2018,34.087,12.3261,9.78261
500,2018,38.7143,14.5079,4.77778
501,2018,38.8261,13.8841,5.18841
502,2018,38.0312,14.2812,5.07812
503,2018,38.4706,15.3529,4.88235
504,2018,36.3273,18.2,5.07273
505,2018,35.0811,19.3514,5.28378
506,2018,40.9118,12.7059,5.29412
507,2018,41.5,11.75,5
508,2018,40.8929,11.6786,4.39286
510,2018,37.2364,18.2909,4.27273
511,2018,39.375,17.875,4
512,2018,33.5,20.55,4.75
513,2018,32.087,20.4348,5.78261
514,2018,36.75,17.4688,3.9375
515,2018,40.037,12.1481,4.31481
516,2018,41.65,11.1,3
520,2018,42.8864,7.88636,5.86364
521,2018,39.7188,11.2812,6.25
522,2018,39.4468,9.04255,6.46809
523,2018,39.4528,8.9434,6.33962
524,2018,39.3333,8.16667,6.83333
525,2018,36.64,9.84,5.64
526,2018,34.2941,7.47059,6.17647
527,2018,36.7955,7.65909,5.72727
528,2018,37.3333,6.83333,6
530,2018,31.6133,9.66667,8.08
531,2018,29.7818,8.25455,9.34545
532,2018,28.8667,8,10
534,2018,31.2,7.4,9
535,2018,33.9012,12.7531,4.46914
537,2018,34.2857,16.3571,4
538,2018,41.9524,8.2381,5.7619
539,2018,32.1458,13.3125,5.8125
540,2018,35.7917,15.1667,8
541,2018,32.0741,9.33333,9.14815
542,2018,32.4444,9,8.62963
543,2018,32.8571,9,9
544,2018,32.3636,12.2857,8.31169
545,2018,31.6889,14.1111,7.48889
546,2018,33.9434,11.3585,6.62264
547,2018,32.898,13.898,7.71429
548,2018,36.3548,14.6613,6.93548
549,2018,32.125,11.125,7.78571
550,2018,33.8261,17.3333,8.17391
551,2018,33.6875,18.375,8.09375
553,2018,33.3605,18.3721,9.2907
554,2018,33.2941,18.8235,8.68627
556,2018,39.9231,15.2308,9.15385
557,2018,39.1884,14.3333,10.6087
558,2018,41.4545,15.7273,9
559,2018,33.3239,15.2817,6.83099
560,2018,33.0282,19.4648,6.46479
561,2018,31.7121,22.1818,7.09091
562,2018,30.4459,22.2027,8.32432
563,2018,32.2286,18.9857,10.4714
564,2018,35.3846,17.5641,11.0256
565,2018,33.0986,20.169,11.6338
566,2018,33.8333,15.8958,13.3542
567,2018,32.75,15.9,13.3
570,2018,34.8406,19.6087,6.42029
571,2018,35.3333,21.2222,5
572,2018,28.25,21.2857,9.57143
573,2018,33.85,18.8,7.43333
574,2018,28.2245,20.4694,13.0612
575,2018,34.4186,17.1628,8.97674
576,2018,31.1875,19.1875,13.125
577,2018,34.9649,15.9825,10.7895
580,2018,30.0833,22.8667,11.5333
581,2018,35.25,23.25,12.5
582,2018,34.5345,17.9483,12.8793
583,2018,36.04,19.2,10.98
584,2018,29.8871,22.7903,11.6613
585,2018,29.4,19.1111,13.0667
586,2018,28.4839,17.2258,14.6774
587,2018,33.873,16.9365,11.6349
588,2018,29.8667,14.6667,12.1333
590,2018,25.2361,12.4028,11.4722
591,2018,28.5,12.5,11.5
592,2018,25.7805,12.3659,15.1463
593,2018,24.2667,13.8333,14.4
594,2018,18.8361,13.6557,14.6885
595,2018,18.5652,12.913,18.0435
596,2018,19.8421,12.5789,11.5263
597,2018,19.7143,11.1905,12.5476
598,2018,20.04,13.26,13.5
599,2018,19.4444,14.6296,15.3333
600,2018,30.2,8.8,9.04615
601,2018,30.0972,9.68056,7.375
602,2018,29.75,9,8
603,2018,31,9,8
604,2018,29.9873,8.63291,7.13924
605,2018,29.4286,10.25,6.5
606,2018,30.1607,8.33929,8.26786
607,2018,29.5,9,8
608,2018,30.5,8,8.25
609,2018,28.6607,7.53571,6.33929
610,2018,32.8485,11.697,4.0303
611,2018,33.3636,12.8182,4.45455
612,2018,35.9545,7.27273,5.84091
613,2018,30.371,9.72581,5.96774
614,2018,33.4247,6.16438,6.78082
615,2018,30.6739,7,6.52174
616,2018,31.0833,7.58333,6
617,2018,30.5283,7.96226,6.49057
618,2018,31.0517,5.15517,6.06897
619,2018,29.5333,4.73333,6.2
620,2018,29,4.10667,6.49333
622,2018,30.7973,2.68919,5.59459
623,2018,31.5192,4.92308,6.48077
624,2018,27.7,3.8,5.85
625,2018,28.7059,5.70588,6.94118
626,2018,29.2281,5.63158,6.77193
627,2018,32,6,7
628,2018,30.0814,4.13953,4.68605
629,2018,31.5641,3.80769,4.46154
630,2018,34.2632,3.21053,4.40351
631,2018,33.8696,2.93478,5.86957
633,2018,32.4,4.26667,4.77778
634,2018,35.175,4.725,6.4
635,2018,38.1515,7.30303,4.84848
636,2018,32,2.88235,2.44118
637,2018,29.7568,4.05405,4.08108
638,2018,32.0444,4.02222,3.48889
639,2018,31.7241,2.86207,2.31034
640,2018,42.9048,7.4127,1.33333
641,2018,44.5294,8.80392,1
644,2018,43.2143,9.55714,2.57143
645,2018,42.8333,8.5,2
646,2018,40.9815,8.74074,2.46296
647,2018,38.1739,5.65217,1
648,2018,36.1176,3.88235,1.08824
650,2018,32.9074,5.37037,2.12963
651,2018,31,6,2.5
652,2018,35.913,5.58696,3.34783
653,2018,36.1613,6.25806,2.06452
654,2018,35.1786,3.46429,1.42857
655,2018,35.129,3.03226,1.3871
656,2018,36.0429,2.77143,1.01429
657,2018,35.9459,2.55405,1.01351
658,2018,37.4444,3,1
660,2018,42.0882,8.10294,1.10294
661,2018,42.5,9,1
662,2018,42.68,8.96,1
664,2018,44.3714,8.74286,1.4
665,2018,45.2791,8.60465,1.39535
666,2018,48.5,7.88889,1
667,2018,42.2549,6.05882,1.07843
668,2018,46.2286,6.2,1.28571
669,2018,44.2941,10.5,2.44118
670,2018,43.9828,5.98276,1.41379
671,2018,44,6.11905,1.40476
672,2018,47.6429,5.60714,2
673,2018,47.963,6.62963,1.25926
674,2018,45.5965,7.57895,2.12281
675,2018,42.4717,7.37736,1.35849
676,2018,40.2222,11.2667,3.57778
677,2018,35.3929,9.53571,4.28571
678,2018,37.2308,7.25641,1.53846
679,2018,36.8333,6.83333,1.33333
680,2018,42.1091,13.6364,2.94545
681,2018,45.5526,11.1842,4
683,2018,44.2286,12.3857,2
684,2018,43.5714,12.4821,2.01786
685,2018,42.8261,15.3913,1.08696
686,2018,40.2857,14.619,3.2381
687,2018,37.0822,16.863,4.52055
688,2018,40.6875,16.2344,3.70312
689,2018,39.1636,15.1455,4.25455
690,2018,36.1154,14.1923,5.88462
691,2018,36.4091,11.7955,7.86364
692,2018,34.7273,14.5455,7
693,2018,35.4138,12.5862,8.06897
700,2018,10.4444,1.04444,1.44444
701,2018,12.2273,1,1.22727
703,2018,9.11765,1,1.26471
704,2018,14.2821,1.84615,1.97436
705,2018,13.1967,1.88525,1.70492
706,2018,14.7179,1.79487,1
707,2018,12.0517,1.7931,2
708,2018,13.2381,1,2
710,2018,22.0943,4.45283,0.132075
711,2018,25.6,4.66667,0
712,2018,19.7647,4.5098,0.843137
713,2018,16.1667,3.07143,1.88095
714,2018,19.0508,3.11864,1.11864
716,2018,21.8286,4.14286,0.8
717,2018,23,4.89655,0.0689655
718,2018,22.6,5.2,0.2
719,2018,25.027,5.24324,0.0540541
720,2018,27.5333,4.16,0.24
721,2018,27.5167,4.2,0.133333
722,2018,27.5833,4,0
723,2018,25.7069,4.44828,1.87931
724,2018,32.0333,2.31667,2.3
725,2018,32.2727,2.34545,0.763636
726,2018,32.4082,2.69388,0.510204
727,2018,34.925,3.125,0
728,2018,28.2857,5.48571,0
729,2018,28.9429,4.91429,0
730,2018,33.6118,5.16471,1.58824
731,2018,37.4186,5.7907,1.51163
734,2018,26.4242,5.06061,1.36364
735,2018,27.8958,4.0625,1.27083
736,2018,31.303,6,2.27273
737,2018,35.5714,7.32653,2.10204
738,2018,37.4737,5.42105,3.05263
739,2018,32.375,6.3125,2
740,2018,40.6567,5.83582,0.0597015
741,2018,43.7241,6.03448,0
743,2018,37.3667,4.7,0.233333
744,2018,35.5581,4.53488,0
745,2018,29.7949,3.41026,0.128205
746,2018,37.3333,7.33333,1
747,2018,23.7353,4.20588,0.676471
748,2018,32.9574,4.65957,0.12766
749,2018,29,4.46875,0
750,2018,17.8065,5.43548,1
751,2018,15.3462,4,1
752,2018,16.32,5.22,1
753,2018,15,6,1
754,2018,19.1757,4.31081,0.594595
755,2018,20.5833,5.625,0
756,2018,21.2222,3.46667,0.644444
757,2018,19.525,2.2,1
758,2018,17.8214,1.71429,1
759,2018,19.25,1.95455,1.02273
760,2018,17.6,4.98333,1
761,2018,17.5,5.91667,1
762,2018,19.9286,6,1
763,2018,23.9643,3.60714,0.714286
764,2018,20.0417,2.77083,0.3125
765,2018,13.7447,3.53191,0.148936
766,2018,14.8393,2.76786,0.75
767,2018,15.5,2,0.8
768,2018,17.5,0.666667,0.0208333
769,2018,19.48,0.44,0
770,2018,15.2917,2.21875,0.0208333
772,2018,16,3,0
773,2018,17.9821,1.16071,0.892857
774,2018,11.8451,2.09859,0
775,2018,12.7414,2.48276,0.206897
776,2018,14.9,1.66667,0.866667
777,2018,16.625,2,1
778,2018,14.8611,1.33333,0.444444
779,2018,11.5588,0.970588,0.0294118
780,2018,11.6786,0.125,0
781,2018,12.9048,0.690476,0
782,2018,14.2623,0.278689,0
783,2018,8.54545,0.181818,0
784,2018,8.33333,0.333333,0
785,2018,8.31148,0,0
786,2018,11.4219,2.40625,0.140625
787,2018,11.0909,3.81818,0.113636
788,2018,11.2059,0,0
789,2018,11.32,1.92,0
790,2018,29.3014,3.08219,2.15068
791,2018,31.9286,2.42857,2.28571
792,2018,22.6452,2,0.612903
793,2018,21.0851,1.70213,0.957447
794,2018,23.2667,2.73333,1
795,2018,21.7447,1.25532,0
796,2018,22.2857,1,0
797,2018,17.9,1.44,0
798,2018,12.4762,1.09524,0
799,2018,20.04,3,0
800,2018,36.8889,11.3704,1.22222
801,2018,31.6286,10.0857,2.54286
802,2018,37.5227,11.6136,1.09091
803,2018,39.1667,8.83333,2
804,2018,30.4561,7.15789,1.89474
805,2018,37.5625,10.625,1.59375
806,2018,38.6667,10.3704,3.07407
807,2018,32.8788,11.1818,5.54545
808,2018,31.5128,7.30769,3.4359
809,2018,35.3548,10.4516,2.3871
810,2018,28.2115,6.96154,3.55769
811,2018,24.2759,3.34483,2.34483
812,2018,27.1034,4.72414,1.55172
813,2018,13.3333,5.73333,2.13333
814,2018,20.4783,4.91304,1.43478
815,2018,21.6429,5.71429,3.5
816,2018,24.1765,5.23529,2.61765
820,2018,33.5455,13.3636,5.18182
821,2018,18,9,7
822,2018,29.5,15.15,8.05
823,2018,32.3571,9.35714,6
824,2018,27.2727,13.9091,8.59091
825,2018,27.7778,10,8
826,2018,30,14.3889,8.66667
827,2018,29.1875,14.8125,10.5625
828,2018,28.6154,13.8462,9.92308
829,2018,29.4737,8.57895,9.89474
830,2018,27.8333,10.3333,9
831,2018,26.1111,12.6111,8.88889
832,2018,25.2308,12.0769,11.7308
833,2018,21.7297,13.5946,16.7838
834,2018,25.119,9.61905,14.5476
835,2018,22.8148,9.48148,15.0741
836,2018,23.8,12.6,15.32
837,2018,29.0833,14.5833,16
838,2018,23.2833,14.45,15.3667
840,2018,24.2558,8.47674,8.89535
841,2018,27,7.33333,11.6667
843,2018,25.8205,13.6154,9.25641
844,2018,22.8333,11,9.83333
845,2018,15.1538,6.23077,4.38462
846,2018,15.7111,8.02222,6.35556
847,2018,16.7681,5.4058,0.797101
850,2018,9.59091,0.704545,0
851,2018,10.92,0,0
852,2018,10.7556,0.0888889,0
853,2018,9.43478,0.449275,0.333333
855,2018,10.8095,0.0952381,0.047619
856,2018,7.8,0.0222222,0
857,2018,10.1842,0,0
859,2018,13.0769,1.53846,0.153846
860,2018,11.9167,3.27778,1.83333
863,2018,9.6,1.28,1.12
864,2018,12.4348,1.21739,0.695652
865,2018,9.9,3.7,1.7
870,2018,20.4737,2.75439,0.859649
871,2018,23,2.54545,0
873,2018,11.4348,2.13043,1.82609
874,2018,11.4,3.33333,2.2
875,2018,29.2951,2.29508,1.85246
877,2018,28.3333,3.16667,1.26667
878,2018,17.4167,2.08333,0.166667
879,2018,15.1667,1.91667,0
880,2018,15.5682,1.79545,0.0227273
881,2018,20.7368,1.52632,0.473684
882,2018,17.3478,1.21739,0.652174
883,2018,17.0303,2.06061,0.333333
884,2018,26.2,3.8,0.85
890,2018,13.1064,5.19149,1.12766
891,2018,13.9778,5.22222,1
893,2018,11,7.88889,3.33333
894,2018,18.087,10.3261,10.7391
895,2018,21.7692,13.6154,10.0769
897,2018,22.4,11.2,11.8
898,2018,13.125,8.4375,10.6875
900,2018,17.9265,2.67647,2
902,2018,15.5714,2.85714,1.8
903,2018,16.2,2.6,2
904,2018,15.8,2.6,2
905,2018,14.1667,3,1.5
906,2018,16.6111,2.72222,2
907,2018,14.9545,2.72727,1.68182
908,2018,14.8571,3,1.85714
910,2018,17.4615,3.38462,1.23077
911,2018,18.75,3,1.875
912,2018,18.4,2.5,1.9
913,2018,17.3158,3.60526,1.73684
914,2018,18.75,3.125,2
915,2018,18.4,2,2
916,2018,18,3,2
917,2018,15.8913,3.54348,2.13043
918,2018,18.5,3.5,2
919,2018,8.24,2,1
920,2018,10.3261,2.47826,0.913043
921,2018,9.93023,2.93023,1
922,2018,13.3125,0.9375,1.54167
923,2018,12.2063,3.30159,3.14286
924,2018,12.125,2.875,4.75
925,2018,13.5,1.875,2.575
926,2018,12.4884,2.83721,1.86047
927,2018,12.5556,2.55556,2
928,2018,14.3939,2.42424,1.90909
930,2018,14.7083,4.45833,1.70833
931,2018,13.4444,8.55556,0.888889
932,2018,20.5538,8.18462,8.32308
933,2018,21.4545,6.45455,8.36364
934,2018,16.3947,9.63158,1.44737
935,2018,12,6.09524,3
936,2018,24.5763,10.8814,11.678
937,2018,28.8,11.55,14.8
939,2018,21.72,12.6,2.44
940,2018,23.3529,17.9706,6.52941
941,2018,27.3793,17.5862,8.48276
943,2018,22.8,19,6
944,2018,26.75,18.5,7
945,2018,25.1446,17,12.9036
946,2018,25.6667,17.7333,9.86667
947,2018,25.5,18.3,11
948,2018,23.6,18.2,11.2
949,2018,26.8889,16.1111,9.75
950,2018,21.4359,15.8205,4.71795
951,2018,20.0345,18.1379,6.13793
952,2018,29.2683,14.0732,14.878
953,2018,23.6143,14.5857,13.3714
954,2018,22.8088,13.1324,13.9853
955,2018,20,10.0851,13.1277
956,2018,30,14.7471,17.8621
957,2018,29.3636,15.2727,14.6364
958,2018,36.5862,16.8621,20
959,2018,24.4286,10.7857,24.1
960,2018,15.8243,9.06757,27.473
961,2018,18.4773,10.2045,14.6136
967,2018,0,0.0128205,0
968,2018,0,0,0
969,2018,0,0,0
970,2018,19.3065,10.0484,11.8226
971,2018,15.7317,8.14634,10.4878
972,2018,20.4571,8.97143,11.8
973,2018,16.8769,9.64615,10.5692
974,2018,16.4231,6.60256,16.0513
975,2018,11.4583,9.91667,36.875
976,2018,15.9091,11.4091,26.9091
977,2018,18.5,8.875,16.625
978,2018,21.717,10.6226,13.8113
979,2018,24.125,10.25,14.75
980,2018,17.9091,7.6,10.3636
981,2018,20.0769,7.92308,9.89744
982,2018,16.597,6.44776,10.9701
983,2018,16.7647,8.01471,9.08824
984,2018,16.6667,9.96296,9.85185
985,2018,16.5821,7.73134,8.83582
986,2018,19.5088,9.15789,11.1754
988,2018,13.8667,10.2222,17.6
989,2018,21.6667,9.66667,15.0333
990,2018,24.4062,15.9062,15.4375
991,2018,21.625,15.5781,15.4219
992,2018,26.4375,17.0625,15.875
993,2018,23.9714,12.4571,15.5143
994,2018,23,9.66667,14.3333
995,2018,0.280702,0,0.0175439
996,2018,0.529412,0,0
997,2018,2.68831,0.38961,0.337662
998,2018,3.53333,0.666667,0.466667
999,2018,5.72727,0.454545,1.18182
006,2019,0,0,0
007,2019,0.0652174,0,0
008,2019,0,0,0
009,2019,0.275,0,0
010,2019,24.1129,5.22581,2.91935
011,2019,22.2308,6.07692,3
012,2019,24.3125,5.625,2.46875
013,2019,25.2333,4.43333,2.1
014,2019,27.5714,3.66667,2.66667
015,2019,27.0667,4.62222,3
016,2019,26.4545,4.90909,3
017,2019,28.5185,3.88889,3
018,2019,26.9375,4.75,3
019,2019,27.6875,4.21875,2.6875
020,2019,29,3.46154,3
021,2019,28.566,4.20755,3
022,2019,28.75,4,3
023,2019,28.75,4.25,2.92857
024,2019,28.4444,4.14815,3
025,2019,28.64,6.2,1.88
026,2019,30.4571,6,1.2
027,2019,28.8889,4.25,2.88889
028,2019,28.1746,4.60317,3
029,2019,29.6111,4,3
030,2019,26.2647,4.70588,2.02941
031,2019,25.8571,5.85714,2
032,2019,24.6034,5.17241,2.03448
033,2019,24.75,4.25,2
034,2019,25.88,3.24,2
035,2019,25.25,4.65,2.8
036,2019,27.25,3,2
037,2019,24.75,4.58333,2.25
038,2019,26.0448,5.47761,1.29851
039,2019,26.4545,6.18182,1
040,2019,26.7742,6.48387,1.1129
041,2019,26.2222,8,1
042,2019,28.0833,5.14583,2.08333
043,2019,29.4762,5,1.85714
044,2019,27.1667,5.18182,2.65152
045,2019,28.0345,6.06897,1
046,2019,27.4068,5.69492,1.01695
047,2019,25.0769,3.82051,3
048,2019,28.4444,5.77778,1
049,2019,28.8281,4.8125,2.39062
050,2019,25.9184,5,2.04082
051,2019,27,3.25,2
052,2019,24.7273,5,2
053,2019,24.0952,4.66667,2
054,2019,28.5208,4.8125,2.89583
056,2019,27.0606,5.24242,2.51515
057,2019,26.375,4.525,2
058,2019,26.175,5,3.625
059,2019,25,5,3.42857
060,2019,22.6885,5.65574,3
061,2019,21.5,7,3
062,2019,25.697,4.51515,3
063,2019,25.75,5.41667,3
064,2019,22.3333,6.42593,3
065,2019,21.5,6.66667,3
066,2019,20.7,7,3
067,2019,22.0526,6.05263,3
068,2019,19.76,7.04,3
069,2019,19,7.16667,3
070,2019,19.0253,9.34177,1.06329
071,2019,19,10,1
072,2019,19,9.42857,1
073,2019,19,10,1
074,2019,19.5135,6.27027,2.32432
075,2019,18.4167,8.91667,2
076,2019,18.7692,8.71795,1.84615
077,2019,20.4146,8.97561,0.95122
078,2019,20.9333,6.17778,0.955556
079,2019,19.4483,8.10345,0.62069
080,2019,22.954,6.97701,0.0114943
081,2019,23,7,0
082,2019,25.5172,5.51724,0
083,2019,23.5758,6.36364,0
084,2019,26.75,6,0
085,2019,21.6452,8.29032,0
086,2019,21.6667,8.13333,0
087,2019,22.04,7.4,0.76
088,2019,20.8519,7.92593,0.259259
089,2019,21,9,0.333333
100,2019,19,10,1
101,2019,19,10,1
102,2019,19,10,1
103,2019,19.4615,9,1
104,2019,18.92,9.88,1
105,2019,20.7778,6.50794,2.88889
106,2019,19.5,7.5,3
107,2019,19.5556,8.11111,2.33333
108,2019,19.75,8.5,1.5
109,2019,20.7627,5.45763,3
110,2019,18.2857,10,1
111,2019,19,10,1
112,2019,18.2368,9.89474,1
113,2019,18,10,1
114,2019,18,10,1
115,2019,18.85,9.875,1
116,2019,19,9.8,1
117,2019,20.2727,8.64935,1.25974
118,2019,19,10,1
119,2019,23.5682,7.77273,2.06818
120,2019,23.4545,6.33333,2
121,2019,23.5,6.33824,2
122,2019,24,6.75,2
123,2019,24.625,6,2
124,2019,22.9268,5.4878,2.5
125,2019,23.8413,5,2.96825
126,2019,24,5,3
127,2019,20.9661,5.69492,2.50847
128,2019,25.6154,5.61538,2
129,2019,27.8194,4.84722,2.84722
130,2019,23.52,7.5,1.44
131,2019,23.9216,7.43137,1.52941
132,2019,23,8.17647,1.23529
133,2019,23.3774,7.4717,1.56604
134,2019,23.4516,7.82258,1.48387
135,2019,23.5,8,2
136,2019,26.8193,6.19277,2.20482
137,2019,21.8205,6,1.41026
138,2019,22.0244,6.09756,1.2439
139,2019,23,5,1
140,2019,26.7377,5.29508,2.39344
141,2019,26.7143,5.62857,2.34286
142,2019,26,6.89655,2.03448
143,2019,25.4,7,2
144,2019,25.6222,4.73333,2.91111
145,2019,25.6964,5.17857,2.67857
146,2019,26.52,5.92,3
147,2019,26.0484,6.09677,1.66129
148,2019,23.0541,4.59459,2.39189
149,2019,24.25,5,2.75
150,2019,28.9014,5.6338,1
151,2019,28.3929,5.14286,1
152,2019,28.8605,5.04651,1
153,2019,30.2545,4.76364,0.981818
154,2019,31.3857,4.24286,0.885714
155,2019,25.0811,5.16216,0.513514
156,2019,28.0833,5.06944,1
157,2019,25.0794,5.60317,1.2381
158,2019,23.6333,5.06667,1.96667
159,2019,23.8605,5.95349,1
160,2019,27.6571,5.91429,1.31429
161,2019,26.5952,7.07143,1.47619
162,2019,26.5128,5.23077,1.5641
163,2019,26.2093,6.06977,1.76744
164,2019,26.2424,8.24242,1.63636
165,2019,28.0714,8.42857,1.14286
166,2019,24.0448,5.89552,1
167,2019,25.2273,6.45455,1.04545
168,2019,23.1636,5.38182,1.45455
169,2019,21.75,6.03125,1.34375
170,2019,25.7791,5.09302,0.651163
171,2019,26.2,5.4,0.1
172,2019,25.6531,5.2449,0.387755
173,2019,26.6667,4.3125,0
174,2019,26.4286,4,0
175,2019,26.1915,4.57447,0
176,2019,26.25,4.25,0
177,2019,22.3,5.325,1.35
178,2019,24.3519,5.07407,1
179,2019,24.9333,4.68889,1
180,2019,22.8545,5.34545,0.490909
181,2019,23,5.42857,0
182,2019,23.3056,5,1
183,2019,21.5556,5.5,1.08333
184,2019,22.2353,4.45098,1.84314
185,2019,22.1818,5,2
186,2019,21.7778,5.5,1.05556
187,2019,22.25,5.75,1
188,2019,22.0294,4.41176,1.44118
189,2019,23.2821,6.74359,0
190,2019,23.6471,6.72059,0
191,2019,23.28,6.92,0
193,2019,25.1765,5.58824,0
194,2019,24.0625,6.71875,0
195,2019,24.2143,5.28571,0.166667
196,2019,24.6,5.1,0
197,2019,25.2632,5.42105,0
198,2019,25.2,6,0
199,2019,25.9744,5.02564,0
200,2019,26.8519,4,0
201,2019,23.5111,3.2,0
202,2019,27,4,0
203,2019,26.6,4,0
204,2019,27,4,0
205,2019,27,4,0
206,2019,26.918,4.04918,0
207,2019,27.434,4,0
208,2019,28.35,3.45,0
209,2019,27.125,4,0
210,2019,28.2292,4.0625,0
211,2019,27.6333,3.96667,0
212,2019,29.8837,4,0
214,2019,29,4,0
215,2019,24.3043,5.56522,0
216,2019,28.1897,4.03448,0
217,2019,27.1786,4.125,0
218,2019,26.6486,4.37838,0
219,2019,27.4,4.6,0
220,2019,24.5263,3.21053,0
221,2019,24.75,3.125,0
222,2019,25.3636,4,0
223,2019,24.5714,4,0
224,2019,26.4167,3.375,0
225,2019,26.16,3.04,0
226,2019,23,3.65517,0
227,2019,24.2286,2.48571,0
228,2019,24.5,3,0
229,2019,26.15,2.05,0
230,2019,26.5417,2.25,0
231,2019,26.3778,2.42222,0
232,2019,27,2,0
233,2019,26,3.72414,0
234,2019,25.7778,3.64444,0
235,2019,25.8571,4,0
236,2019,26,3.70833,0
237,2019,25.8571,4,0
238,2019,24.5091,2.43636,0
239,2019,24.5278,2.27778,0
240,2019,26.8372,1.60465,0.651163
241,2019,26.975,1.675,0.625
242,2019,32.0909,2.77273,1.54545
243,2019,28.375,1.75,0.675
244,2019,24.9767,3.02326,0
245,2019,25.3036,1.94643,0.232143
246,2019,31.76,2.6,1.36
247,2019,31.7059,3.58824,0.294118
248,2019,31.4909,4.54545,0.581818
249,2019,26.7714,3.08571,0
250,2019,29.16,7.3,0.12
251,2019,29.3846,7.34615,0.211538
252,2019,29.425,7.25,0.375
253,2019,30.7143,7,0.642857
254,2019,25.5417,4.16667,0
255,2019,30.4,7.65,0.775
256,2019,30.4884,7.55814,0.186047
257,2019,31,7.83333,1
258,2019,30.7045,5.11364,0
259,2019,29.4595,4.59459,0
260,2019,30.0833,5.58333,1
261,2019,28.2424,7.27273,0.030303
262,2019,25.7115,4.63462,0
263,2019,27.4194,6.80645,0
264,2019,26.931,6.48276,0
265,2019,27.4865,6.62162,0.0810811
266,2019,27.1786,6.25,0
267,2019,23.8696,4.6087,0
268,2019,24.3333,3.58333,0
270,2019,29.1176,2.08824,0
271,2019,32.5556,2,0
272,2019,30.1591,1.95455,0.0227273
273,2019,29.8056,1.94444,0
274,2019,32.0909,2,0
275,2019,27.8194,1.59722,0
276,2019,27.8824,1.82353,0
277,2019,29.1111,1.88889,0
278,2019,25.4458,1.50602,0
279,2019,26.4138,1.62069,0.0172414
280,2019,30.5102,2.02041,0
281,2019,30.3256,2.04651,0
282,2019,31.2759,2,0
283,2019,32.3506,2.25974,0
284,2019,24.9636,2.54545,0
285,2019,26.9194,1.5,0
286,2019,27.7468,2.89873,0
287,2019,27.5067,1.54667,0
288,2019,27,2,0
289,2019,28,1.33333,0
290,2019,26.1633,2.53061,0
291,2019,26.2979,2.51064,0
292,2019,29.1538,3,0
293,2019,26.7111,1.4,0
294,2019,25.1228,1.36842,0
295,2019,26.1754,2.14035,0
296,2019,26.2769,1.61538,0
297,2019,27.04,2.04,0
298,2019,27.6286,3.6,0
299,2019,29.5806,2.22581,0
300,2019,26.9516,3.74194,0
301,2019,29.4912,3.12281,0
302,2019,28.0536,3.41071,0
303,2019,28.3,4,0
304,2019,28.1628,3.53488,0
305,2019,25.9365,1.85714,0
306,2019,26.2045,3.54545,0
307,2019,31.1875,1.46875,0
308,2019,28.7273,4.36364,0
309,2019,28.5714,4,0
310,2019,26.2381,3.54762,0
312,2019,26.4,4,0
313,2019,25.3333,2.29167,0
314,2019,27.5,3.25,0
315,2019,20.7021,1.3617,0
316,2019,21.9355,1.12903,0
317,2019,28.9615,2.57692,0
318,2019,26,3.2963,0
319,2019,29.5714,3.14286,0
320,2019,12,1.1087,0
321,2019,8.62222,0.6,0
322,2019,13.1892,1,0
323,2019,26.6744,1.39535,0.139535
324,2019,27.0465,1.23256,0.0697674
325,2019,26.878,2.78049,0.121951
326,2019,10.8605,1.02326,0
327,2019,7.11364,0,0
328,2019,7.47059,0.0882353,0
329,2019,4.88235,0.0294118,0
330,2019,6.29412,0,0
331,2019,6.04762,0,0
333,2019,8.14286,0,0
334,2019,11.4035,0,0
335,2019,7.02273,0,0
336,2019,7.18519,0,0
337,2019,8.10256,0,0
338,2019,5.71154,0.0384615,0.0192308
339,2019,8.4898,0,0
341,2019,8.125,0,0
342,2019,7.10417,0.0208333,0
344,2019,10.0588,0.176471,0
346,2019,9.54545,0,0
347,2019,7.5,0,0
349,2019,5.5,0,0
350,2019,36.7368,3.05263,0
351,2019,36,3.19048,0.0238095
352,2019,37.2258,3,0
354,2019,35.8235,3.88235,0
355,2019,35.5122,2.5122,0
356,2019,37.7027,1.51351,0.0540541
357,2019,36.8125,1.1875,0.25
358,2019,37.4545,1,0.636364
359,2019,35.7179,1.89744,0.102564
360,2019,28.8246,3.01754,0.0350877
361,2019,31.25,3.8125,0
362,2019,33.1071,2.92857,0
363,2019,27.1765,1.76471,0.470588
364,2019,30.0938,2.4375,0.09375
365,2019,28.45,2.15,0.116667
366,2019,28.2381,2.2381,0.0952381
367,2019,34.75,3.13636,0
368,2019,28.963,3.48148,0
369,2019,34.6154,3,0
370,2019,40.0781,2.60938,0
371,2019,39.8936,2.29787,0.0212766
372,2019,41.7391,2.73913,0
373,2019,35.6104,1.16883,0
374,2019,34.875,1,0
376,2019,31.4242,3.0303,0.69697
377,2019,34.1875,3.39583,0.145833
378,2019,33.6724,3.22414,0.103448
379,2019,35,3,0
380,2019,47,2.46,0.68
381,2019,50.7419,3.93548,0
382,2019,45,2.39286,1.35714
383,2019,44.8525,1.2459,0.786885
384,2019,39.8529,1,0.0294118
385,2019,37.1915,3.48936,0
386,2019,45.717,1.43396,0
387,2019,41.475,4.05,0
388,2019,37.9756,2.09756,0
389,2019,38.9459,2.81081,0
390,2019,33.5833,2.69444,0
391,2019,33.4419,2.65116,0
392,2019,32.9412,3,0
393,2019,33.75,3.25,0
394,2019,30.1667,2.13889,0
395,2019,25.5714,2.17857,0.178571
396,2019,32.1154,2.53846,0
397,2019,34.5,3.6,0
398,2019,29.7742,2.25806,0
400,2019,36.1429,5.32653,2.57143
401,2019,36.5806,5.90323,1.51613
402,2019,38.4706,5,3
403,2019,35.85,6,2.65
404,2019,33.64,7.16,1.72
405,2019,37.875,6,2.9375
406,2019,32,6,3
407,2019,33.2727,4.90909,0.818182
408,2019,33.5135,4.21622,1.91892
409,2019,34.2333,4.53333,1.7
410,2019,34.4906,6.71698,3.4717
411,2019,32.5926,7,2.03704
412,2019,31.8966,7.65517,1.89655
413,2019,34.3684,7.73684,2
414,2019,34.3333,7,2.33333
415,2019,32.3947,5.52632,1.97368
416,2019,34.3529,7.08824,2
417,2019,33.9697,5.87879,2
418,2019,33.9394,5.39394,2
420,2019,46.1667,4.39583,0.8125
421,2019,38.25,5.14286,0.285714
422,2019,40.6333,4.33333,0.266667
423,2019,40.025,5.575,0.675
424,2019,41.6429,6.46429,0
425,2019,31.5714,6.42857,1
426,2019,33.5,4.66667,0.25
427,2019,37.2059,4.73529,0.970588
430,2019,30.5968,6.69355,1.25806
431,2019,29.1304,7.15217,1
432,2019,32,7,1
433,2019,28.125,7.9,1.225
434,2019,27.7209,6.18605,3.30233
435,2019,27.0755,4.83019,4.07547
436,2019,27.2353,5.58824,3
437,2019,28.5893,6.75,0.964286
438,2019,29.4118,6.70588,1
439,2019,29.7273,6,0.981818
440,2019,26.5789,7.82456,2.66667
441,2019,26.8542,7.14583,3
442,2019,25.8182,8.29545,0.931818
443,2019,26,8.88889,0.277778
444,2019,26.6731,7.61538,1.23077
445,2019,27,7.23077,1.23077
446,2019,28.4028,7.45833,0.708333
447,2019,28.1429,7.35714,0.5
448,2019,26.75,8.39286,0.732143
449,2019,26,9.57143,0
450,2019,33.3636,4.78788,3.45455
451,2019,30.6667,6.85417,2.6875
452,2019,34.7391,5.82609,4
453,2019,30.9351,5.45455,2.84416
454,2019,31.8,5.46667,2.86667
455,2019,32.3333,6,2
456,2019,29.2656,8.1875,1.0625
457,2019,27.2979,8.29787,0.489362
458,2019,27.4146,7.32927,2.0122
460,2019,31.9545,5.11364,2.97727
461,2019,33.0968,3.83871,3.16129
462,2019,33.5263,4.18421,3
463,2019,27.3333,7.53333,4
464,2019,27.6667,8.22222,4
465,2019,26.9375,5.5,4.45833
466,2019,26.5455,6.72727,5.36364
467,2019,28.4032,4.56452,4.12903
468,2019,28.5625,5.75,3.75
469,2019,29.4839,6.87097,2.3871
470,2019,34.4138,5,3.86207
471,2019,35.4222,4.55556,3.44444
472,2019,33.5455,3.84848,3.9697
473,2019,31.4237,5.55932,3.10169
474,2019,33.7442,3.7907,3.51163
475,2019,35.7885,5.44231,2.17308
476,2019,37.3077,6.42308,0.923077
477,2019,37.5556,7.33333,0.111111
478,2019,33.0612,4.81633,2.73469
479,2019,29.5231,5.66154,3.58462
480,2019,26,7.3913,4
481,2019,25.8857,6.37143,3.92857
482,2019,25.4872,7.94872,4
483,2019,25.8627,5.76471,4
484,2019,26.6271,5.62712,4.23729
485,2019,26.9,5.3,4
486,2019,27.0588,5.58824,5.21569
487,2019,27.04,6.84,4.58
488,2019,28.7722,3.96203,4.53165
489,2019,28.8571,5,4
490,2019,28.4177,4.93671,5.50633
491,2019,27.25,6.75,4.7
492,2019,26.7241,5.34483,3.94828
493,2019,29.5714,4.33333,4.64286
494,2019,30.06,5,5.68
495,2019,29.9286,4.35714,4.71429
496,2019,28.5373,4.70149,6.08955
497,2019,29.1061,4.06061,6.74242
498,2019,28.6154,5.32308,8.75385
499,2019,31.0217,5.67391,8.63043
500,2019,39.5397,6.57143,2.25397
501,2019,39.1304,6.68116,2.21739
502,2019,39.3438,6.6875,2.23438
503,2019,40.1765,6.82353,2
504,2019,38.9636,6.87273,3.07273
505,2019,40.6081,6.17568,3.17568
506,2019,37.1176,7.05882,3.02941
507,2019,37.75,7,3
508,2019,40.9286,5.53571,1.82143
510,2019,41,5.50909,3.56364
511,2019,40.375,5,4
512,2019,43.1,5.75,3
513,2019,43.8696,5.08696,3.82609
514,2019,40.1562,5.96875,3.28125
515,2019,38.2593,6.59259,2.66667
516,2019,38.25,4.2,2.65
520,2019,31.8182,8.54545,3.34091
521,2019,36.4062,6.53125,4.15625
522,2019,33.6383,8.38298,2.21277
523,2019,33.4717,8.35849,2.16981
524,2019,35.1667,9,2
525,2019,36.12,6.56,2.02
526,2019,31.5882,7.79412,2
527,2019,29.6591,9.5,2.54545
528,2019,28.6667,10.1667,3
530,2019,29.5467,6.73333,6.10667
531,2019,29.0182,6.94545,4.94545
532,2019,29.6333,6.1,6
534,2019,27.6,8,5
535,2019,30.7407,8.25926,4.76543
537,2019,32.2857,7.85714,5.78571
538,2019,32.1905,8.2381,4.2381
539,2019,30.4583,9.125,5.375
540,2019,33.9167,9.45833,4
541,2019,31.1481,5.66667,7.62963
542,2019,31.2593,4.96296,7.40741
543,2019,34.1429,5.14286,8
544,2019,30.7792,9.5974,6.16883
545,2019,29.6222,8.84444,7.22222
546,2019,35.8679,7.84906,4.96226
547,2019,34.1837,8.4898,4.87755
548,2019,30.3065,9.77419,6.22581
549,2019,29.1964,9.03571,5.60714
550,2019,36.8116,9,3.86957
551,2019,39.5312,7.9375,4
553,2019,38.7209,8.15116,3.88372
554,2019,39.8627,7.7451,4
556,2019,29.2308,6,8.23077
557,2019,30.1739,10.4203,5.63768
558,2019,30.2727,10.3636,6.54545
559,2019,39.8873,6.16901,4.05634
560,2019,41,7.15493,3.32394
561,2019,41.8485,5.31818,3.77273
562,2019,39.7027,7.31081,3.40541
563,2019,35.7714,9.92857,3.97143
564,2019,34.1795,11.1795,3.97436
565,2019,38.1549,10.4085,4.50704
566,2019,32.9375,9.20833,6.89583
567,2019,34.35,8.8,7.375
570,2019,37.1304,4.95652,3.52174
571,2019,40.2222,5.22222,3
572,2019,36.4286,6.76786,2.98214
573,2019,32.35,4.41667,3.6
574,2019,27.2653,6.22449,3.02041
575,2019,24.7209,4.5814,3.02326
576,2019,17.6562,5.65625,3.59375
577,2019,22,3.52632,2.03509
580,2019,37.0167,9.13333,3.06667
581,2019,38.75,12,4
582,2019,34,12.1034,4.58621
583,2019,31.06,10.88,4.7
584,2019,30.4194,6.6129,3.70968
585,2019,24,6.46667,4.17778
586,2019,22.6774,5.87097,4.06452
587,2019,29.7778,7.61905,5.57143
588,2019,29,9.33333,4.53333
590,2019,18.9861,3.91667,0.902778
591,2019,19,5.5,1
592,2019,29.2683,7.34146,3.78049
593,2019,22.2,3.93333,2.46667
594,2019,25.7869,4.63934,2.86885
595,2019,29.4783,5.82609,2.86957
596,2019,22.0526,1.73684,0.157895
597,2019,21.3571,0.547619,0
598,2019,27.86,3.1,1.16
599,2019,27,6.55556,2.74074
600,2019,29.4923,6.78462,4.13846
601,2019,30.2639,7.45833,3.91667
602,2019,30,7,4
603,2019,30,7.75,4
604,2019,29.519,7.31646,3.81013
605,2019,31.0357,7.5,3.67857
606,2019,30.2679,7.33929,4
607,2019,29.75,7,4
608,2019,30.5,8,4
609,2019,29.0357,5.66071,3.25
610,2019,29.5758,9,3.07576
611,2019,29.9091,8.54545,3
612,2019,28.5455,10.25,2.75
613,2019,26.1613,9.98387,3
614,2019,28.0411,9.60274,2.20548
615,2019,26.5652,9.21739,2.54348
616,2019,26.8333,9,3
617,2019,27.6981,7.35849,2.98113
618,2019,29.8448,6.31034,2.62069
619,2019,33.1,6.1,2.36667
620,2019,38.1333,6.05333,2.72
622,2019,41.4595,6.74324,1.14865
623,2019,32.4808,6.76923,2.98077
624,2019,35.0333,5.38333,2.91667
625,2019,32.0392,6.4902,2.47059
626,2019,31.5088,7.15789,2.52632
627,2019,31.625,7.125,2.625
628,2019,40.1977,6.19767,1.04651
629,2019,47.6923,6.58974,0.474359
630,2019,42.7544,6.26316,1.61404
631,2019,42.2391,7.56522,1.19565
633,2019,39.0889,5.73333,2.97778
634,2019,33.8,5.475,3.15
635,2019,36.2727,5.21212,2.93939
636,2019,43.5588,4.08824,2.02941
637,2019,49.6216,6.05405,1.24324
638,2019,48.3111,6.24444,1.95556
639,2019,45.2069,4.41379,2
640,2019,37.4762,6.09524,2.47619
641,2019,37.0588,6.62745,2.98039
644,2019,38.5857,4.57143,2.85714
645,2019,37,6.16667,3
646,2019,38.1111,5.72222,3.01852
647,2019,36.6739,3.6087,2.30435
648,2019,37.8824,2.79412,2.08824
650,2019,40.0556,4.16667,2.11111
651,2019,41,4,2
652,2019,36.9565,5.82609,3.28261
653,2019,37.1613,5.29032,2.09677
654,2019,41.6786,3.32143,2.03571
655,2019,41.7742,3.12903,2.16129
656,2019,37.1,2.51429,2.37143
657,2019,37.473,2.59459,2.25676
658,2019,38.2222,1,3.44444
660,2019,34.3529,5.77941,2.88235
661,2019,36.4167,7.16667,3
662,2019,33.68,7.52,3
664,2019,33.0857,4.51429,2.54286
665,2019,34.2791,4.51163,2.90698
666,2019,33.7222,6.72222,2.77778
667,2019,35.3137,3.23529,2.11765
668,2019,35.5429,3.54286,2.4
669,2019,28.9412,3.76471,2.26471
670,2019,33.1724,4.06897,0.465517
671,2019,33.0952,4.16667,0.404762
672,2019,36.4286,4.85714,0.0357143
673,2019,36.2963,4.22222,1.92593
674,2019,33.0351,3.70175,1.47368
675,2019,29.6981,3.96226,0
676,2019,27.1556,3.6,1.13333
677,2019,22.7857,2.42857,0.285714
678,2019,25.5641,3.20513,0
679,2019,21.6667,1.33333,0.5
680,2019,34.0909,6.18182,2.83636
681,2019,34.6053,6.73684,2.81579
683,2019,31.0429,5.31429,2.61429
684,2019,31.7679,5.375,2.51786
685,2019,34.1739,5.95652,2.69565
686,2019,31.4524,5.47619,3
687,2019,32.9178,3.35616,3.27397
688,2019,29.6719,4.1875,3
689,2019,27.8545,3.21818,2.6
690,2019,22.5769,3.46154,1.03846
691,2019,22.0455,3.90909,1.11364
692,2019,26.1818,2.09091,2.45455
693,2019,20.0345,2.89655,0.517241
700,2019,30.1333,2.44444,0.4
701,2019,28.1364,2.31818,0.409091
703,2019,35.0882,1.94118,0.823529
704,2019,30.4359,2.79487,0
705,2019,36.0328,3.57377,0.114754
706,2019,34.1282,2.46154,0.282051
707,2019,37.1724,3.68966,0
708,2019,40.0476,4.14286,0
710,2019,35.4528,1.18868,0.169811
711,2019,36.6667,1.86667,0.133333
712,2019,38.0392,2.27451,0.0196078
713,2019,38.0476,1.88095,0.0238095
714,2019,37.5085,0.915254,0.118644
716,2019,37,4.14286,0.2
717,2019,38.2069,3.06897,0.0344828
718,2019,36.8571,3.2,0
719,2019,38.5135,3.27027,0.0540541
720,2019,45.2133,3.94667,0.333333
721,2019,46.3333,3.86667,0.2
722,2019,52.1667,1.58333,0.0833333
723,2019,42.8966,6.63793,0.586207
724,2019,44.1167,5.7,1.41667
725,2019,45.0727,4.30909,0.727273
726,2019,39.3878,3.93878,0.77551
727,2019,37.8,3.575,1
728,2019,41,2.77143,0.0571429
729,2019,37.7143,2.6,0.314286
730,2019,33.0118,4.17647,0.0117647
731,2019,36.9767,4,0
734,2019,31.6667,2.15152,0
735,2019,27.4583,2.97917,0.125
736,2019,28.6364,3.24242,0.151515
737,2019,32.9592,5.34694,0
738,2019,26.6842,4.05263,0
739,2019,20.3125,1.625,0.3125
740,2019,31.8209,4.40299,0.940299
741,2019,33.7241,4.10345,1
743,2019,35.6333,2.8,1.26667
744,2019,36.8372,2.65116,0.744186
745,2019,35.3846,2.17949,0
746,2019,29.3333,5.22222,0.333333
747,2019,34.8529,2.58824,0
748,2019,31.617,3.46809,0.0212766
749,2019,38.7812,2.5625,0.21875
750,2019,31.1774,1.08065,0
751,2019,30.8654,1.61538,0.0192308
752,2019,30.26,1,0
753,2019,31,1,0
754,2019,36.4595,2.63514,0
755,2019,37.625,2.5,0
756,2019,38.8889,2.68889,0
757,2019,35.65,2.775,0.25
758,2019,35.0357,0.678571,0
759,2019,34.9318,1.27273,0.0227273
760,2019,28.2833,1,0
761,2019,28.9167,1,0
762,2019,31.0238,1.21429,0
763,2019,23.2143,3.71429,0
764,2019,21.9792,2.29167,0
765,2019,32.1915,0.0425532,0
766,2019,31.0357,0.5,0
767,2019,33.6,0,0
768,2019,20.4792,2.16667,0
769,2019,17.52,2.08,0.08
770,2019,36.5937,0.677083,0
772,2019,36,1,0
773,2019,37.6429,0.321429,0
774,2019,34.5915,1.43662,0
775,2019,34.3448,1.5,0
776,2019,34.3,1.5,0
777,2019,34.5,1.5,0
778,2019,38.1944,0.0277778,0
779,2019,29.6176,2.41176,0.235294
780,2019,22.875,1.875,0.142857
781,2019,27.4762,1.54762,0
782,2019,25.6066,1,0
783,2019,27.6818,4.47727,0.0454545
784,2019,33.1111,4.27778,0
785,2019,36.3934,7.21311,0.606557
786,2019,29.5,0.328125,0.046875
787,2019,32.6364,0,0
788,2019,22.1471,2.41176,0.264706
789,2019,35.96,0.24,0
790,2019,20.274,1.32877,0.246575
791,2019,20.1429,1.71429,0.857143
792,2019,20.7097,2.06452,0.0645161
793,2019,16.2128,2.19149,0
794,2019,16.0667,2.93333,0
795,2019,17.4255,3.31915,0
796,2019,19.7143,4,0
797,2019,13,1.82,0.1
798,2019,10.3333,0.857143,0
799,2019,9.48,0.08,0
800,2019,12.1852,0.555556,0
801,2019,12.0857,0.8,0.0857143
802,2019,12.4773,0.863636,0
803,2019,10.5,0.833333,0
804,2019,7.59649,0.333333,0.140351
805,2019,10.8438,1.625,0.09375
806,2019,11.7037,1.88889,0
807,2019,14.4545,3.45455,0.030303
808,2019,14.3846,0.846154,0.0769231
809,2019,15.9032,1.19355,0.258065
810,2019,15.2885,0.442308,0.173077
811,2019,9.89655,0.275862,0
812,2019,8.24138,0.517241,0.241379
813,2019,11,1.33333,0.0666667
814,2019,5.95652,0.869565,0.391304
815,2019,8.42857,0,0
816,2019,5.82353,0.0588235,0.558824
820,2019,9.77273,3.63636,0
821,2019,14,1,0
822,2019,15.85,3.4,0
823,2019,7.85714,2.07143,0.285714
824,2019,13.3182,2.63636,1
825,2019,7.88889,2.11111,0
826,2019,11.3889,3.22222,0.0555556
827,2019,16.4375,3.9375,1.125
828,2019,15.0769,3.76923,1.46154
829,2019,4.47368,0.947368,0.631579
830,2019,9.66667,2.83333,0
831,2019,6.11111,3.5,0.166667
832,2019,10.0769,2.23077,0.5
833,2019,14.2432,2.16216,1.18919
834,2019,13.7857,2.09524,0
835,2019,32.3333,4.22222,0.148148
836,2019,20.48,1.74,0.98
837,2019,22.0833,2.08333,1
838,2019,28.8833,5.46667,3.16667
840,2019,3.05814,0.593023,1
841,2019,3.14815,1,1
843,2019,5.38462,2.46154,1
844,2019,4,1,1
845,2019,7.46154,1.30769,0
846,2019,2.84444,0.888889,0.622222
847,2019,7.55072,0.84058,0.275362
850,2019,9.54545,0.954545,0
851,2019,6.52,0.24,0.04
852,2019,9.73333,0.711111,0
853,2019,6.46377,0.391304,0.0144928
855,2019,8.52381,0.714286,0.285714
856,2019,6.2,0.0222222,0
857,2019,6.86842,0.0789474,0
859,2019,11.7692,1.11538,1.42308
860,2019,12.4722,2.47222,0.416667
863,2019,10,0.88,0.88
864,2019,4.3913,0.304348,0
865,2019,14.95,1.75,0
870,2019,14.7018,1.63158,0.0350877
871,2019,16.7273,2.63636,0
873,2019,15.8261,2.95652,0.0434783
874,2019,14.4667,1.6,0
875,2019,14.9344,0.754098,0.0327869
877,2019,11.3333,1.53333,0.166667
878,2019,11,0.583333,0.0833333
879,2019,10.5833,0.583333,0
880,2019,9.65909,0.954545,0.0227273
881,2019,14.1579,1.26316,0.263158
882,2019,12.2609,0.782609,0
883,2019,11.0303,0.121212,0
884,2019,12.8,0.95,0.55
890,2019,3.65957,0.148936,0.148936
891,2019,4.06667,0,0
893,2019,2.33333,0.333333,1.11111
894,2019,8.58696,1.84783,0.478261
895,2019,9.15385,1.69231,0.153846
897,2019,8.2,2,0
898,2019,8.9375,1.4375,1.625
900,2019,6.16176,0.0882353,0.0588235
902,2019,6.4,0.428571,0.228571
903,2019,6.4,0.2,0
904,2019,4.2,1.8,1
905,2019,6.33333,0,0
906,2019,5.61111,0,0
907,2019,6.04545,0,0
908,2019,6.14286,0,0
910,2019,4.15385,0,0
911,2019,4,0,0
912,2019,4.8,0,0
913,2019,5.21053,0.526316,0.315789
914,2019,4,0.5,0
915,2019,5,0,0
916,2019,5.14286,0,0
917,2019,4.26087,0,0
918,2019,5,0,0
919,2019,4.44,0.36,0.08
920,2019,4.47826,0,0
921,2019,5.83721,0.162791,0
922,2019,3.04167,0.166667,0
923,2019,3.1746,0.031746,0.031746
924,2019,5.125,0,0
925,2019,4.15,0,0
926,2019,3.62791,0,0
927,2019,3.88889,0,0
928,2019,5.93939,0,0
930,2019,5.70833,1.58333,0.416667
931,2019,7.88889,2.33333,0
932,2019,9.89231,1.09231,0.0461538
933,2019,8.54545,1,0
934,2019,7.18421,2.13158,0.210526
935,2019,3.90476,0.357143,0.261905
936,2019,12.678,1.05085,0.118644
937,2019,15.5,1,0
939,2019,9.36,2.56,0
940,2019,15.8235,3.41176,0
941,2019,16.9655,5.68966,0
943,2019,15,3.8,0
944,2019,16.5,4,0
945,2019,14.1205,3.55422,0.819277
946,2019,15.5333,4.8,0
947,2019,15.3,5.1,0
948,2019,15,5.2,0
949,2019,15.3056,4.77778,0.5
950,2019,11.2564,3.28205,0
951,2019,11.5517,3.2069,0
952,2019,16.0244,2.82927,0.585366
953,2019,15.9857,1.85714,0.0714286
954,2019,14.7941,3.04412,1.26471
955,2019,14.1702,3.78723,0.702128
956,2019,17.1609,2.98851,0.83908
957,2019,13,2.77273,0.863636
958,2019,19.8621,3.89655,1
959,2019,18.5286,3.07143,0.385714
960,2019,16.2432,3.2027,1.37838
961,2019,9.13636,1.90909,0.863636
967,2019,0.0128205,0,0
968,2019,0,0,0
969,2019,0,0,0
970,2019,25.0161,1.83871,0.322581
971,2019,21.5854,2.87805,0
972,2019,24.2286,1.11429,0
973,2019,23.0615,2.03077,0.0307692
974,2019,21.5513,2.38462,0.474359
975,2019,17.0833,2.75,2.5
976,2019,17.8636,4.09091,1.22727
977,2019,21.4062,2.25,1.25
978,2019,28.0566,2.37736,1.09434
979,2019,19.6875,1.75,1
980,2019,24.0727,4,0
981,2019,24.5897,4,0
982,2019,25.4478,4.23881,0.0149254
983,2019,24.2059,3.91176,0
984,2019,24.037,4,0
985,2019,22.2985,4.76119,0
986,2019,23.614,2.96491,0.333333
988,2019,25.3778,5.44444,1.28889
989,2019,25.4333,4.36667,2.2
990,2019,29.0938,5.21875,5.1875
991,2019,28,5.09375,2.95312
992,2019,29.625,5.75,5.1875
993,2019,31.9429,3.6,1.88571
994,2019,33,4,0
995,2019,20.5614,5.80702,4.2807
996,2019,20.7882,5.21176,3.52941
997,2019,21.0519,6.83117,7.45455
998,2019,25,7.4,3.93333
999,2019,24.5455,6.45455,3.90909
006,2020,0,0,0
007,2020,0.0434783,0,0
008,2020,0.333333,0,0
009,2020,0,0,0
010,2020,20.0645,5.03226,3.48387
011,2020,20,5,3
012,2020,19.0625,4.9375,4
013,2020,19.8667,5.13333,3.83333
014,2020,20.2857,6.28571,3
015,2020,19.4222,6,3
016,2020,20,6,3
017,2020,20.4074,6,3
018,2020,20.25,5.65625,3
019,2020,21.4688,5,3
020,2020,19.9231,5,3
021,2020,22.3774,5,3
022,2020,22.75,5,3
023,2020,19.7143,4.14286,3
024,2020,21.8148,5.25926,3
025,2020,15.72,4.12,3
026,2020,15.2857,4.37143,3
027,2020,18.3611,4.05556,3
028,2020,17.9683,4.66667,3
029,2020,18.6667,4.05556,3
030,2020,19.2353,6.70588,3
031,2020,19.7143,7,3
032,2020,21.1379,4.27586,3.81034
033,2020,20,4.25,3.25
034,2020,19.12,6,3.84
035,2020,18.9,3.75,4.1
036,2020,19,5.375,4
037,2020,20.25,4.04167,4
038,2020,21.1194,4.68657,3.35821
039,2020,22.5455,4,3
040,2020,21.6613,4.43548,3.14516
041,2020,21.7778,4.44444,3
042,2020,21,4.3125,3.5625
043,2020,22.381,4,3
044,2020,23.4848,3.90909,3.09091
045,2020,22.7241,4.10345,3
046,2020,24.7966,2.59322,3
047,2020,22.8462,2.87179,4
048,2020,24,3.88889,3
049,2020,23.2031,3.82812,3.34375
050,2020,19.6122,4.02041,4
051,2020,18.8125,5.125,4
052,2020,18.3636,5.81818,4
053,2020,19.3333,6,4
054,2020,19.0833,4.33333,4.125
056,2020,19.8788,3.81818,4.06061
057,2020,20.6,4.275,4
058,2020,18.375,3.3,4.75
059,2020,18.2857,3.28571,4.57143
060,2020,18.7213,4.55738,3.32787
061,2020,17.8571,5,3
062,2020,17.4848,5.21212,3
063,2020,17.6944,5,3
064,2020,17,4.94444,3
065,2020,17,5,3
066,2020,17.7,5,3
067,2020,17.7368,4.23684,3.55263
068,2020,17.64,4.56,3.24
069,2020,18,4.83333,3
070,2020,19,4.87342,3.07595
071,2020,19,5,3
072,2020,19,5,3
073,2020,19,5,3
074,2020,19.1081,4.02703,3.89189
075,2020,19,4.16667,3.5
076,2020,19,4.66667,3.15385
077,2020,18.0244,5,3
078,2020,19.2667,4,3.97778
079,2020,19.1034,4.51724,3.17241
080,2020,15.2874,5,3
081,2020,16.4444,5,3
082,2020,14.2069,5,3
083,2020,13.5758,5,3
084,2020,13,5,3
085,2020,18.2581,5,3
086,2020,17.7333,5,3
087,2020,17.48,5,3
088,2020,18.8148,4.75926,3.12963
089,2020,19,5,3
100,2020,19,5,3
101,2020,19,5,3
102,2020,19,5,3
103,2020,19,5,3
104,2020,19,5,3
105,2020,18.4762,4.19048,3.73016
106,2020,19,4.5,3
107,2020,19,5,3
108,2020,19,5,3
109,2020,19.1186,4,3.98305
110,2020,18.8571,5,3
111,2020,19,5,3
112,2020,19,5,3
113,2020,19,5,3
114,2020,19,5,3
115,2020,17.85,5,3
116,2020,18.8,5,3
117,2020,17.2078,5,3
118,2020,18,5,3
119,2020,17.5227,5,3
120,2020,18.9091,5.37879,4
121,2020,19.0735,5.29412,4
122,2020,19.5,5,4
123,2020,19.375,5.5,4
124,2020,18.7195,4.92683,4
125,2020,19.0476,4.30159,4
126,2020,20.3333,4,4
127,2020,18.5763,4.69492,4
128,2020,19.6615,5.06154,4
129,2020,18.4583,5.69444,4
130,2020,19.1,5.02,4
131,2020,19.3529,5.17647,4
132,2020,20.2941,5,4
133,2020,19.3774,5.60377,4
134,2020,19.3548,5.70968,4
135,2020,19,6,4
136,2020,20.3494,5.96386,3.89157
137,2020,19.0769,5.05128,4
138,2020,19.4878,5.17073,4
139,2020,18.4,5,4
140,2020,22.6885,4,4.95082
141,2020,23.1143,4.17143,4.85714
142,2020,23.6897,4,4.96552
143,2020,25,5,4
144,2020,21.1111,4.02222,4.6
145,2020,21.1607,3.91071,4.78571
146,2020,23.12,4,5
147,2020,23.4677,3.59677,5.35484
148,2020,19.7432,3.90541,4.05405
149,2020,18.75,4,4
150,2020,20.2535,5.71831,5
151,2020,19.6786,5.57143,5
152,2020,19.907,5.95349,5
153,2020,20.1273,5.89091,4.34545
154,2020,19.8143,5.27143,3.98571
155,2020,19.1351,4.83784,3.18919
156,2020,20.4306,4.86111,4.81944
157,2020,20.4444,4.39683,4.77778
158,2020,19.9333,4.16667,4.4
159,2020,19.4651,4.06977,4.04651
160,2020,19.8857,5.65714,5.05714
161,2020,23.1429,4.88095,5.83333
162,2020,19.9231,4.5641,5
163,2020,21.9302,3.51163,5.81395
164,2020,24.3939,4.51515,6
165,2020,24.8571,4.92857,6
166,2020,18.1642,4.28358,3.95522
167,2020,20.5455,3.36364,4.13636
168,2020,19.1455,4.03636,4
169,2020,18.7812,4,4
170,2020,19.3488,3.5814,3.83721
171,2020,21,3,4
172,2020,18.5918,3.89796,3.22449
173,2020,18.3542,3.95833,3
174,2020,17.7143,4,3
175,2020,18.0638,4.06383,3
176,2020,19,4,3
177,2020,18.725,4,4
178,2020,18.537,3.96296,4
179,2020,20.6444,3.08889,4
180,2020,19.5818,4.05455,3.90909
181,2020,20,4,4
182,2020,19.3333,3.80556,4
183,2020,19.5556,4,4
184,2020,17.7059,4.82353,4
185,2020,16.4545,5,4
186,2020,17.3611,4.58333,4
187,2020,17.875,4.875,4
188,2020,18.0882,4.91176,4
189,2020,18.2051,4.87179,3
190,2020,17.3382,5,3
191,2020,17.58,5,3
193,2020,15.8235,4.97059,3
194,2020,17.1562,5,3
195,2020,18.8333,3.92857,3.71429
196,2020,19,4,3.7
197,2020,14.2632,5,3
198,2020,15.2,5,3
199,2020,13.4872,5.07692,2.38462
200,2020,17.963,4.92593,2
201,2020,18.2667,4.35556,2.2
202,2020,18,5,2
203,2020,18,5,2
204,2020,18,5,2
205,2020,18,5,2
206,2020,16.2459,4.13115,2
207,2020,16.7358,4.28302,2.16981
208,2020,18.2,4.175,2.725
209,2020,17.875,4.125,2.375
210,2020,15.6458,4.04167,2.89583
211,2020,16.1667,4.03333,2.9
212,2020,15.907,4,3
214,2020,14,4.6,2
215,2020,19.2609,4.82609,3
216,2020,13.5,4.55172,2.25862
217,2020,18.9643,3.98214,3
218,2020,14.7838,4.10811,2
219,2020,13.8667,4.66667,3
220,2020,17.4211,4.68421,2
221,2020,17.5625,4.5,2
222,2020,18,4.81818,2
223,2020,18.4286,4,2
224,2020,17.3333,4.08333,2
225,2020,17.44,4.16,2
226,2020,19.2759,4.75862,2.44828
227,2020,16.6857,4.68571,2
228,2020,18.9286,4.17857,2
229,2020,20.175,3.625,2
230,2020,18.8958,2.66667,2
231,2020,18.9333,2.88889,2
232,2020,19.1739,3.3913,2
233,2020,17.7241,2.06897,2
234,2020,17.5556,2,2
235,2020,18,2,2
236,2020,17.625,2,2
237,2020,18,2,2
238,2020,17.7273,2.94545,2
239,2020,18.5,1.97222,2
240,2020,20.093,2.53488,2.97674
241,2020,19.7,2.175,3
242,2020,21.6136,3.79545,2.81818
243,2020,19.325,3.1,3
244,2020,22.0698,3.53488,2.06977
245,2020,19.0893,1.25,2.66071
246,2020,20.96,4.2,3
247,2020,21.8824,3.94118,3
248,2020,22.3091,4.43636,3
249,2020,22.5714,3.31429,2.65714
250,2020,21.08,5.48,2.9
251,2020,20.7692,5.75,2.94231
252,2020,20.75,5.55,3.25
253,2020,21.3571,5,3.21429
254,2020,19.25,4.41667,3
255,2020,18.95,6.95,3.375
256,2020,21.7209,5.39535,3
257,2020,16.6667,9,4
258,2020,23.0682,4.43182,3
259,2020,23.1081,3.81081,2.91892
260,2020,21.3333,5.875,4.54167
261,2020,22.2727,5.63636,3.93939
262,2020,19.3846,4.98077,2.55769
263,2020,22.3871,5.03226,3.83871
264,2020,22,4.89655,3.72414
265,2020,21.5946,5.05405,3.91892
266,2020,21.8214,5.21429,2.42857
267,2020,18.2609,4.6087,3
268,2020,18.2083,4.5,2.375
270,2020,17.5,2.35294,1.14706
271,2020,17.3333,2.33333,0.777778
272,2020,16.6591,1.61364,0.522727
273,2020,16.8333,1.22222,0.666667
274,2020,16.5455,2,1
275,2020,18.1528,2.31944,0.819444
276,2020,17.1765,2.05882,0.941176
277,2020,17.6667,2.88889,1
278,2020,18.2169,2.81928,1.19277
279,2020,16.4483,2.51724,1.63793
280,2020,18.2653,2.28571,0
281,2020,17.6744,1.90698,0
282,2020,17.0345,1.44828,0
283,2020,21.4545,1.88312,0
284,2020,19.6727,3.05455,0
285,2020,18.2742,4.22581,0.16129
286,2020,18.519,3.96203,0.620253
287,2020,19.32,4.04,0
288,2020,17.6,4.2,0
289,2020,19.6667,4,0
290,2020,19.8571,0.571429,0
291,2020,20.7872,0.425532,0
292,2020,22.2308,0,0
293,2020,19.4667,2.91111,0
294,2020,18.2632,1,0
295,2020,20.1579,1.42105,0
296,2020,20.3538,3.2,0
297,2020,16.12,1.56,0
298,2020,20.8,0.828571,0
299,2020,19.3871,1,0
300,2020,19.371,2.74194,0
301,2020,23.5965,2.84211,0
302,2020,19.6429,2.80357,0
303,2020,21.325,3,0
304,2020,19.5814,0.767442,0
305,2020,19.8889,3.26984,0
306,2020,18.5909,2.02273,0
307,2020,24.8125,3.5,0.15625
308,2020,19.8636,1.04545,0
309,2020,22.2857,0.857143,0
310,2020,19.7262,1.78571,0
312,2020,19.7,2.9,0
313,2020,17.5417,1.04167,0
314,2020,17.4167,1,0
315,2020,16.2128,1.25532,0
316,2020,19.4516,2.03226,0
317,2020,24.6346,2.42308,0
318,2020,23.5926,2.66667,0
319,2020,26.4286,2.71429,0
320,2020,13.3696,0.869565,0.0217391
321,2020,13.6222,0.244444,0
322,2020,13.973,1,0.297297
323,2020,23.4419,2.46512,0.232558
324,2020,23.4651,2,0.0232558
325,2020,31.0488,1.60976,0
326,2020,15.6744,0.930233,0
327,2020,14.4091,0.545455,0
328,2020,15.9118,0.147059,0
329,2020,11.5294,0.0294118,0
330,2020,12.9216,0.686275,0
331,2020,11.5238,0.793651,0
333,2020,14.1071,1,0
334,2020,13.3333,0.210526,0
335,2020,21.4091,0.0227273,0
336,2020,25.6667,0,0
337,2020,23.5385,0,0
338,2020,16.1731,0,0
339,2020,17.9796,0,0
341,2020,14.5,0.0833333,0.25
342,2020,23.75,0.145833,0
344,2020,17.5,0.0882353,0
346,2020,23.5758,0.030303,0
347,2020,14.1562,0.25,0.125
349,2020,13.4545,0.136364,0
350,2020,26.7368,3.7193,0.192982
351,2020,25.881,3.80952,0.047619
352,2020,25.6452,4.48387,0
354,2020,28.8235,4.35294,0
355,2020,30.439,4,0.439024
356,2020,30.5946,3.10811,1
357,2020,27.2812,3.03125,1
358,2020,29.8182,3,1
359,2020,27.0769,2.89744,0.512821
360,2020,26.0526,2.42105,0
361,2020,24.6875,2.875,0
362,2020,24.0714,3.03571,0
363,2020,27.2353,1.55882,0
364,2020,28.5,2.40625,0
365,2020,27.7,2.36667,0
366,2020,30.5714,3.09524,0
367,2020,25.2727,3.36364,0
368,2020,26.3333,2.74074,0
369,2020,24.7692,5.23077,0
370,2020,30.25,4.15625,1.42188
371,2020,30.0638,3.93617,1.53191
372,2020,31.6087,3.43478,1.52174
373,2020,24.5584,3.38961,0.532468
374,2020,25.8125,3,0.8125
376,2020,21.6061,3.87879,1.27273
377,2020,21.6458,4.375,0.708333
378,2020,21.069,4.22414,0.551724
379,2020,21.1053,4.26316,0.0526316
380,2020,37.54,5.56,1.76
381,2020,39.5161,6,1.93548
382,2020,35.75,4.75,2.03571
383,2020,35.082,4.4918,1.68852
384,2020,32.9118,3.32353,1
385,2020,26.4468,3.93617,0.893617
386,2020,35.6604,6.56604,1
387,2020,33.075,6.375,0.65
388,2020,33.4146,3.92683,0.95122
389,2020,31.6757,4.89189,0.756757
390,2020,24.3333,5.44444,0
391,2020,24.814,5.32558,0
392,2020,25,5.82353,0
393,2020,23.675,6.2,0
394,2020,25.5833,4.11111,0
395,2020,27.9643,3.21429,0.178571
396,2020,23.9615,4.84615,0
397,2020,30.2333,4.4,0
398,2020,25.8065,2.45161,0
400,2020,24.6327,7.63265,3.79592
401,2020,28.2581,6.3871,3.32258
402,2020,25.1765,7.5,3.70588
403,2020,21.9,8.125,3.975
404,2020,23.48,6.84,3.16
405,2020,23.875,8.5625,4
406,2020,21,9,4
407,2020,23.9091,5.45455,2
408,2020,23.3243,4.43243,2.64865
409,2020,23.6,5.1,2.26667
410,2020,22.3585,7.60377,5.24528
411,2020,18.5185,8.74074,3.88889
412,2020,19.8621,7.62069,3.06897
413,2020,20.8947,7.36842,3.10526
414,2020,18.5,7.66667,3.33333
415,2020,22.1053,5.63158,3
416,2020,22.3235,6.26471,3
417,2020,22.6364,5.9697,3
418,2020,23.6061,5.39394,3
420,2020,33.9167,5.5,3.375
421,2020,26.1071,5.17857,3.17857
422,2020,28.4667,6.83333,2.93333
423,2020,28.275,5.525,4.325
424,2020,27.7143,5.39286,4.75
425,2020,23.5,6.78571,2.14286
426,2020,24.3333,5.08333,2
427,2020,25.9118,6.35294,2.97059
430,2020,26.1452,5.59677,5.24194
431,2020,24.3261,6.63043,4.58696
432,2020,26.7333,6,5
433,2020,27.65,6.125,5.825
434,2020,24.2326,9.23256,5.02326
435,2020,29.0755,8.43396,5
436,2020,27.0588,8.05882,5
437,2020,24.1607,5.71429,4.03571
438,2020,25.0588,4.11765,5.52941
439,2020,22.3455,5.54545,4.63636
440,2020,24.8947,6.17544,6
441,2020,25.2292,6,6
442,2020,26.7955,5.29545,6
443,2020,27.6111,5,6
444,2020,23.7115,5.09615,5.96154
445,2020,24,5,6
446,2020,24.5278,4.84722,5.91667
447,2020,25.7143,5,6
448,2020,24.7857,6.875,5.91071
449,2020,26.4286,5.57143,6
450,2020,22.6667,8.78788,5.81818
451,2020,21.5,8.58333,5.125
452,2020,22.4783,8.26087,6
453,2020,26.4545,7.61039,5.06494
454,2020,25.3,7.13333,5
455,2020,25.8333,7,5
456,2020,18.5625,9.26562,3.82812
457,2020,21.7872,6.29787,4
458,2020,28.378,7.64634,5.19512
460,2020,29.4545,8.36364,4.56818
461,2020,26.871,8.08065,5.72581
462,2020,29.1053,7.31579,5.84211
463,2020,33.4444,7.46667,5.84444
464,2020,34.1111,7.22222,6
465,2020,29.9375,9.125,5
466,2020,29.7273,10.5455,5
467,2020,31.3065,8.32258,5
468,2020,31.5,8.0625,5
469,2020,31.4677,8.12903,4.70968
470,2020,23.931,7.34483,6.55172
471,2020,26.7333,5.6,4.95556
472,2020,26,6.78788,6.81818
473,2020,28.2542,8.0339,5.01695
474,2020,28.1395,7.25581,5.23256
475,2020,28.7692,6.28846,4.48077
476,2020,28.3846,5.76923,5
477,2020,30.8889,6.22222,5
478,2020,29.4898,8.83673,4.93878
479,2020,30.7538,7.87692,4.41538
480,2020,24.2899,8.42029,4.86957
481,2020,24.8286,8.32857,5
482,2020,24.9744,8,5
483,2020,23.2353,9.5098,5
484,2020,24.9153,9.76271,3.83051
485,2020,24.9,10.9,4
486,2020,25.9608,8.96078,4.92157
487,2020,26.44,8.42,4.66
488,2020,27.9114,9.56962,5.05063
489,2020,30.8571,9.85714,4.85714
490,2020,30.9747,9.63291,5.31646
491,2020,30.8,9.35,5.85
492,2020,29.8448,8.82759,5
493,2020,28.7619,9.07143,5.35714
494,2020,27.42,9.66,5.56
495,2020,31.4286,9,5.92857
496,2020,23.8209,10.0896,4.67164
497,2020,22.8485,5.92424,4.06061
498,2020,21.3538,7.46154,3.78462
499,2020,21.6522,6.63043,3.17391
500,2020,29.5079,15.4921,12.0952
501,2020,28.8261,15.1014,11.4493
502,2020,28.9375,14.9688,11.875
503,2020,30.9412,16.8824,11.6471
504,2020,27.5091,15.0545,9.74545
505,2020,26.7838,15.473,12.0541
506,2020,26.2059,13.6029,12.7941
507,2020,26.25,14,13.5
508,2020,30.3214,14.1071,12.1071
510,2020,27.1273,15.4909,12.1273
511,2020,27.875,15,13
512,2020,25.6,16.6,11.3
513,2020,26.5217,15.4348,11
514,2020,29.9375,15.4375,13.0938
515,2020,29.9074,13.6667,14.3333
516,2020,31.9,12.1,14.35
520,2020,22.7727,15.9091,10.6591
521,2020,23.9688,16.25,10.375
522,2020,26.2553,14.6809,10.5745
523,2020,26.1887,14.9245,10.7925
524,2020,26,14.1667,11.8333
525,2020,27.2,17.86,8.2
526,2020,27.0294,17.3529,6.47059
527,2020,23.7955,17.8182,7.59091
528,2020,23,20,6.66667
530,2020,20.4267,14.72,6.17333
531,2020,20.3091,15.4727,7.41818
532,2020,21.9333,15.0667,6.8
534,2020,20.6,14.2,8
535,2020,22.2716,14.1975,9.35802
537,2020,23.2857,13.0714,10
538,2020,21.5714,15.8095,10.4286
539,2020,21.5625,13.5208,7.875
540,2020,23.75,14.2083,6.58333
541,2020,24.6111,10.7593,4.38889
542,2020,24,11.5556,4.62963
543,2020,27.7143,10,5
544,2020,24.2208,11.3766,4.62338
545,2020,24.4667,11.1333,3.77778
546,2020,22.4717,13.8302,7.98113
547,2020,23.0408,13.0816,5.69388
548,2020,25.5,11.3548,4.06452
549,2020,23.6607,11.0179,6.05357
550,2020,25.4638,13.8841,6.97101
551,2020,25.9375,14.75,7.125
553,2020,26.686,15.593,7.13953
554,2020,26.2353,14.902,7.09804
556,2020,24.3077,5.38462,3.30769
557,2020,29.087,7.71014,3.30435
558,2020,29.2727,8.45455,3.90909
559,2020,25.2394,14.507,8.46479
560,2020,28.0704,15.6056,8.30986
561,2020,27.3333,15.197,9.86364
562,2020,28.2432,13.5946,8.86486
563,2020,27.4857,12.9429,7.45714
564,2020,25.9487,10.9487,5.71795
565,2020,26.4507,12.9718,6.38028
566,2020,27.3958,7.58333,4.20833
567,2020,27.75,8.8,4.875
570,2020,24.8986,15.029,11.942
571,2020,27.5556,16,12.7778
572,2020,24.3929,13.5536,9.82143
573,2020,24.9833,13.8833,12.1167
574,2020,23.898,12.8571,10.3265
575,2020,26.186,13.0233,12.4419
576,2020,21.0312,12.0312,11.6875
577,2020,21.0702,15.7895,11.8772
580,2020,25.5667,14.2,6.33333
581,2020,32.25,14,6
582,2020,30.8793,9.03448,5.62069
583,2020,24.86,10.7,5.42
584,2020,21.8548,13.4194,5.70968
585,2020,18.5111,11.7556,8.51111
586,2020,17.8065,10.7097,10.4516
587,2020,20.254,11.381,5.61905
588,2020,15.8,9.93333,8.33333
590,2020,18.0972,10.9028,10.5694
591,2020,17.75,12,11.25
592,2020,17.3171,8.41463,8.70732
593,2020,15.4333,10.7333,11.5667
594,2020,17.1639,9.14754,9.93443
595,2020,18.9565,6.73913,9.43478
596,2020,18.8947,9.89474,10.3684
597,2020,17.8333,12.9762,10.5714
598,2020,18.88,10.2,11.5
599,2020,20.3333,8.14815,9
600,2020,24.4154,13.5846,7.58462
601,2020,27.9861,12.75,7.27778
602,2020,28.75,12,7
603,2020,30.75,11,7
604,2020,32.5823,8.26582,6.98734
605,2020,30.1964,10.0179,7.03571
606,2020,30.3393,10.75,7
607,2020,28.25,12,7
608,2020,32.5,9.5,7
609,2020,33.875,7.05357,5.55357
610,2020,24.3788,15.2121,8.71212
611,2020,25.2727,14.6364,8.63636
612,2020,23.9091,17.6591,6.90909
613,2020,29.5161,9.56452,7.35484
614,2020,28.9863,12.7123,6.83562
615,2020,32.3696,8.63043,6.23913
616,2020,34.4167,7.91667,6
617,2020,32.5283,7.98113,5.96226
618,2020,33.7414,8.60345,4.17241
619,2020,32.4667,8.8,4.46667
620,2020,34.08,8.69333,4.94667
622,2020,33.4865,9.14865,4.32432
623,2020,29.7115,12.7308,6.61538
624,2020,32.0833,8.55,4.18333
625,2020,34.6863,9.29412,4.54902
626,2020,33.7719,10.1053,4.98246
627,2020,34.875,9.25,4.875
628,2020,31.5,8.66279,4.31395
629,2020,30.5385,7.67949,4.48718
630,2020,32.9825,9.52632,5.63158
631,2020,31.4565,11.0217,5
633,2020,32.4444,10.5778,5.82222
634,2020,29,13.05,7.575
635,2020,28.5758,15.2727,7.0303
636,2020,32.5294,7.02941,5.14706
637,2020,31.4324,8.86486,4.13514
638,2020,35.5778,6.31111,3.02222
639,2020,34,7.86207,3.44828
640,2020,39.5873,8.87302,9.11111
641,2020,41.9412,8.7451,9.5098
644,2020,31.1857,12.8857,9.94286
645,2020,32.5,14,9.83333
646,2020,30.9444,14.1852,7.53704
647,2020,41.0652,7.32609,9.13043
648,2020,42.7647,7.55882,6.58824
650,2020,35.8148,7.72222,7.66667
651,2020,33.5,6.5,7
652,2020,34.0652,8.58696,8.47826
653,2020,37.5484,7.90323,9.67742
654,2020,33.3214,7.39286,6.82143
655,2020,33.7742,7.48387,6.74194
656,2020,37.9286,6.78571,6.12857
657,2020,37.4459,7.01351,6.39189
658,2020,41.7778,9,6
660,2020,41.5,9.07353,9.63235
661,2020,42,8,9.91667
662,2020,43.52,8.2,9.6
664,2020,39.3429,10.6857,11.4857
665,2020,40.3023,10.4651,11.6512
666,2020,46,9.55556,11.0556
667,2020,42.9804,10.0196,8.37255
668,2020,41.2,10.8857,9
669,2020,36.1176,13.2941,14.7647
670,2020,39.069,14.3276,10.7414
671,2020,38.5952,14.6667,10.6429
672,2020,45.8929,14.3929,10.7857
673,2020,41.7407,11.4444,7.07407
674,2020,35.807,12.8421,14.0351
675,2020,32.9434,17.6981,12.5472
676,2020,26.8,17.8667,16.1111
677,2020,23.75,14.7857,17.9286
678,2020,24.8974,19.9487,12.641
679,2020,24.1667,21.1667,12.3333
680,2020,31.2,14.2364,14.6364
681,2020,32.0526,13.8421,15.3421
683,2020,35.1857,11.8429,15.4
684,2020,34.6429,11.7321,15.25
685,2020,34.6957,12.3043,15.9565
686,2020,31.2143,16.0952,13.4762
687,2020,24.4521,17.2329,11.3288
688,2020,28.9375,17,15.2969
689,2020,30.4909,15.7273,17.8545
690,2020,24.3846,15.8077,19.2308
691,2020,23.75,17.9318,14.8636
692,2020,26.2727,15,12.2727
693,2020,23.6552,18.2069,12.2414
700,2020,33.0444,4,0
701,2020,33.5909,4,0
703,2020,34.3235,4.82353,0
704,2020,30.8462,4,0
705,2020,34.9344,3.14754,0
706,2020,35.1282,3.17949,0.538462
707,2020,33.6552,4.12069,0
708,2020,35.6667,4.19048,0
710,2020,37.8491,5.77358,0.169811
711,2020,39.3333,6.66667,0
712,2020,32.451,4.72549,0
713,2020,30,3.71429,0
714,2020,33.8644,4.38983,0.101695
716,2020,36.6571,5.02857,0.8
717,2020,41.3103,2.37931,1.68966
718,2020,40.0857,3.51429,3.48571
719,2020,39.0811,4.59459,3.94595
720,2020,39.28,5.62667,2.24
721,2020,39.35,5.81667,2.31667
722,2020,39.5,6,1.91667
723,2020,38.7759,6.94828,1.60345
724,2020,37.7333,5.25,2.98333
725,2020,38.1273,5.27273,4.29091
726,2020,38.0816,3.44898,5.81633
727,2020,40.625,5.65,6
728,2020,38.2,4.17143,4.42857
729,2020,36.8571,5.17143,5.51429
730,2020,40.4706,10.7412,7.58824
731,2020,42.2558,10.814,7.95349
734,2020,42.4545,8.15152,7.21212
735,2020,39.4167,12.25,6.95833
736,2020,35.4242,16.5152,8.84848
737,2020,38.2857,13.3673,9.55102
738,2020,32.2105,15.7895,11.1579
739,2020,22,19.5,12.125
740,2020,41.6119,8.40299,8.28358
741,2020,43.5517,8.7931,8.27586
743,2020,43.3333,6,6.86667
744,2020,40.6977,5.76744,7.46512
745,2020,39.3846,6.25641,6.53846
746,2020,36.3889,11.9444,7.83333
747,2020,40.1176,6.82353,5.52941
748,2020,41.0213,7.46809,8.17021
749,2020,38.1562,6.125,6.5
750,2020,38.6935,9.62903,4.40323
751,2020,38.7692,9.78846,1.92308
752,2020,39.2,10.68,3.46
753,2020,39,11,4
754,2020,39.7568,8.55405,3.72973
755,2020,42.2917,5.54167,2.58333
756,2020,39.5333,6.17778,1.28889
757,2020,38.975,7.45,2
758,2020,37.0357,5.92857,1.85714
759,2020,36.0682,3.59091,0.863636
760,2020,38.4,9.95,3.16667
761,2020,38.2222,11.3889,3.13889
762,2020,38.1429,9.14286,5.54762
763,2020,43.1786,9,5.64286
764,2020,38,8,3.35417
765,2020,36.0851,4.80851,1.82979
766,2020,35.5,8.16071,1.53571
767,2020,36.1,7.5,2.3
768,2020,38.25,6.08333,2.4375
769,2020,37.84,6.44,2.6
770,2020,42.4792,2,1
772,2020,41,2,1
773,2020,40.625,2.39286,1.17857
774,2020,40.5493,2.08451,1
775,2020,39.8103,2.39655,1
776,2020,39.2667,3.1,1.03333
777,2020,41.375,3,1
778,2020,36.7778,3.52778,1.91667
779,2020,41.2059,2.26471,0.558824
780,2020,43.8393,2.85714,1.25
781,2020,44.2143,1.71429,0.714286
782,2020,43.5738,2.86885,1
783,2020,51.1364,2.86364,0.204545
784,2020,57.2222,2.66667,0
785,2020,59.2623,7.52459,0.0655738
786,2020,37.3281,3.07812,1.57812
787,2020,37.3864,3,2
788,2020,42.9412,3.70588,1.52941
789,2020,39,3.4,1.04
790,2020,30.6986,14.6575,12.7534
791,2020,36.2857,15.6429,15.8571
792,2020,35.6129,13.2258,8.45161
793,2020,33.7234,13.1064,8.06383
794,2020,35.3333,14.6667,9
795,2020,39.4468,9.85106,3.91489
796,2020,42.2857,8,3.85714
797,2020,32.62,13.66,4.2
798,2020,33.0476,9.28571,2.80952
799,2020,33.16,15.24,4.8
800,2020,29.6667,14.8889,25.2222
801,2020,24.9714,14.1714,19.9429
802,2020,31.2955,15.2955,24.4773
803,2020,30.3333,13.6667,25.1667
804,2020,27.9474,11.2105,14.1228
805,2020,23.875,12.7188,26.9062
806,2020,21.7037,15.037,27.2593
807,2020,18.9394,19.5455,19.5455
808,2020,21.8974,14.5385,17.1795
809,2020,28.0968,14.7419,14.7742
810,2020,23.4038,14.6923,12.4231
811,2020,30.069,7.06897,7.86207
812,2020,30.6207,8.96552,9.17241
813,2020,33.5333,4.86667,8.06667
814,2020,31.1739,7.08696,9.52174
815,2020,30.3571,6.78571,13
816,2020,27.8529,7.55882,9.32353
820,2020,26,10.2727,18
821,2020,14,7,10
822,2020,23.4,13.8,12.95
823,2020,27.9286,7.71429,10.2143
824,2020,24.0909,11.5,10.0909
825,2020,20.3333,9.22222,10.1111
826,2020,22.1667,10.4444,10.8889
827,2020,17.1875,13.875,11.5
828,2020,22.7692,11.4615,10.9231
829,2020,25.4737,8.21053,9.73684
830,2020,27.3333,10.5,11.5
831,2020,28.2222,10.5,11.3889
832,2020,24.6731,13.5385,12.8846
833,2020,23.9189,15.4324,16.9459
834,2020,23.6667,12.8571,13
835,2020,15.4815,12.2963,14.963
836,2020,17.64,14.84,21.02
837,2020,22.75,15.8333,22.0833
838,2020,22.5667,9.65,11.15
840,2020,28.7209,12.4186,8.11628
841,2020,26.8889,16.3333,8.25926
843,2020,26.4103,12.0769,12
844,2020,30.8333,11.6667,11.8333
845,2020,32.9231,7.15385,6.57692
846,2020,35.6667,9.24444,6.66667
847,2020,35.8986,8.62319,5.7971
850,2020,32.6591,17.5682,6.15909
851,2020,32.76,15.2,5.24
852,2020,32.7333,18.1333,5.26667
853,2020,33.1014,12.7246,6.73913
855,2020,28.7143,14.8571,5.42857
856,2020,29.4,12.6667,4.28889
857,2020,31.1579,14.5,5.26316
859,2020,33.2308,17.0769,5.88462
860,2020,31.9444,11.3056,3.83333
863,2020,35.16,13.76,3.64
864,2020,32.3043,9.95652,7
865,2020,31.15,11.35,5.45
870,2020,37.8772,11.1228,7.87719
871,2020,42.3182,11.4545,9.90909
873,2020,32.4348,14.5217,5.26087
874,2020,29.4667,7.06667,7.8
875,2020,35.7213,10.8361,6.21311
877,2020,33.6333,13.2667,6.4
878,2020,29.4167,14.8333,5.91667
879,2020,36.25,17.5833,5
880,2020,31.5455,16.7045,4.54545
881,2020,31.7368,12,9.15789
882,2020,32.0435,13.7391,5.3913
883,2020,34,15.6364,4.75758
884,2020,27.55,14,8.6
890,2020,29.5745,12.8511,8.31915
891,2020,31.8444,17.6,7.04444
893,2020,23.6667,6.44444,7.77778
894,2020,17.6087,9.97826,21.1739
895,2020,18.0769,10.0769,25.7692
897,2020,17.4,9.4,26.8
898,2020,19.625,10.25,11.3125
900,2020,33.5735,12.4118,13.2206
902,2020,33,12.2286,12.5714
903,2020,34.6,11.4,13
904,2020,33,13,13
905,2020,34,12.6667,12
906,2020,33.7222,11.6667,13.1111
907,2020,34.0455,11.6818,12.1818
908,2020,33.9286,12.4286,12.0714
910,2020,35.7692,10.3077,16.2308
911,2020,36,11,15.875
912,2020,36.2,11.1,15.7
913,2020,33.9211,9.78947,16.0526
914,2020,34.75,10.25,16.25
915,2020,37.2,11,16.2
916,2020,36.1429,11.1429,16.2857
917,2020,34.9783,10.8696,15.1522
918,2020,35,12,14.5
919,2020,28.24,8.4,10.16
920,2020,31.587,6.36957,11.5
921,2020,29.7907,8.86047,11.2326
922,2020,32.6458,7.52083,10.75
923,2020,30.2857,10.4921,14.8889
924,2020,35,10.25,16
925,2020,36.05,6.9,13.575
926,2020,36.0465,7.74419,12.6512
927,2020,35.6667,8.33333,13.5556
928,2020,35.1212,8.84848,13.8485
930,2020,27.25,9.91667,13.9167
931,2020,27.3333,11.1111,16.2222
932,2020,14.6,19.9077,35.2308
933,2020,15.5455,24.0909,32
934,2020,24.1053,11.1053,20.8158
935,2020,18.2619,12.2381,21.9048
936,2020,11.0339,19.339,43.3729
937,2020,14.5,24.05,44.75
939,2020,18.72,15.36,24.32
940,2020,24.9706,14.5294,24.1176
941,2020,26.2069,11.7586,28.2759
943,2020,27.6,16.4,25
944,2020,27.75,15.25,25
945,2020,23.747,14.8434,29.6265
946,2020,27.1333,14.2,29
947,2020,27.6,13.5,29
948,2020,23.2,12.6,29.4
949,2020,23.3611,10.2778,27.4167
950,2020,23.3077,16.1026,25.8718
951,2020,24.4828,19.6552,26.5862
952,2020,23.7805,17.7073,35.6585
953,2020,19.9,17.2286,34.8429
954,2020,21.5882,8.01471,26.3382
955,2020,19.766,8.80851,21.0638
956,2020,25.931,14.4253,35.2299
957,2020,22.8182,14.4545,32.8636
958,2020,26.1034,18.8621,34.6207
959,2020,24.3286,8.64286,37.0286
960,2020,17.0541,7.06757,33.9459
961,2020,14.9318,10.6818,26.4091
967,2020,0,0,0
968,2020,0,0,0
969,2020,0,0,0
970,2020,19.3387,8.6129,13.2097
971,2020,18.3171,5.7561,11.5854
972,2020,21.4286,10.6857,12.2571
973,2020,20.0462,8.09231,13.4308
974,2020,18.1026,8.97436,14.3077
975,2020,17.4167,9.625,23.4583
976,2020,20.4091,7.54545,26
977,2020,14.4688,8.34375,18.5312
978,2020,13.0943,12.6792,16.4906
979,2020,15.25,11.8125,21.875
980,2020,15.8545,9,7
981,2020,17.3333,8.79487,7
982,2020,13.9851,7.64179,7.01493
983,2020,15.2206,8.5,7.02941
984,2020,15.7778,8.81481,7.03704
985,2020,14.7015,7.61194,7.77612
986,2020,18.193,8.66667,10.8246
988,2020,18.6,8.82222,8.17778
989,2020,21.3667,8.4,10.9333
990,2020,24.6875,11.5625,10.5625
991,2020,21.1562,9.375,9.85938
992,2020,24.8125,11.5,11.375
993,2020,18.4857,11.2,13.4
994,2020,14.3333,12.3333,15.3333
995,2020,6.33333,0.894737,0
996,2020,6.41176,1.47059,0
997,2020,5.92208,2.16883,0
998,2020,4.13333,0.6,0
999,2020,6,2.36364,0.0909091
006,2021,0.0652174,0,0
007,2021,0,0,0
008,2021,0,0,0
009,2021,0,0,0
010,2021,48.2581,14.5968,4.56452
011,2021,50,14.7692,5
012,2021,47.1875,15.9688,4.71875
013,2021,46.1333,13.7667,4.63333
014,2021,52.9048,14,5
015,2021,52.2889,12.5778,5.77778
016,2021,52.2727,13.0909,5.36364
017,2021,54.8148,11.5185,6.66667
018,2021,56.8438,11.6875,6.03125
019,2021,57.5312,9.75,7.375
020,2021,55.6154,10.2308,8
021,2021,57.8113,10.3019,7.98113
022,2021,58.25,10,8
023,2021,55.7143,10.9643,8
024,2021,56.963,10.8148,7.85185
025,2021,58.32,10.92,7.68
026,2021,63.2571,9.91429,7.08571
027,2021,54.8611,10.8889,8
028,2021,53.6984,10.619,8.01587
029,2021,54.7222,10.3889,8
030,2021,53.9706,13.2647,5
031,2021,52.1429,13.5714,5
032,2021,47.6552,13.069,4.25862
033,2021,50.25,12.25,5
034,2021,47.08,14.2,4.72
035,2021,46.7,11.35,3.55
036,2021,44.625,14.625,3.375
037,2021,45.375,15.5417,3
038,2021,53.6716,10.7463,4.76119
039,2021,57.4545,8.72727,5.54545
040,2021,52.4516,10.1935,5.45161
041,2021,53.7778,10.4444,5.66667
042,2021,51.2292,11.5,4.8125
043,2021,55.619,9.7619,6.33333
044,2021,53.0303,11.2879,4.4697
045,2021,57.069,9.2069,6.03448
046,2021,57.2881,8.71186,6.45763
047,2021,47.5385,14.6923,3.02564
048,2021,57.1667,8.66667,6.66667
049,2021,52.5469,11.2344,5.125
050,2021,44.3265,16.7959,3
051,2021,44.8125,14.375,3.3125
052,2021,45.7273,14.8182,4.27273
053,2021,44.8571,13.9048,4.71429
054,2021,40.5,15.5625,3.83333
056,2021,43.9394,16.697,2.72727
057,2021,43.325,16.8,3.2
058,2021,44.975,14.9,2.425
059,2021,45.4286,14.4286,3.28571
060,2021,54.0984,15.0328,4.7377
061,2021,56.7143,15,5
062,2021,53.5758,11,6.84848
063,2021,54.5556,10.6389,8.05556
064,2021,56.4259,13.8889,5.94444
065,2021,56.0833,15.0833,5.83333
066,2021,56.3,15.3,5.8
067,2021,55.4211,16.1053,5
068,2021,57.4,15.08,5.72
069,2021,57.8333,15,6
070,2021,63.5696,14.4304,5.96203
071,2021,64.5833,14.0833,6
072,2021,67.7143,14,6
073,2021,64.7143,14,6
074,2021,58.4595,15.1622,5.83784
075,2021,60,15,6
076,2021,60.3333,15,6
077,2021,67.5854,16.3902,5
078,2021,57.0889,14.1333,6.08889
079,2021,62.0345,14.3103,6
080,2021,66.3563,17.8161,5.94253
081,2021,65.6667,17.5556,6
082,2021,68.8966,18.5172,5.96552
083,2021,66.697,18.5455,5.39394
084,2021,67.75,18,6
085,2021,66.6774,16.0323,5.93548
086,2021,66.5333,16.0667,6
087,2021,68.8,16.92,5.52
088,2021,64.0741,15.1667,5.59259
089,2021,66,16.3333,5
100,2021,63.8333,14.4524,6
101,2021,64.7727,14.0455,6
102,2021,65.2,15,6
103,2021,67.3077,14.9231,5.61538
104,2021,62.2,14.88,6
105,2021,57.619,15.2381,5.49206
106,2021,59.3333,15,6
107,2021,60.3333,15,6
108,2021,61.75,15,6
109,2021,56.9153,15.6102,5.37288
110,2021,65,14.9286,6
111,2021,63.1429,14.4286,6
112,2021,67.0526,15,6
113,2021,63.3846,14.9615,6
114,2021,67.1154,15,6
115,2021,66.525,15.025,5.95
116,2021,68.4,15,5.8
117,2021,64.3247,14.5065,6.18182
118,2021,64,15,6
119,2021,61.8864,12.6364,7.81818
120,2021,47.3182,14.7273,4.45455
121,2021,47.1618,14.6176,4.61765
122,2021,49.0833,13.6667,4.91667
123,2021,47.875,14.25,4
124,2021,50.4024,15.8537,4.37805
125,2021,51.3968,16.3333,4.80952
126,2021,53,17,5
127,2021,50.5763,16.2542,4.01695
128,2021,43.9231,16.2308,4.09231
129,2021,41,17.2639,4.43056
130,2021,45.4,18.98,5.64
131,2021,46.6078,19.1765,5.90196
132,2021,45.9412,20,6
133,2021,45.434,17.6604,5.09434
134,2021,46.3065,17.6452,5.16129
135,2021,47,18,5
136,2021,44.3614,18.5301,6.3494
137,2021,46.6923,16.6923,4.35897
138,2021,46.5854,17.1951,4.39024
139,2021,45.2,18,4.2
140,2021,49.4918,20.7869,5.72131
141,2021,49.5714,20.8286,5.65714
142,2021,49.931,20.4483,6.13793
143,2021,47.6,21,6
144,2021,47.3556,20.2222,5.77778
145,2021,47.5893,20.3036,5.94643
146,2021,48.16,20.48,7
147,2021,53.1774,19.8226,5.70968
148,2021,47.2297,18.7297,5.18919
149,2021,47.25,17,5.75
150,2021,59.5352,21.6901,7
151,2021,58.8214,21.75,7
152,2021,59.1628,21.2791,7
153,2021,59.5636,21.0909,7
154,2021,59.6143,20.0571,7
155,2021,57.2432,17.5135,7.91892
156,2021,57.2639,19.8056,7.31944
157,2021,57.8571,15.4603,7.88889
158,2021,55.4333,15.8667,6.6
159,2021,60.2558,15.3953,8
160,2021,58.2286,19.7429,7.02857
161,2021,58.4524,20.5,6.92857
162,2021,56.1026,18.0256,7.5641
163,2021,54.5116,19.5349,6.37209
164,2021,55.4848,22.1515,6.09091
165,2021,57.7857,23,6
166,2021,57.8507,15.209,7.38806
167,2021,55.8636,16.3636,6
168,2021,56.3455,15.3636,6.96364
169,2021,50.9375,16.3125,6
170,2021,55.6279,15.2791,7
171,2021,56,15.5,7
172,2021,53.6531,16.2245,7.04082
173,2021,57.8542,14.9792,6.95833
174,2021,58.2857,14,7
175,2021,60.4255,14.8511,6.89362
176,2021,59.75,14.5,7
177,2021,53,14.825,6.125
178,2021,51.6667,15.3704,6.87037
179,2021,53.0222,15.5778,7
180,2021,56.6364,15.4727,7
181,2021,56.5714,15.8571,7
182,2021,52.3611,16,7
183,2021,50.4444,15.6389,5.97222
184,2021,48.0196,16.5882,4.33333
185,2021,48.7273,16.7273,5.90909
186,2021,50.3611,15.6389,6.08333
187,2021,49.375,16.5,6
188,2021,48.0294,16.0882,5.17647
189,2021,64.0513,16.2821,6.4359
190,2021,64.7647,17.7941,6
191,2021,65.26,17.2,6
193,2021,64.1471,16.7941,6.14706
194,2021,64.0625,16.4688,6.5
195,2021,57.8333,15.7143,7
196,2021,58.9,15.9,7
197,2021,65.4211,17.6842,5.84211
198,2021,64.3,18.2,6
199,2021,69.7949,19.2564,5.74359
200,2021,64.8148,20,5
201,2021,60.4444,17.9778,5
202,2021,65,20,5
203,2021,65,20,5
204,2021,65,20,5
205,2021,65,20,5
206,2021,69.4918,17.8361,5.57377
207,2021,64.2642,19.9245,5
208,2021,60.225,19.225,5
209,2021,62.125,20.25,5
210,2021,62.8542,18.2292,5.58333
211,2021,61.9333,17.1333,5.8
212,2021,63.7209,18.5581,5.25581
214,2021,66.2,20.6,5
215,2021,56.087,18,7.69565
216,2021,68.8966,19.2414,5.39655
217,2021,56.125,18.0179,6.53571
218,2021,73.8919,16.8108,6
219,2021,64.2,17.3333,5.73333
220,2021,64.1579,18.6316,5
221,2021,64.5625,18.625,5
222,2021,64.8182,19.9091,5
223,2021,64.7143,19.6429,5
224,2021,69.6667,16.7083,6
225,2021,68.8,16.28,6
226,2021,55.2759,18.3448,5.37931
227,2021,62.2571,18.0571,5.02857
228,2021,54.5714,18.5714,4.39286
229,2021,62.675,17.6,4.4
230,2021,70.625,15,6.58333
231,2021,70.2222,14.8889,6.75556
232,2021,69.913,14.7826,7
233,2021,77.7586,14.1034,6.41379
234,2021,77.1333,13.8667,6.28889
235,2021,76.8571,13.3571,6
236,2021,75.3333,13.0833,6.66667
237,2021,77.7143,13,6
238,2021,71.8909,11.6,6.38182
239,2021,70.1111,13.6667,5.36111
240,2021,61.5349,15.0465,4.93023
241,2021,62.475,14.25,5
242,2021,62.8182,11.3636,5.84091
243,2021,59.025,13.6,5.025
244,2021,55.5116,17.9535,4
245,2021,67.9464,14.2679,4.73214
246,2021,60.28,14.04,5.48
247,2021,59.9412,14.8235,5
248,2021,59,16.6182,5
249,2021,58.0571,14.9429,4.74286
250,2021,60.08,18.56,5.14
251,2021,60.5385,18.4808,5.23077
252,2021,62.2,18.325,6.7
253,2021,61.3571,19.8571,5
254,2021,53,18.5833,6.91667
255,2021,62.525,18.225,5.55
256,2021,61.2093,18.4186,5
257,2021,65,18.5,6.66667
258,2021,59.3409,16.25,5
259,2021,59.3243,15.3784,5
260,2021,61.0833,20.1667,7.08333
261,2021,64.9697,17.7273,7.87879
262,2021,56.5385,17.8846,5.5
263,2021,62.2258,17.129,7.25806
264,2021,61.7586,17.4828,7.13793
265,2021,61.3784,19.1081,7
266,2021,58.2143,17.1786,5.75
267,2021,55.4348,17.3478,7.43478
268,2021,54.0417,17.25,5.41667
270,2021,65.7059,13.1176,5
271,2021,66.4444,13,5
272,2021,70.2727,12.3409,4.20455
273,2021,70.3056,12.3611,4.27778
274,2021,69,12,5
275,2021,73.9583,11.7083,3.79167
276,2021,73.8824,11.8824,3.94118
277,2021,75.6667,13,4
278,2021,73.5783,10.8193,3.84337
279,2021,73.9828,10.5345,4.75862
280,2021,66.0408,12.4286,3.36735
281,2021,66.6977,12.1628,3.23256
282,2021,67.1034,12.8276,3.34483
283,2021,73.1429,11.6104,3.02597
284,2021,72.5273,9.63636,2.96364
285,2021,70.9194,10.9194,2.74194
286,2021,61.3544,13.8228,4.94937
287,2021,61.2933,12.9067,3.2
288,2021,59,12.6,2.8
289,2021,58.1667,13.8333,3.66667
290,2021,66.7551,9.40816,3.04082
291,2021,66.9362,9.2766,3.08511
292,2021,69.6154,10.0769,3
293,2021,65.4,12.4667,3
294,2021,68.3158,6.94737,2.64912
295,2021,71.0175,10.1579,3.08772
296,2021,66.8769,11.3538,3.06154
297,2021,66.64,12.16,3
298,2021,67.8,7.2,3.34286
299,2021,66.0968,6.22581,2.96774
300,2021,64.5161,13.0806,2.43548
301,2021,65.1579,12.0351,2.66667
302,2021,67.6607,11.5,2.875
303,2021,65.825,13.875,2.025
304,2021,70.186,4.60465,3
305,2021,63.4127,10.9048,3.95238
306,2021,66.8409,10.6136,3.36364
307,2021,61.875,12.7188,3.46875
308,2021,70.0455,7,3.09091
309,2021,68,6.71429,3.42857
310,2021,69.4643,7.20238,2.94048
312,2021,70.3,7.1,3
313,2021,63.5417,4.66667,2.875
314,2021,68.6667,5.91667,3
315,2021,59.4894,4.04255,2.06383
316,2021,60.129,4.48387,1.93548
317,2021,66.8846,6.30769,2
318,2021,69.5926,9.55556,2.7037
319,2021,74.4286,10,3
320,2021,43.1304,3.43478,1.1087
321,2021,38.4444,1.48889,0.8
322,2021,50,3.78378,1.54054
323,2021,52.5349,6.02326,1
324,2021,61.093,5.23256,1
325,2021,67.8293,6.2439,1.04878
326,2021,40.5581,1.90698,1
327,2021,37.4773,1.95455,0.159091
328,2021,35.2941,2.05882,0
329,2021,29.2353,1,0
330,2021,20.3725,0.705882,0
331,2021,19.5238,1.04762,0
333,2021,23.4286,0.964286,0
334,2021,26.8947,0.0701754,0
335,2021,26.4091,1.81818,0.0681818
336,2021,26.037,1.74074,0
337,2021,26.7692,1.84615,0.025641
338,2021,23.2308,1.36538,0
339,2021,23,0.877551,0
341,2021,23.4583,0.583333,0.0416667
342,2021,25.5417,0.791667,0.458333
344,2021,35.6765,1.35294,1
346,2021,31.1818,1.93939,0.0606061
347,2021,30.7812,1.71875,0.15625
349,2021,25.4545,0.5,0
350,2021,68.6316,10.8772,2.85965
351,2021,70.1667,10.9762,2.95238
352,2021,76.5484,11,3
354,2021,65.5588,13.2941,2.67647
355,2021,65.5366,13.8537,3.07317
356,2021,62.7568,16.6216,2.94595
357,2021,62.6562,14.6875,2.96875
358,2021,66.3636,14.9091,3
359,2021,65.6667,11.2308,2.51282
360,2021,66.2982,10.1053,2.01754
361,2021,69.6875,12,2
362,2021,66.1071,11.1429,2.85714
363,2021,66.1176,7.14706,1.67647
364,2021,64.125,9.25,1.03125
365,2021,68.1,7.21667,1
366,2021,70.8095,5.80952,1
367,2021,63.9545,11.9318,2.02273
368,2021,70.5926,10.4074,2.66667
369,2021,61.8462,13.2308,2.23077
370,2021,61.4844,20.5469,5.01562
371,2021,61.4255,20.1915,4.85106
372,2021,61.3478,20.8696,5.86957
373,2021,61.8961,15.5844,3.35065
374,2021,62.8125,16.1875,3
376,2021,62.303,11.2121,5
377,2021,61.1667,12.3542,4.75
378,2021,61.6724,11.9138,4.51724
379,2021,61.6316,12.8947,4
380,2021,64.02,26.06,4.88
381,2021,67.2903,26.7419,5.12903
382,2021,60.9286,26.9286,5.71429
383,2021,64.541,22.623,4.80328
384,2021,63.3824,19.8529,3.67647
385,2021,60.4681,16.3404,4.70213
386,2021,63.0189,21.0377,4.33962
387,2021,60.375,23.275,3.575
388,2021,63.7073,16.3415,4
389,2021,61.5405,20.1892,3.97297
390,2021,60.6389,14.2222,1.91667
391,2021,61.5581,14.3953,2.02326
392,2021,69.0588,11.4118,1.88235
393,2021,61.2,13.775,2.1
394,2021,64.8056,10.7222,1.38889
395,2021,67.8214,8.17857,1
396,2021,64.3846,11.6923,1.5
397,2021,61.5667,18.3333,3.56667
398,2021,66.9032,7.48387,1.70968
400,2021,60.8367,24.3061,11.0612
401,2021,61.0645,25.2903,10.5161
402,2021,61.6765,25.7647,11.6471
403,2021,64.1,19.35,8.475
404,2021,60.6,19.56,7.44
405,2021,65,23.125,10
406,2021,61,24,11
407,2021,58.4545,14.2727,7
408,2021,64.8649,12,6.40541
409,2021,62.5,12.5,6.93333
410,2021,61.7358,20.2075,10.5849
411,2021,65.9259,15.7037,7.2963
412,2021,68.1034,15.2759,5.65517
413,2021,65.8947,15.4211,6.78947
414,2021,68.1667,14.6667,6
415,2021,64,15.6842,5.36842
416,2021,68.4118,14.6471,5.76471
417,2021,66.697,14.2121,6.75758
418,2021,67.2121,14.3636,6
420,2021,59.8333,28.9583,6.66667
421,2021,57.9643,22.2143,6
422,2021,61.5333,23.0333,6.43333
423,2021,64.1,24.475,8.275
424,2021,63.4286,25.9643,7.42857
425,2021,57.4286,18.7143,7
426,2021,56.3333,16.1667,6.75
427,2021,57.1471,21.8529,8.64706
430,2021,63.7903,21.3387,10.4677
431,2021,62.6739,20.1957,10.7609
432,2021,63.6333,21.0667,11
433,2021,60.075,24.3,10
434,2021,56.2093,29.3721,10
435,2021,56.8868,32.6792,10.1321
436,2021,56.8824,32.8235,10
437,2021,62.4821,19.0179,10.2321
438,2021,66.3529,18.9412,10.5882
439,2021,63.3636,19.4182,7.94545
440,2021,56.7018,22.2982,8.10526
441,2021,57.5,23.2292,9.20833
442,2021,60.1591,21.2273,9.54545
443,2021,60.8889,20.7222,10
444,2021,60.1538,20.2308,8.09615
445,2021,60.3077,21.6923,8
446,2021,64.3056,19.6528,9.68056
447,2021,63.4286,20,9.64286
448,2021,58.8393,24.0714,10
449,2021,62.1429,21.8571,10
450,2021,63.4848,22.2121,12.0606
451,2021,65.625,20.5,10.1042
452,2021,62.8043,22.087,12.4565
453,2021,61.2078,25.3117,10.7662
454,2021,64.0667,25.0667,11
455,2021,62.8333,24,11
456,2021,63.7188,18.6719,8.9375
457,2021,63.5532,19.3404,8.87234
458,2021,57.7927,29.6098,10.3902
460,2021,56.7045,29.9091,14.0227
461,2021,59.0161,26.3548,14.0806
462,2021,61.5,27.2632,14.1053
463,2021,52.4222,30.4444,13.9333
464,2021,52.5556,29.5556,14.5556
465,2021,52.4792,31.1667,12.3958
466,2021,55.3636,28.7273,13.7273
467,2021,53.8065,31.7419,11.9194
468,2021,52.625,32.125,12.5625
469,2021,53.8065,32.0323,12.9194
470,2021,60.5862,21.7931,13.0345
471,2021,61.1333,25.1333,11.6667
472,2021,58.6061,22.0606,13.8182
473,2021,57.2712,28.339,12.6441
474,2021,57,27.1628,13.7907
475,2021,59.3077,27.6538,11.9038
476,2021,60.9615,27.1538,11.5
477,2021,63.3333,27.5556,11.5556
478,2021,58.4082,28.3469,15.551
479,2021,52.4,31.4615,15.0308
480,2021,52.1159,27.4783,10.913
481,2021,55.1143,30.3286,9.6
482,2021,54.4615,28.9231,10.9487
483,2021,51.7647,29.1765,10.7059
484,2021,47.1186,26.7119,11.4068
485,2021,47.8,29.4,11
486,2021,40.9412,30.3725,12.7647
487,2021,41.9,29.22,12.18
488,2021,48.519,29.4051,12.2532
489,2021,53.8571,29.4286,10.2857
490,2021,55.5316,27.5443,12.9367
491,2021,55.7,27.05,14.05
492,2021,56.1207,32.069,9.46552
493,2021,46.881,26.4286,14.7381
494,2021,48.16,24.64,17.12
495,2021,49.9286,28.7143,14.1429
496,2021,43.4627,24.0896,17.3134
497,2021,39.1515,27.5303,14.4848
498,2021,34.5692,26.8462,18.6154
499,2021,32.087,25.7391,22.9348
500,2021,61.0952,27.0159,24.8413
501,2021,60.7101,27.2319,24.3768
502,2021,60.4219,27.2031,24.4844
503,2021,61.9412,27.9412,24.4706
504,2021,54.2545,25.0364,28.0545
505,2021,59.0676,24.3784,28.6081
506,2021,53.8382,24.8235,26.2794
507,2021,57,24.5,26.75
508,2021,67.3571,27.1429,24.0357
510,2021,57.8182,24.2,30.3455
511,2021,58.5,27.125,30.125
512,2021,55.4,23.85,30.7
513,2021,55.2174,24.2609,30.7391
514,2021,62.0938,23.9688,28.3438
515,2021,67.6852,25.1667,25.6481
516,2021,71.25,26.6,24
520,2021,51.5682,24.75,21.4545
521,2021,48.0938,24.8438,24.0625
522,2021,60.5745,23.7447,22.9574
523,2021,60.566,23.3585,22.9057
524,2021,61.8333,22.6667,23.6667
525,2021,59.92,26.1,22.06
526,2021,62.0588,25.0294,20.5
527,2021,56.8864,26.5,20.5682
528,2021,55,28.5,19.8333
530,2021,48.2933,21.4533,21.0933
531,2021,52.2,20.9636,19.8909
532,2021,52.8667,21,18.5333
534,2021,53.8,24,18
535,2021,49.3086,21.9506,22.2593
537,2021,50.5714,21.5714,23
538,2021,49.2857,23.4286,22.2381
539,2021,44.625,23.0625,21.625
540,2021,43.4583,27.6667,23.2917
541,2021,38.5926,24.5741,19.2963
542,2021,42.2963,24.1481,18.7778
543,2021,43.5714,24,19.7143
544,2021,37.4416,24.8961,20.7792
545,2021,35.4667,24.9111,21.2
546,2021,43.4151,25.4151,21.5283
547,2021,41.0612,27.6327,21.4082
548,2021,38.5645,26.4516,23.7581
549,2021,41.125,24.1071,20.5893
550,2021,45.2609,26.2899,25.7826
551,2021,47.0625,28.2812,25.7188
553,2021,44.8953,25.3023,30.0465
554,2021,46.8431,28.7451,26.7451
556,2021,28.8462,23.8462,26.2308
557,2021,34.8406,22.3478,31.7101
558,2021,36,23.9091,29.1818
559,2021,45.8873,27.831,23.2254
560,2021,48.1831,25.4507,29.338
561,2021,52.0303,22.2576,31.5909
562,2021,48.0405,21.4324,34.4595
563,2021,44.1,23.8286,32.8286
564,2021,40.8974,23.6667,33.2564
565,2021,43.7606,22.3803,36.4085
566,2021,36.3958,21.7083,33.7292
567,2021,40.25,20.8,35.825
570,2021,52.9855,25.8406,30.8841
571,2021,54.5556,25,32.2222
572,2021,46.7679,23.9821,35.2321
573,2021,49.2167,22.8167,33.3667
574,2021,44.6735,20.5102,38.5714
575,2021,41.1628,23.9767,33.186
576,2021,42.4688,16.9062,39.4375
577,2021,35.9298,25.8947,34.6667
580,2021,40.9667,22.7,38.35
581,2021,43,25,37.25
582,2021,40.9483,20.7069,38.569
583,2021,38.7,18.9,39.52
584,2021,40.9677,18.0968,40.1613
585,2021,43.8444,12.9111,40.6
586,2021,39.7097,12.4194,39.4194
587,2021,39.7619,17.6349,39.1429
588,2021,37.6667,15.2667,40.7333
590,2021,25.25,18.7778,36.2083
591,2021,32,18.25,38.75
592,2021,33.878,15.0244,37.8293
593,2021,31.3,15.5,37.7333
594,2021,20.7869,15.4098,32.1311
595,2021,22.7826,14.2174,31.3478
596,2021,19.5263,13.4737,36.6842
597,2021,18.1667,16.119,36.0952
598,2021,18.68,13.74,32.1
599,2021,16.1852,14.2222,27.4074
600,2021,50.9846,27.0308,17.3385
601,2021,50.8472,27.6667,17.8611
602,2021,52.25,28.25,16
603,2021,52.75,28,15.5
604,2021,53.0253,28.2405,16.481
605,2021,52.0179,26.8393,17.8929
606,2021,53.0179,27.9821,15.2679
607,2021,52,28,16
608,2021,53,28.75,15.25
609,2021,51.2143,30.7679,16.1071
610,2021,49.6667,27.4848,19.7576
611,2021,49.1818,27.7273,20
612,2021,54.4318,29.0227,19.75
613,2021,52.1129,29.3548,18.8387
614,2021,56.7534,28.8082,19.0137
615,2021,54.0217,33.0435,17.3478
616,2021,54.1667,34.75,17
617,2021,52.2453,33.1698,16.8302
618,2021,51.3793,33.5345,15.8966
619,2021,52.5333,33.5333,15.2333
620,2021,58.4533,32.2267,15.08
622,2021,59.1351,31.1892,13.9189
623,2021,63.4231,25.7885,17.5769
624,2021,55.05,32.5833,14.7333
625,2021,53.1569,33.4118,15.6863
626,2021,58.614,30,16.1053
627,2021,58.5,32,16
628,2021,56.7093,31.3023,13.4186
629,2021,60.359,32.9872,8.80769
630,2021,62.2982,31.4737,12.9123
631,2021,60.913,32.7391,14.913
633,2021,64.5778,28.0222,14.5556
634,2021,63.725,27.025,17.425
635,2021,60.7576,29.8788,17.9394
636,2021,65.2353,30.0294,9.73529
637,2021,65.5946,34.2973,8.62162
638,2021,64.0222,33.8444,6.64444
639,2021,64.5172,34.1034,7.13793
640,2021,70.0317,32.5238,18.6032
641,2021,71.7843,32.7255,19.8039
644,2021,70,29.5,22.5714
645,2021,73,32,22.8333
646,2021,63.1111,34.0741,18.1481
647,2021,70.8043,32.4348,15.8696
648,2021,66.6471,35.1176,11.9412
650,2021,65.2037,33.6111,12.5185
651,2021,64,33.5,12.5
652,2021,64.3261,33.2609,14.1739
653,2021,68.6452,32.9032,15.0323
654,2021,62.6786,32.1786,10.1786
655,2021,62.0645,32.4194,10.3226
656,2021,65.2857,31.9714,11.1143
657,2021,65.0811,31.8108,10.9459
658,2021,68.6667,33.1111,11.5556
660,2021,74.1176,31.3529,20.3971
661,2021,73.5833,31.5833,21.25
662,2021,73.92,32.56,19.8
664,2021,74.9714,29.4571,22.6
665,2021,74.814,30,22.7442
666,2021,76.6111,30.2778,22.6111
667,2021,70.6275,34.9412,14.1373
668,2021,73.3714,28.6857,19.8857
669,2021,65.0588,32,21.2059
670,2021,68.3621,30.3103,16.069
671,2021,68.4762,29.8571,15.8571
672,2021,71.0714,34.6429,15.6429
673,2021,70.5185,33.6296,15.7778
674,2021,65.3509,31.2456,20.1579
675,2021,62.566,30.0377,17.3019
676,2021,55.6889,32.3333,19.9333
677,2021,46.8571,28.8929,19.5
678,2021,56.7179,25.3333,15.3846
679,2021,55.3333,22.1667,13.6667
680,2021,64.8727,26.2727,26.4727
681,2021,69.1579,27.0263,25.3158
683,2021,69.1,28.9571,24
684,2021,69.0714,28.7857,24.3214
685,2021,68.2609,28.4783,26.3913
686,2021,59.4762,28.4524,25.2381
687,2021,50.6438,29.0822,28.1644
688,2021,55.0938,28.5469,24.2969
689,2021,58.7818,30.8909,21.2727
690,2021,46.3077,28.7308,22.8462
691,2021,39.1818,30.6591,22.9773
692,2021,39.3636,28.0909,27.7273
693,2021,33.5862,28.7586,27.4138
700,2021,69.8222,12.6667,1
701,2021,69.4545,12.9091,1
703,2021,72.5882,13.1471,1
704,2021,66.6923,10.0513,1
705,2021,72.5082,13.3115,1
706,2021,67.5385,12.1026,1.02564
707,2021,68.8621,11.7759,1
708,2021,69.1429,11.9524,1
710,2021,63.0189,18.8868,3.67925
711,2021,65,18.5333,4
712,2021,61.9608,19.2157,2.84314
713,2021,64.3095,13.381,1.47619
714,2021,62.6949,16.6949,1.94915
716,2021,59.2571,23.1143,3.82857
717,2021,61.3103,22.7586,4.68966
718,2021,65.2286,22.8,4.91429
719,2021,70.1081,25,6.56757
720,2021,66.0533,28.5867,6.46667
721,2021,67.3,28.7,6.46667
722,2021,68.9167,28.9167,6.83333
723,2021,63.5517,27.3621,5.32759
724,2021,68.65,32.4,6.6
725,2021,67.3273,32.1273,7.14545
726,2021,65,30.7143,9.69388
727,2021,64.8,31.95,10.95
728,2021,65.9714,29.0571,8.45714
729,2021,68.1143,28.0571,9.45714
730,2021,71.8588,26.4118,11.0471
731,2021,76.6279,27.8372,11.6047
734,2021,73.7576,22.7879,7.33333
735,2021,71.5625,22.5417,8.125
736,2021,64.6364,27.9091,11.1212
737,2021,68.2653,28.0408,14.1224
738,2021,61.5789,27.8947,12.1053
739,2021,53.4375,22,12.8125
740,2021,66.7761,31.1791,14.3881
741,2021,67.2759,34.2069,15
743,2021,65.1667,35.5,11.8667
744,2021,70.7907,29.5116,11.5581
745,2021,72.5641,24.5385,7.53846
746,2021,68,30.7222,14.2222
747,2021,71.0882,23.0294,5.91176
748,2021,73.2766,25.2128,11.1915
749,2021,69.5,28.5312,8.96875
750,2021,71.0806,18.9355,6.46774
751,2021,68.0385,18.0769,5.96154
752,2021,71.74,18.18,6.74
753,2021,73,18,7
754,2021,70.1351,20.2973,6.35135
755,2021,64.1667,23.4167,4
756,2021,66.5333,18.5111,3.6
757,2021,67.5,19.525,3.1
758,2021,61.6429,17.1071,3.25
759,2021,62.0227,15.4773,2.59091
760,2021,69.7167,17.95,5.98333
761,2021,71.6944,18.3889,6
762,2021,71,20.8571,6.07143
763,2021,73.1071,21.7857,6.10714
764,2021,65.8958,16.5417,5.83333
765,2021,60.7447,13.2979,5.3617
766,2021,65.8393,16.5536,5.07143
767,2021,66,16.5,5.9
768,2021,61.9792,14.6667,3.79167
769,2021,57.56,13.84,4.28
770,2021,66,14.9479,1
772,2021,70,15,1
773,2021,60.0536,15.2143,1.35714
774,2021,66.1972,13.507,1
775,2021,68.6207,13.7759,1.01724
776,2021,67.3667,13.2333,1.1
777,2021,69,12.25,1
778,2021,59.5833,14.1389,2.88889
779,2021,72.2647,9.88235,1.08824
780,2021,65.6964,7.75,2.33929
781,2021,70.1905,7.57143,2.45238
782,2021,70.6721,6.21311,3
783,2021,73.9318,10.4091,1
784,2021,79.1111,11.2222,1
785,2021,78.7213,16.2459,1
786,2021,62.4219,11.4844,3.375
787,2021,65.5455,13.2955,4
788,2021,59.0294,8.44118,2.88235
789,2021,62.28,11.08,1.44
790,2021,57.2055,24.9589,8.84932
791,2021,58.7143,26.5,9
792,2021,64.7419,20.871,6.64516
793,2021,58.0426,19.1489,6.74468
794,2021,64.4,18.2667,7
795,2021,62.6383,16.9787,5.08511
796,2021,64.4286,16.8571,5
797,2021,55.88,14.66,5.58
798,2021,47.619,10.0476,3.33333
799,2021,45.2,12.96,5
800,2021,37.7037,27.0741,18.1852
801,2021,38.2,25.8,17.0286
802,2021,38.7273,27.1364,18.1591
803,2021,37.5,26.5,16.1667
804,2021,38.0877,22.9649,12.8596
805,2021,35.7812,27.5625,19.4688
806,2021,38.8519,30.8148,19.8889
807,2021,42.6061,27.6364,21.4545
808,2021,41.4359,23.641,15.359
809,2021,41.0645,23.9355,15.6774
810,2021,43.2308,20.6538,14.1923
811,2021,36.8276,16.4483,7.41379
812,2021,39.2414,18.7586,9.24138
813,2021,28.6,17.7333,8.53333
814,2021,29.7391,16.8261,10.5652
815,2021,27.5714,18.5,17.4286
816,2021,32.9118,18.5588,13.2941
820,2021,31.9091,30.3182,20.4545
821,2021,17,16,27
822,2021,30.6,30.15,29.15
823,2021,29.3571,25.2143,21.2857
824,2021,28.6364,20.6364,36.3636
825,2021,26.3333,22.6667,27.5556
826,2021,26.7222,28.9444,29.2222
827,2021,28.75,22.375,34.6875
828,2021,27.6923,19.6154,37.7692
829,2021,29.1579,21.0526,24.6842
830,2021,21.6667,25.1667,31.5
831,2021,24,28.3889,28.3333
832,2021,19.8269,27.2308,30.25
833,2021,16.1081,23.6757,33.7568
834,2021,20.0476,24.9048,31.6667
835,2021,18,14.2593,33.4444
836,2021,15.46,18.22,37.32
837,2021,17.1667,20.5,40
838,2021,19.9167,17.05,28.6
840,2021,30.5581,22.4186,24.3023
841,2021,37.037,19.8519,28.0741
843,2021,23.8974,28.6667,29.8462
844,2021,29.1667,21,31.1667
845,2021,26.1923,18.2308,15.4615
846,2021,30.8889,22.8667,19.6222
847,2021,27.3913,20.4783,11.4928
850,2021,46.2045,13.1364,8.09091
851,2021,43.28,12.76,6.4
852,2021,47.4889,12.1778,8.02222
853,2021,43.6957,13.7536,6.4058
855,2021,33.4286,9.42857,7.14286
856,2021,36.1333,10.2667,3.84444
857,2021,42.1842,12.9737,4.97368
859,2021,34.3077,11.4231,8.57692
860,2021,30.1111,11.0556,8.47222
863,2021,37.84,12.68,7.48
864,2021,36,17.4348,5.69565
865,2021,30.15,14.65,7.35
870,2021,32.4561,19.0702,7.21053
871,2021,35.4091,22.0455,7.81818
873,2021,29.913,16.7826,5.86957
874,2021,32.2,15.4667,7.2
875,2021,36.7869,17.5574,8.59016
877,2021,36.0333,20.1667,8.03333
878,2021,28.1667,12.8333,5.58333
879,2021,30.6667,13,8.41667
880,2021,33.7273,11.2045,6.29545
881,2021,47.3158,21.9474,8.10526
882,2021,48,16.913,5.43478
883,2021,40,15,6.66667
884,2021,43.35,22.4,9.35
890,2021,34.7234,20.1489,10.3404
891,2021,38.9778,20.0889,9.88889
893,2021,26.8889,21.2222,19.1111
894,2021,20.587,14.9565,39.087
895,2021,21.6923,15.3077,44.3846
897,2021,20.2,14.4,45.6
898,2021,15.5,21.25,28
900,2021,38.6029,19.5735,4.41176
902,2021,39.8571,17.7143,4.74286
903,2021,38.8,19,5
904,2021,38.2,19,5.4
905,2021,42.6667,16.6667,4.83333
906,2021,40.3889,17.7778,4
907,2021,42,16.1364,4.04545
908,2021,43.3571,15.9286,4
910,2021,36.8462,18.6154,4.38462
911,2021,38.625,18.625,4
912,2021,39.1,18,4.7
913,2021,37.6579,17.1316,6.65789
914,2021,38.875,18.5,6
915,2021,38.4,17.6,5
916,2021,39,18.4286,6
917,2021,38.2609,18.7826,4.36957
918,2021,38,19,4
919,2021,50.8,12.96,4
920,2021,49.5652,14.5217,3.26087
921,2021,53.093,13.3488,3.65116
922,2021,44.4167,17.0417,4.20833
923,2021,37.9683,19.7937,5.19048
924,2021,39.75,20.5,4
925,2021,42.425,18.025,3.95
926,2021,46.6512,14.8605,3.48837
927,2021,46.1111,15.7778,4
928,2021,43.0606,16.9091,3.9697
930,2021,36,16.8333,6.41667
931,2021,34.7778,15,8.33333
932,2021,26.5385,18.2615,20.0769
933,2021,27.9091,17.7273,19.3636
934,2021,28.4474,14.1316,10.5
935,2021,29.4048,19.5952,10.4048
936,2021,27.2881,19.2542,22.6441
937,2021,30.7,21.1,24.75
939,2021,27.68,16.44,12.36
940,2021,35,16.7059,14.2059
941,2021,37.7586,14.4138,16.8966
943,2021,36.2,17.6,14
944,2021,37.25,15.75,14
945,2021,34.2771,16.1325,17.9398
946,2021,36.7333,14.9333,17.3333
947,2021,35.9,14.9,18.8
948,2021,35.4,14,18.8
949,2021,35.3889,16.75,14.4722
950,2021,31.2821,16.7692,13.8205
951,2021,35.1379,15.931,15.2759
952,2021,27.1463,19.2683,24.0976
953,2021,28.7714,16.4571,22.3857
954,2021,30.5735,17.1618,15.4706
955,2021,20.2979,11.1277,23.4894
956,2021,25.0805,21.2299,26.1609
957,2021,22.4545,18.9091,31.9091
958,2021,28.2759,24.6897,24
959,2021,25.1571,20.7,30.9571
960,2021,16.3784,11.8243,41.5405
961,2021,19.7955,14.8636,39.9773
967,2021,0.0128205,0,0
968,2021,0,0,0
969,2021,0,0,0
970,2021,23.4355,13.4194,15.1452
971,2021,23.3659,7.85366,9.87805
972,2021,24.2,14.6857,12.9714
973,2021,24.2462,11.7692,13.9692
974,2021,20.359,12.8846,18.7949
975,2021,17,13.25,34.4583
976,2021,14.5455,14.4545,39.6364
977,2021,16.0625,16.5,28.1562
978,2021,18.3019,18.2075,28.434
979,2021,16.6875,14.5,35.9375
980,2021,21.3818,9.76364,9.70909
981,2021,22.4359,10.3333,9.07692
982,2021,21.1194,8.32836,7.98507
983,2021,21.3529,7.51471,8.97059
984,2021,23.2963,7.07407,10.5556
985,2021,22.7463,5.91045,7.44776
986,2021,22.7193,11.0351,12.807
988,2021,21.5778,9.55556,22.4
989,2021,15.4667,12.3,22.4
990,2021,21.7812,16.9688,28.3125
991,2021,20.5469,14.4531,27.375
992,2021,22.5625,18.8125,30.25
993,2021,17.3429,17.8857,24.2
994,2021,15.6667,12.3333,31.6667
995,2021,9.10526,2.82456,0.368421
996,2021,10.2,2.6,0.305882
997,2021,12.8442,4.4026,0.675325
998,2021,12.5333,2.33333,0
999,2021,13,2.27273,0
006,2022,0,0,0
007,2022,0,0,0
008,2022,0,0,0
009,2022,0,0,0
010,2022,69.5968,9.74194,0
011,2022,71,11,0
012,2022,66.2812,10.4688,0
013,2022,69.5667,8.1,0
014,2022,72.3333,7.66667,0
015,2022,72.4444,9.28889,0
016,2022,72.8182,9.27273,0
017,2022,72.8889,8.62963,0
018,2022,70.5625,7.34375,0
019,2022,69.5,6.9375,0
020,2022,70.5385,9.42308,0
021,2022,70.5472,8.43396,0
022,2022,70.75,8.75,0
023,2022,70.8571,9.14286,0
024,2022,72,8.22222,0
025,2022,71.36,11,0
026,2022,70.4857,11,0
027,2022,72.2222,9.72222,0
028,2022,72.254,9.73016,0
029,2022,73.7778,9,0
030,2022,72.7059,6.35294,0
031,2022,73.5714,6,0
032,2022,71.3103,6.18966,0
033,2022,74.25,6,0
034,2022,73.24,6,0
035,2022,61.25,6.2,0.8
036,2022,72.75,6,0
037,2022,71.5417,6.33333,0
038,2022,68.194,6.34328,0.0447761
039,2022,69.5455,6,0
040,2022,65.6129,5.66129,0.241935
041,2022,65.5556,5.77778,0
042,2022,59.4583,5.8125,1
043,2022,58.5238,5.38095,1
044,2022,46.8788,5.87879,1.36364
045,2022,61.1034,5,0.965517
046,2022,47.8983,4.83051,2
047,2022,40.5385,6.38462,0.0769231
048,2022,56,5,1.27778
049,2022,54.5625,6.10938,1.01562
050,2022,70.3061,6.44898,0
051,2022,70.6875,6.25,0
052,2022,67.8182,7.18182,0
053,2022,69.0476,6.7619,0
054,2022,66.0625,7.16667,0.0625
056,2022,69.4848,6.75758,0.0606061
057,2022,70.125,6.7,0
058,2022,64.9,6.575,0.925
059,2022,61.5714,6.57143,1
060,2022,68.5738,11.5902,0
061,2022,71.0714,11.3571,0
062,2022,72.3636,10.0909,0
063,2022,71.6667,9.80556,0
064,2022,69.8889,11.6111,0
065,2022,67.4167,12.0833,0
066,2022,66.6,12.6,0
067,2022,67.7368,12,0
068,2022,67.6,12.44,0
069,2022,68,12.8333,0
070,2022,73.5443,12,0
071,2022,73.9167,12,0
072,2022,72.7143,12,0
073,2022,73.2857,12,0
074,2022,73.7838,11.0811,0
075,2022,73.25,11.8333,0
076,2022,72.1795,12.5641,0
077,2022,76.439,10.6341,0
078,2022,74.5111,11.0667,0
079,2022,73.8621,11.9655,0
080,2022,81.5172,9.33333,0
081,2022,81.8889,9.88889,0
082,2022,86.5862,11,0.310345
083,2022,84.9394,10.5455,0
084,2022,88.5,11,1
085,2022,77.7419,10.6452,0
086,2022,78.6667,10.4667,0
087,2022,82.28,9.96,0
088,2022,74.7222,11.7963,0
089,2022,74.6667,12,0
100,2022,72.2857,12.8571,0
101,2022,72.0455,13,0
102,2022,74,12.4,0
103,2022,73.5385,12,0
104,2022,71.32,13,0
105,2022,69.5238,12.2222,0
106,2022,70.5,12.6667,0
107,2022,70.1111,13,0
108,2022,70.25,13,0
109,2022,70.9492,11.5763,0
110,2022,70.7857,13,0
111,2022,72,13,0
112,2022,71.5263,12.6842,0
113,2022,70.9231,13,0
114,2022,71,13,0
115,2022,70.9,12.9,0
116,2022,70,13,0
117,2022,71.4935,12.3117,0
118,2022,71,13,0
119,2022,72.3182,11.9091,0
120,2022,68.2273,8.87879,0
121,2022,68.4706,9.01471,0
122,2022,69.3333,8.83333,0
123,2022,69.25,8,0
124,2022,66.878,10.9512,0.182927
125,2022,67.0794,11.8413,0
126,2022,67.6667,12,0
127,2022,71.8475,10.2034,0.762712
128,2022,70.1846,7.13846,0
129,2022,66.9306,7.77778,0
130,2022,78.46,9.3,0.14
131,2022,79.0588,9.4902,0.0980392
132,2022,79.8824,9.58824,0
133,2022,74.0566,7.77358,0
134,2022,75.4355,7.54839,0
135,2022,77,7,0
136,2022,72.3494,8.85542,0
137,2022,72.6154,9.41026,0.871795
138,2022,73.7317,9.26829,0.804878
139,2022,75.8,9,1
140,2022,83.6393,11.5082,0
141,2022,84.5429,11.5143,0
142,2022,84.1379,12,0
143,2022,86.8,12,0
144,2022,80.2889,11.5111,0
145,2022,79.9643,11.4464,0
146,2022,80.72,12.12,0
147,2022,85.1129,10.5,0
148,2022,79.4459,9.41892,0.310811
149,2022,75.75,8.75,1
150,2022,89.7042,11.507,0
151,2022,87.9286,11.8929,0
152,2022,87.9302,11.9767,0
153,2022,88.4727,11.6909,0
154,2022,89.6429,11.0857,0
155,2022,88.3243,10.8919,0
156,2022,87.3056,11.9028,0
157,2022,86.1905,12.1429,0
158,2022,84.1667,11.6333,0
159,2022,86.3256,12.6977,0
160,2022,88.7143,10.3429,0
161,2022,92.9048,9.09524,0
162,2022,85.8974,11.7949,0
163,2022,85.3953,10.6279,0
164,2022,90.5152,10.1515,0
165,2022,91.7857,11,0
166,2022,85.8209,11.791,0
167,2022,82.3182,11,0
168,2022,81.8909,11.9273,0
169,2022,77.4062,10.1875,0.375
170,2022,84.3372,10.907,0
171,2022,85.9,11,0
172,2022,86.1633,10.7551,0
173,2022,86.7292,10.5,0
174,2022,86.5714,10,0
175,2022,85.3404,10.8298,0
176,2022,86,11,0
177,2022,78.375,10.275,0.425
178,2022,81.537,10.2407,0.111111
179,2022,84.8,10,0
180,2022,79.9273,10.4545,0
181,2022,80.8571,10.2857,0
182,2022,80.2778,10,0
183,2022,75.9444,10.9722,0
184,2022,73.2353,10.0196,0.843137
185,2022,74.2727,10,1
186,2022,76.3333,9.61111,0.805556
187,2022,77.625,9.75,0.75
188,2022,73.3529,9.61765,1
189,2022,78.2051,11,0
190,2022,80.3676,10.3676,0
191,2022,80.48,10.16,0
193,2022,82.1471,10.5294,0
194,2022,80.3438,11,0
195,2022,84.0714,10.5714,0
196,2022,84.9,11,0
197,2022,83.6316,9.36842,0
198,2022,82.9,9,0
199,2022,89,10.8205,0
200,2022,91.1852,9.92593,0
201,2022,92.8222,9.44444,0
202,2022,91.8571,10,0
203,2022,92.6,10,0
204,2022,91.1667,10,0
205,2022,91.8333,10,0
206,2022,97.5082,8.78689,0
207,2022,92.0943,9.26415,0
208,2022,90.2,10.1,0
209,2022,90.625,10.75,0
210,2022,89.8125,9.3125,0
211,2022,89.8333,9.3,0
212,2022,90.1395,9.27907,0
214,2022,92.4,9.8,0
215,2022,89.3043,11.3913,0
216,2022,89.7069,9.62069,0
217,2022,89.1607,10.0536,0
218,2022,97.5135,10.5135,0
219,2022,86.0667,9.2,0
220,2022,93.5263,9.57895,0
221,2022,94.8125,9.375,0
222,2022,91.6364,9.90909,0
223,2022,94.5714,9,0
224,2022,100.667,9.375,0
225,2022,100.24,9.32,0
226,2022,95.3448,8.96552,0
227,2022,97.7714,8.94286,0
228,2022,95.8571,8.35714,0
229,2022,99.25,10,0
230,2022,102.937,10.75,0
231,2022,103.378,10.6889,0
232,2022,103.957,11.5652,0
233,2022,103.207,10.5862,0
234,2022,103.333,10.4889,0
235,2022,104.786,10.7857,0
236,2022,105.917,11.0417,0
237,2022,105,11,0
238,2022,106.745,12.2909,0
239,2022,103,13.1111,0
240,2022,107.14,10.3256,0
241,2022,107.25,9.925,0
242,2022,105.932,9.02273,0
243,2022,107.5,9.6,0
244,2022,98.3256,9.27907,0.0232558
245,2022,105.036,11.5714,0
246,2022,103.56,8.16,0
247,2022,104.471,7.52941,0
248,2022,104.418,7.54545,0
249,2022,99.8286,7.62857,0
250,2022,103.12,7.96,0
251,2022,103.038,8.28846,0
252,2022,100.55,8.475,0
253,2022,102.286,8.78571,0
254,2022,92.0833,9.25,0
255,2022,103.15,9.225,0
256,2022,104.698,9.25581,0
257,2022,106,9,0
258,2022,101.864,7.38636,0
259,2022,100.865,7.43243,0
260,2022,91.1667,11.7083,0
261,2022,96.4242,9.30303,0
262,2022,94.6346,8.36538,0
263,2022,94.2581,9.06452,0
264,2022,93.3448,9.10345,0
265,2022,90.3784,10.4324,0
266,2022,99.3571,7.64286,0
267,2022,92.1739,10.0435,0
268,2022,94.1667,8.79167,0
270,2022,114.412,11,0
271,2022,116.889,11,0
272,2022,117.432,11.25,0
273,2022,117.111,10.8889,0
274,2022,118.091,10.1818,0
275,2022,113.319,10.4028,0
276,2022,116.235,10,0
277,2022,115,10.5556,0
278,2022,107.831,9.89157,0
279,2022,100.931,10.2069,0
280,2022,122.592,11.5918,0
281,2022,122.116,11.0698,0
282,2022,123.138,12.1034,0
283,2022,121.169,9.75325,0
284,2022,111.036,7.89091,0
285,2022,105.806,9.14516,0
286,2022,112.975,11.3924,0
287,2022,117.44,10.1333,0
288,2022,114.4,10.8,0
289,2022,117.667,9.16667,0
290,2022,123.163,10.0612,0.0204082
291,2022,124.553,9.65957,0
292,2022,124.846,9.84615,0
293,2022,127.2,10.3778,0.0222222
294,2022,118.228,8.64912,0.0175439
295,2022,115,9.35088,0
296,2022,124.754,10.0308,0
297,2022,123.6,10.44,0
298,2022,129.771,10.3714,0.0571429
299,2022,125.774,11.0645,0
300,2022,138.468,14.2097,0.0645161
301,2022,132.895,14.4035,0
302,2022,140.607,15.4107,0.0714286
303,2022,142.4,15.45,0
304,2022,131.837,11.8837,0
305,2022,124.571,11.2857,0
306,2022,130.773,13.5455,0.0681818
307,2022,120.312,13.3438,0
308,2022,132.636,11.4091,0
309,2022,135.429,10.7143,0
310,2022,133.119,14.1071,0
312,2022,135.9,18.3,0
313,2022,121.375,10.4167,0
314,2022,118.833,12.5,0
315,2022,123.043,9.95745,0
316,2022,125.71,13.7097,0
317,2022,134.038,17.3654,0
318,2022,141.778,15.8148,0
319,2022,149.429,17.7143,0
320,2022,113.37,9.13043,0.0217391
321,2022,98.4222,7.33333,0
322,2022,116.027,8.21622,0
323,2022,124.93,14.5116,0.0930233
324,2022,133.907,14.8837,0.232558
325,2022,140.341,16.3659,0.463415
326,2022,112,8.93023,0
327,2022,86.6818,7.43182,0
328,2022,85.0882,7.05882,0
329,2022,69.5882,5.41176,0
330,2022,45.5098,3.43137,0
331,2022,41.8413,3.66667,0
333,2022,48.1071,4.21429,0
334,2022,56.4211,4.63158,0
335,2022,91.0455,9.11364,0
336,2022,91.6667,9.96296,0
337,2022,93.2564,10.2308,0
338,2022,82.0385,7.36538,0.0576923
339,2022,71.1224,6.22449,0
341,2022,64.4167,5.33333,0
342,2022,80.4167,8.10417,0
344,2022,106.265,8.14706,0.117647
346,2022,102.273,9.60606,0.030303
347,2022,88.6562,7.4375,0
349,2022,62.9545,4.36364,0
350,2022,132.123,17.6667,0.0175439
351,2022,132.5,18.119,0
352,2022,137.226,17.7419,0
354,2022,136.735,17.0588,0
355,2022,137.293,14.2195,0
356,2022,132.432,14.2973,0
357,2022,127.062,14.875,0
358,2022,130.091,16.2727,0
359,2022,124.718,16.0256,0
360,2022,137.053,17.193,0
361,2022,145.688,17.125,0
362,2022,130.464,16.8929,0
363,2022,135.088,18.2647,0.647059
364,2022,132.5,18,0.28125
365,2022,142.3,15.8333,0
366,2022,146.952,17.9524,0
367,2022,136.364,16.6591,0
368,2022,141.111,16.7778,0
369,2022,138.385,17.2308,0
370,2022,127.797,12.375,0
371,2022,127.17,12.234,0
372,2022,126.435,13.7826,0
373,2022,120.312,12.2597,0
374,2022,122.562,13.875,0
376,2022,108.091,10.2727,0
377,2022,111.604,11.5625,0
378,2022,111.19,11.3621,0
379,2022,112.368,12.4737,0
380,2022,138.08,22.78,0
381,2022,141.226,26.6452,0
382,2022,132.929,20.1429,0
383,2022,139.426,16.459,0
384,2022,131.647,12.4118,0
385,2022,121.447,11.2979,0
386,2022,138.547,22.8868,0.0188679
387,2022,142.275,29.275,0
388,2022,141.537,15.0732,0
389,2022,140.459,21.027,0
390,2022,142.75,18.0556,0.111111
391,2022,143.767,18.0465,0.0697674
392,2022,146.353,18.2941,0
393,2022,138.625,15.85,0.025
394,2022,141.083,14.0556,0.25
395,2022,148.75,13.9643,0
396,2022,143,14.1923,0.269231
397,2022,140.4,17.4667,0
398,2022,133.516,17.2258,0.290323
400,2022,112.286,12.6939,0
401,2022,115.774,13.4516,0
402,2022,115.294,13.7647,0
403,2022,107.075,10.625,0
404,2022,111.48,10.6,0
405,2022,109.062,11,0
406,2022,110,12,0
407,2022,111.636,11,0
408,2022,111,10.1081,0
409,2022,113.667,10.6667,0
410,2022,102.981,12.9245,0
411,2022,104.889,8.92593,0
412,2022,106.103,8.96552,0
413,2022,108,9.73684,0
414,2022,106.167,8.66667,0
415,2022,104.289,10.1579,0
416,2022,106.206,10.5294,0
417,2022,107.818,11.2727,0
418,2022,106.03,10.5455,0
420,2022,129.208,19.4167,0
421,2022,122.643,11.5,0
422,2022,123.433,13.7,0
423,2022,120.7,14.9,0
424,2022,123.357,15.8929,0
425,2022,114.286,10.9286,0
426,2022,113.833,11.4167,0
427,2022,116.382,12,0
430,2022,99.0323,12.0645,0.774194
431,2022,98.1304,11.0652,0.173913
432,2022,98.2,13.1,1
433,2022,101.175,12.875,0.075
434,2022,101.163,12.1395,0
435,2022,104.868,12.3962,0
436,2022,102.765,11.9412,0
437,2022,94.2143,10.5,0.0535714
438,2022,97.2941,9.58824,0
439,2022,93.6909,11.0364,0
440,2022,97.4035,9.47368,0
441,2022,98.6458,10,0
442,2022,96.9091,9.27273,0
443,2022,96.1667,9.05556,0
444,2022,95.4423,9,0
445,2022,95.1538,9,0
446,2022,97.2778,9.06944,0
447,2022,96.4286,9,0
448,2022,99.8571,11.8571,0
449,2022,98.1429,11.8571,0
450,2022,103.455,15.1818,0
451,2022,99.8958,12.3333,0
452,2022,103.543,14,0
453,2022,102.766,13.8961,0.376623
454,2022,103,15.4333,0
455,2022,102.5,11.5,0.666667
456,2022,101.188,9.4375,0
457,2022,97.8511,8.85106,0
458,2022,105.634,14,0.0365854
460,2022,108.795,13.8864,0
461,2022,107.484,15.3871,0
462,2022,107.763,15.6842,0.0263158
463,2022,110.444,13.0222,0
464,2022,113.333,13,0
465,2022,105.833,13.75,0
466,2022,110.636,13,0
467,2022,105.532,13.9677,0
468,2022,106.688,14,0
469,2022,107.984,13.0968,0
470,2022,105.138,15.8966,0
471,2022,113.311,14.3778,0
472,2022,107.364,16.7273,0
473,2022,107.492,14.2712,0.0338983
474,2022,111.744,16.186,0
475,2022,117.269,14.75,0
476,2022,120.885,14.7308,0
477,2022,123.222,15.6667,0
478,2022,113.939,14.6531,0
479,2022,111.046,13.4,0
480,2022,99.3623,8.62319,0
481,2022,101.343,10.7,0
482,2022,101.077,9.79487,0
483,2022,100.51,9.05882,0.0392157
484,2022,96.9831,9,0.559322
485,2022,98.6,8.7,1
486,2022,87.5882,13.0784,1.11765
487,2022,90.04,11.3,1.24
488,2022,98.0633,11.3038,0.721519
489,2022,103.286,11,0.714286
490,2022,105.127,12.962,0
491,2022,108.8,13.35,0
492,2022,102.328,12.7414,0
493,2022,92.5,14.3571,0.214286
494,2022,93.74,16.72,0
495,2022,99.5,14,0
496,2022,82.8657,16.9552,1.37313
497,2022,77.6212,13.7727,2
498,2022,75.5692,15.2615,1.64615
499,2022,77.6304,16.3913,1.23913
500,2022,120.032,22.7619,0.920635
501,2022,119.638,22.4928,0.869565
502,2022,119.625,22.6406,0.8125
503,2022,121.588,23.4118,1.76471
504,2022,111.036,20.6545,1.8
505,2022,112.122,22.5811,0.932432
506,2022,110.985,20.7647,1.82353
507,2022,112.75,20,2
508,2022,124.75,23.25,0.785714
510,2022,112.945,20,1.41818
511,2022,114.5,20.125,0.75
512,2022,106,18.6,2.2
513,2022,107.783,20.3043,1.82609
514,2022,116,23.5625,0.6875
515,2022,124.352,20.8889,1.75926
516,2022,125.6,25.2,1.85
520,2022,107.818,20.75,0.75
521,2022,102.938,21.7188,1.78125
522,2022,115.255,20.6596,0.574468
523,2022,116.113,20.4528,0.716981
524,2022,117.667,20.1667,0.833333
525,2022,121.5,19.56,0.48
526,2022,117.971,20.2059,0
527,2022,113.432,20.0455,0
528,2022,112.833,19,0
530,2022,98.2933,16.8,0
531,2022,107.473,15.6364,0
532,2022,105.333,15.9667,0
534,2022,105.6,16,0
535,2022,104.309,18.1481,0.0987654
537,2022,102.5,19,0
538,2022,105.952,19.9524,1
539,2022,98,18.0208,0
540,2022,94.4583,18.5417,1.29167
541,2022,82.0185,19.6111,0.481481
542,2022,83.1852,20.1481,0.296296
543,2022,84.5714,21,0
544,2022,86.013,18.6364,0.207792
545,2022,81.2667,16.4,0.622222
546,2022,97.0189,20.0566,0.358491
547,2022,90.7551,18.9184,0.591837
548,2022,88,17.3548,1.16129
549,2022,89.4821,18.9821,0.0178571
550,2022,96.4638,19.3043,1.50725
551,2022,95.9062,19.875,1.625
553,2022,94.093,21.8721,1.66279
554,2022,94.8431,20.2941,2.33333
556,2022,73.2308,17.6923,1.76923
557,2022,86.6957,17.8696,1
558,2022,87.1818,18.9091,1
559,2022,100.732,21.0704,1.5493
560,2022,102.479,22.2958,1.11268
561,2022,102.788,18.1364,2.5
562,2022,96.5946,21.7162,2.41892
563,2022,95.6857,22.1571,1.64286
564,2022,94.0513,20.5385,1.92308
565,2022,95.4507,21.4789,2.52113
566,2022,86.2917,18.5625,2.02083
567,2022,86.625,19.05,2.2
570,2022,104.101,18.7826,2.37681
571,2022,108,18,3
572,2022,97.9107,21.5357,2.03571
573,2022,98.5333,18.9667,2.11667
574,2022,96.1633,19.9388,2.40816
575,2022,92.7674,17.3023,2.46512
576,2022,89.125,14.4375,3.84375
577,2022,80.2456,11.4561,4.29825
580,2022,100.067,21.4333,2.05
581,2022,103,23.25,2
582,2022,89.8276,20,2.51724
583,2022,89.78,20.86,1.56
584,2022,95.7742,19.0806,1.66129
585,2022,93.8444,16.0889,2.2
586,2022,85.8387,13.2903,3.70968
587,2022,87.1905,21.1429,1.79365
588,2022,82,16.4,3.8
590,2022,57.0278,15.8194,2.97222
591,2022,59.5,15.5,2.75
592,2022,79.1463,16.0488,4.02439
593,2022,70.3,13.1667,4.36667
594,2022,63.5574,12.6557,4.85246
595,2022,72.8261,13.1304,3.52174
596,2022,54.2105,16.8947,4.31579
597,2022,41.4524,17.9048,4.28571
598,2022,49.18,18.56,5.46
599,2022,52.2963,16.4444,5.18519
600,2022,111.738,13.9538,0
601,2022,115.847,13.5278,0
602,2022,111.75,15.25,0
603,2022,115.75,14,0
604,2022,114.848,13.5316,0
605,2022,116.839,13.3929,0
606,2022,114.268,14.625,0
607,2022,113,14.25,0
608,2022,116,14.25,0
609,2022,115.786,12.0179,0
610,2022,110.591,18.2121,0.030303
611,2022,110.636,17.4545,0
612,2022,112.455,18.9091,0
613,2022,113.694,15.8226,0
614,2022,115.753,17.6986,0
615,2022,115.543,16.6522,0
616,2022,115.833,17,0
617,2022,117.189,13.5472,0
618,2022,116.052,13.8448,0
619,2022,116.667,13.3,0
620,2022,128.067,15.6133,0
622,2022,129.527,16.6216,0
623,2022,123.923,16.1731,0
624,2022,120.017,14.55,0
625,2022,122.922,12.8431,0
626,2022,122.439,14.7368,0
627,2022,123.375,13.875,0
628,2022,125.709,15.8605,0
629,2022,129.615,18.6667,0
630,2022,133,18.4386,0
631,2022,133.196,17.2174,0
633,2022,129.978,18.7556,0
634,2022,124.375,17.225,0
635,2022,122.515,18.4545,0
636,2022,137.618,17.7647,0
637,2022,130.676,24.7838,0
638,2022,132.133,33.0444,0
639,2022,135.552,24.1034,0
640,2022,128.651,23.8095,0
641,2022,131.235,25.3922,0
644,2022,128.157,24.3571,0.157143
645,2022,134.167,24.3333,0
646,2022,122.815,22.9259,0
647,2022,136.478,20.5,0.347826
648,2022,143.353,22.2647,1.29412
650,2022,134.426,19.2963,0
651,2022,132,18,0
652,2022,127.87,18.587,0
653,2022,130.871,19.9355,0
654,2022,139.857,17.9643,0
655,2022,139.677,18.0968,0.0322581
656,2022,141.043,19.2143,0.442857
657,2022,141.608,18.7027,0.432432
658,2022,140.333,22.6667,0
660,2022,135.75,26.1324,0.264706
661,2022,130.333,25.5,0
662,2022,130.88,26.32,0
664,2022,132.714,27.1714,0.685714
665,2022,133.977,26.7674,0.767442
666,2022,140.611,28.5556,0
667,2022,145.627,24.0588,1
668,2022,142.171,26.2857,0.428571
669,2022,124.853,20.5882,3.61765
670,2022,142.552,23.8448,0.206897
671,2022,142.881,23.9286,0.214286
672,2022,147.464,26.25,0
673,2022,147.444,23.5556,1.03704
674,2022,134.351,21.9474,2.77193
675,2022,135.83,20.7736,2.20755
676,2022,125.044,16.8,4.06667
677,2022,108.786,14.9286,1.71429
678,2022,124.026,13.8462,1.82051
679,2022,121.667,14.5,2.33333
680,2022,123.964,22.0909,0.981818
681,2022,128.211,22.1579,2
683,2022,123.371,22.7571,2.52857
684,2022,123.839,23.1071,2.33929
685,2022,124.174,22.9565,2.08696
686,2022,120.167,18.6667,1.35714
687,2022,110.89,18.4247,1.35616
688,2022,110.344,15.8281,2.28125
689,2022,113.145,17.1091,3.30909
690,2022,104.385,15.3077,1.26923
691,2022,88.5227,11.4318,1.56818
692,2022,92.5455,13.7273,2.36364
693,2022,78.7586,8.37931,1.89655
700,2022,154.533,16.3333,0
701,2022,156.955,15,0
703,2022,154.559,19.6765,0
704,2022,151.051,14.4872,0.025641
705,2022,150.098,25.4754,0.0491803
706,2022,149.154,22.8462,0.128205
707,2022,150.017,21,0
708,2022,152.762,22.2857,0
710,2022,155.396,24.2264,0
711,2022,158.4,26.4,0
712,2022,151.549,23.7647,0.137255
713,2022,147.643,22.4048,0.142857
714,2022,144.932,24.5763,0.152542
716,2022,144.743,28.6571,0
717,2022,154.724,23.0345,0.103448
718,2022,153.286,22.8857,0.6
719,2022,148.297,23.6486,1.18919
720,2022,142.76,28.92,0.52
721,2022,143.85,28.8167,0.483333
722,2022,145.75,30.3333,0
723,2022,136.397,33.3793,0
724,2022,136.033,31.6,0.133333
725,2022,144.236,22.1818,0.290909
726,2022,141.633,19.1224,0.897959
727,2022,142.4,21,2.9
728,2022,141.343,22.4286,1.74286
729,2022,144.429,20.9714,2.42857
730,2022,144.753,18.3765,1.29412
731,2022,146.93,19.9767,1.4186
734,2022,146.424,19.9091,1
735,2022,144.104,15.0833,2.375
736,2022,138.818,16.6364,1.75758
737,2022,141.429,20.0204,0.0816327
738,2022,131.053,17.3158,1.68421
739,2022,113.125,15.4375,2.625
740,2022,140.343,26.9552,0.462687
741,2022,144.207,30.6207,0.931034
743,2022,141.633,23,1.63333
744,2022,141.349,25.2093,2.13953
745,2022,147.051,20.6923,1.61538
746,2022,145.222,21.1111,0
747,2022,153.147,20.8235,0.558824
748,2022,141.915,24.8298,0.851064
749,2022,147.312,21.375,2.40625
750,2022,155.597,20.5484,0.0645161
751,2022,156.673,18.3462,0.230769
752,2022,156.98,19.66,0.44
753,2022,158,20,1
754,2022,156.77,20.6216,0
755,2022,156.625,22.1667,0.291667
756,2022,158.489,20.6889,0.111111
757,2022,161,17.25,0.1
758,2022,157.571,13.7857,0.785714
759,2022,150.977,17.8182,0.0227273
760,2022,152.883,17.8167,1.53333
761,2022,153.861,19.1389,1.77778
762,2022,152.5,18.7143,0.738095
763,2022,143.821,14.8929,2.96429
764,2022,144.833,13.4792,1.77083
765,2022,148.872,14.7447,1.10638
766,2022,151.018,16.1071,1.08929
767,2022,153.2,15.9,1
768,2022,137.5,12.875,0.291667
769,2022,126.96,10.8,0.44
770,2022,156.979,22.4271,0
772,2022,157,23,0
773,2022,156.5,17.6786,0.160714
774,2022,153.07,21.3944,0
775,2022,151.397,24.7241,0
776,2022,150.967,23.2,0.166667
777,2022,154.625,24.125,0.75
778,2022,154.139,15.8611,0.777778
779,2022,148.647,22.2647,0
780,2022,141.589,17.1071,0.107143
781,2022,147.238,19.1905,0.0238095
782,2022,148.115,16.7049,0.114754
783,2022,141.818,30.4091,0.181818
784,2022,151.611,36.5556,0.555556
785,2022,140.869,41.8525,0.0163934
786,2022,145.672,13.7969,0.421875
787,2022,151.114,14.5,0.545455
788,2022,132.147,13.5588,0.205882
789,2022,150.88,16.56,0.08
790,2022,111.26,16.0548,3.53425
791,2022,107.786,20.3571,6.42857
792,2022,122.387,12.6774,4.3871
793,2022,113.064,12.2128,1.87234
794,2022,117.667,14.4667,3
795,2022,133,12.8511,0.531915
796,2022,137,12.2857,1.71429
797,2022,119.8,6.54,0.8
798,2022,79.9048,3.14286,0.0952381
799,2022,72.88,3,0
800,2022,62.7407,7.66667,0.111111
801,2022,60.2,6.85714,0.371429
802,2022,62.7273,8,0
803,2022,56.3333,7,1
804,2022,44.8246,5.91228,1.05263
805,2022,62.4062,6.84375,0.84375
806,2022,72.2593,6.96296,0.296296
807,2022,81.6364,9.45455,0.878788
808,2022,70.8462,8.4359,0.820513
809,2022,59.871,7.6129,1
810,2022,71.5385,9.30769,1.61538
811,2022,31.5517,4.7931,0.137931
812,2022,34.3448,4.41379,0.551724
813,2022,24.5333,2.2,0.666667
814,2022,26.9565,2.91304,0.521739
815,2022,30.6429,2.14286,0.857143
816,2022,35.0294,3.79412,1.47059
820,2022,61.8636,7.18182,1.22727
821,2022,38,14,2
822,2022,68.3,7.05,2.3
823,2022,48.6429,7.42857,1.28571
824,2022,56.3182,13.1364,3.04545
825,2022,48.6667,10.3333,2.44444
826,2022,61.7778,9.11111,2.77778
827,2022,66.625,8.9375,3.5625
828,2022,65.2308,9.92308,3.61538
829,2022,40.2105,5.89474,2.10526
830,2022,42.8333,12.6667,0
831,2022,43.9444,8.44444,0.388889
832,2022,38.8462,11.4808,0.923077
833,2022,38.2432,11.9189,1.78378
834,2022,40.3571,16.6429,2.21429
835,2022,49.1111,13.2963,8.48148
836,2022,39.9,15.56,4.64
837,2022,43.0833,17.1667,4.83333
838,2022,56.7833,16.5167,5.73333
840,2022,29.1628,5.81395,0.930233
841,2022,31.3704,5.81481,1
843,2022,36.6154,6.89744,0.871795
844,2022,34.5,5.83333,1
845,2022,22.6923,4.15385,0.615385
846,2022,23.5333,4.75556,0.822222
847,2022,17.4783,2.69565,0.0144928
850,2022,24.4773,1.40909,0
851,2022,23.36,1.08,0
852,2022,25.3333,1.04444,0
853,2022,22.1594,1.26087,0
855,2022,23.381,1.33333,0
856,2022,21.7778,1.11111,0
857,2022,22.4474,1.86842,0
859,2022,23.8462,1.65385,0
860,2022,20.6667,1.86111,0.138889
863,2022,21.56,1.32,0.04
864,2022,14.1739,1.04348,0
865,2022,23.8,2.5,0.15
870,2022,41.9649,4.14035,0.175439
871,2022,46,5.13636,0
873,2022,27.3478,2.13043,0.0434783
874,2022,28.2667,2.06667,0.666667
875,2022,43.0492,6.08197,0.295082
877,2022,51.3333,8.73333,4.73333
878,2022,31.8333,4.33333,0.833333
879,2022,38.5833,5,3.41667
880,2022,43.0455,3.95455,0.204545
881,2022,91.3158,12.3684,1.36842
882,2022,98.1304,5.52174,0.826087
883,2022,69.2727,4.87879,1.60606
884,2022,76.3,10.9,3.05
890,2022,16,1.46809,0
891,2022,15.9556,1,0
893,2022,22.4444,3.66667,0.111111
894,2022,27.1304,6.69565,2.1087
895,2022,25.9231,6.61538,3.46154
897,2022,23.2,7.8,2.8
898,2022,31.375,6.125,0.4375
900,2022,15.3824,3.30882,0.602941
902,2022,14.7143,3.42857,0.657143
903,2022,16,3.8,1
904,2022,15.4,4,0
905,2022,14.8333,3,1
906,2022,13.0556,2.72222,1.16667
907,2022,13.5909,3.04545,1.22727
908,2022,13.3571,3.21429,1.28571
910,2022,14,3.30769,0.0769231
911,2022,14.5,3.625,0
912,2022,15,3.5,0
913,2022,14.9737,1.94737,0
914,2022,15.125,3.375,0
915,2022,15,3.4,0
916,2022,14.8571,3.85714,0
917,2022,13.1739,2.32609,0.26087
918,2022,14,3,1
919,2022,15.32,1.64,0
920,2022,16.9783,1,0
921,2022,16.6279,1.69767,0
922,2022,15.5208,1,0
923,2022,12.1746,1.63492,0.0634921
924,2022,13,1,0
925,2022,14.375,1.775,0.3
926,2022,12.8605,1.97674,1.25581
927,2022,13,2.11111,1.88889
928,2022,12.8485,2.30303,1.51515
930,2022,13.75,1.91667,0
931,2022,15.2222,1.44444,0
932,2022,21.0308,1.01538,0.184615
933,2022,19.5455,1.09091,0
934,2022,17.9211,1.02632,0
935,2022,16.1667,1.42857,0.5
936,2022,24.9153,1.35593,0.40678
937,2022,27.3,1.95,0.4
939,2022,25.64,0.92,0.2
940,2022,30.3529,2.58824,0
941,2022,30.069,3.65517,0
943,2022,31.2,2,0
944,2022,30.75,2,0
945,2022,29.6867,3.21687,0.0843373
946,2022,30.9333,3,0
947,2022,31,3,0
948,2022,30.4,3,0
949,2022,30.0556,4.16667,0
950,2022,28.1282,1.71795,0
951,2022,28.069,1.96552,0
952,2022,27.5122,5.04878,1.78049
953,2022,27.3857,2.8,0.957143
954,2022,31.6176,4.64706,0.794118
955,2022,32.7234,10.3617,2.80851
956,2022,28.2874,6.28736,1.97701
957,2022,25.6364,6.18182,3.31818
958,2022,31.8621,5.89655,2.93103
959,2022,30.6571,6.3,2.38571
960,2022,30.9595,9.77027,1.7973
961,2022,26.8636,6.06818,2.38636
967,2022,0,0,0
968,2022,0,0,0
969,2022,0,0,0
970,2022,51.5161,16.1613,4.95161
971,2022,51.9756,16.6341,2.4878
972,2022,55.0286,18.3714,5.2
973,2022,48.7385,18.2,3.96923
974,2022,40.2436,18.4103,5.53846
975,2022,34.0417,17.9167,6.29167
976,2022,37.0909,13.5,2.59091
977,2022,44.5938,11.375,4.0625
978,2022,46.8491,13.6226,4.69811
979,2022,40.375,15.3125,3.5625
980,2022,45.7636,22.2909,6
981,2022,46.1026,24.9487,5.05128
982,2022,43.1194,18.9552,8.41791
983,2022,48.3235,19.0735,4.42647
984,2022,49.4444,21.2963,5.85185
985,2022,49.8657,14.6866,4.19403
986,2022,52.1404,14.5614,4.61404
988,2022,47.4889,17.2667,5.6
989,2022,50.4667,15.8333,4.56667
990,2022,58.5625,18.9062,5
991,2022,58.2031,16.3125,5.35938
992,2022,58,20.8125,5
993,2022,52.3143,14,5.82857
994,2022,51.3333,12.6667,7.33333
995,2022,8.12281,4.54386,1.96491
996,2022,8.14118,4.74118,2.31765
997,2022,9.28571,4.87013,9.62338
998,2022,17.5333,1.26667,0
999,2022,16.9091,1.36364,0
006,2023,4.08696,0,0
007,2023,1.91304,0,0
008,2023,0.5,0,0
009,2023,2.95,0,0
010,2023,102.661,41.5323,6.74194
011,2023,104.462,42.5385,6.07692
012,2023,102.25,42.6562,7.84375
013,2023,102.3,41.8667,7.56667
014,2023,99.7619,42.1905,7.66667
015,2023,98.5556,42.1778,8.26667
016,2023,99,42.9091,9
017,2023,97.1481,42.1852,9.25926
018,2023,96.8125,42.1562,9.84375
019,2023,96.4062,42.5,9.9375
020,2023,96.0385,43,8.84615
021,2023,96.3208,42.3208,9.86792
022,2023,96.25,42,10
023,2023,97.3571,42.8214,8.60714
024,2023,96.6296,41.963,9.74074
025,2023,98.36,42.28,9.44
026,2023,98.0571,42.2,9.54286
027,2023,98.8333,40.9722,9.36111
028,2023,100.397,42.0794,8.87302
029,2023,102.444,40.8889,9.61111
030,2023,98.3529,43.2647,7.58824
031,2023,99.2857,44.5714,7
032,2023,100.5,41.5517,7.77586
033,2023,99.75,43,7.25
034,2023,102.92,41.84,6.68
035,2023,93.3,43.8,6.75
036,2023,103,40.125,7.75
037,2023,100.333,41.4583,8
038,2023,98.0746,42.194,7.95522
039,2023,96.0909,44.4545,7.81818
040,2023,97.9355,41.2419,7.04839
041,2023,97.6667,41.6667,7
042,2023,92.5417,44.0417,6
043,2023,93.8571,42.1429,5.85714
044,2023,90.2273,40.7121,5.06061
045,2023,95.2759,41.1379,7.27586
046,2023,92.9661,40.3559,5.27119
047,2023,83.641,39.0769,5.51282
048,2023,93.6111,41.8889,6.33333
049,2023,90.2031,43.6719,5.14062
050,2023,99.2449,42.7959,8.02041
051,2023,101.188,41.5625,8
052,2023,98.6364,43.7273,7.90909
053,2023,100.905,41.9524,6.80952
054,2023,90.8333,45.7917,9.83333
056,2023,92,46.3939,8.93939
057,2023,95.425,44.325,8.85
058,2023,90.3,47.7,7.9
059,2023,92.1429,46.8571,7.57143
060,2023,101.279,42.6721,8.09836
061,2023,99.3571,45.1429,7.78571
062,2023,99.9091,42.6364,7.84848
063,2023,101.139,42.5,9.30556
064,2023,99.8889,44.9074,8.90741
065,2023,99.9167,46.75,9
066,2023,100.8,48,9
067,2023,100.605,44.4211,7.47368
068,2023,100.68,45.08,9.36
069,2023,101.333,44,11.6667
070,2023,97.1899,46.6076,12.2658
071,2023,96.6667,47.9167,12
072,2023,96.7143,47.4286,12.1429
073,2023,97.1429,47.2857,13
074,2023,99.6757,41.6216,12.5135
075,2023,96.6667,44.25,13.0833
076,2023,97.5385,44.5897,12.3077
077,2023,101.171,45.9512,11.6098
078,2023,100.133,43.0889,11.6667
079,2023,98,46.8966,12
080,2023,104.713,44.6667,10.7356
081,2023,106.222,44.5556,11
082,2023,107.69,44.6552,11.069
083,2023,104.121,44.7879,10.7576
084,2023,107.75,44,12
085,2023,103.516,44.0645,11.3548
086,2023,104.8,44.2667,11.2
087,2023,102.24,46.16,10.04
088,2023,101.296,44.4815,11.5926
089,2023,101,45.6667,11
100,2023,97.6667,46.2857,13.6429
101,2023,97.8182,46.9091,14
102,2023,98.4,47,13
103,2023,98.7692,46.0769,13
104,2023,98,45.8,12.96
105,2023,100.46,44.0794,10.5556
106,2023,100,45.3333,11
107,2023,98.1111,44.7778,12.3333
108,2023,98,45.75,13
109,2023,102.627,41.7797,10.3729
110,2023,98.8571,45.3571,12.4286
111,2023,97.7143,45.4286,13.8571
112,2023,98.5,46.5526,13.0263
113,2023,99.6538,44.8462,13
114,2023,99.6923,45.0769,12.6923
115,2023,98.45,46.4,12.075
116,2023,97.4,47.6,11.4
117,2023,99.6364,45.1169,10.8442
118,2023,99.6667,45,12
119,2023,103.318,42.3182,10.0682
120,2023,98.7273,44.5758,8.93939
121,2023,98.7059,44.1618,8.97059
122,2023,99.4167,45.75,9
123,2023,98.5,45.875,9
124,2023,102.902,39.6585,10.5976
125,2023,103.365,41.0317,9.69841
126,2023,103.667,41.3333,10
127,2023,104.102,39.0169,10.4237
128,2023,96.6308,44.3231,8.41538
129,2023,90.6667,44.5694,11.2639
130,2023,92.92,45,14.12
131,2023,93.0784,45.5686,14.6078
132,2023,92.8824,45,14.9412
133,2023,93.2642,45.0755,11.5094
134,2023,93.7581,45.4677,12.1935
135,2023,92,45,12.5
136,2023,86.9157,47.4337,14.747
137,2023,98.8205,42.6667,11.5897
138,2023,98.2927,43.1463,11.878
139,2023,98.8,44.2,11
140,2023,100.77,41.1639,17.7213
141,2023,100.943,41.8571,17.7429
142,2023,101.379,41.8966,18.8966
143,2023,100.8,42,19
144,2023,97.0667,42.2444,16.1778
145,2023,96.4643,42.6607,16.1964
146,2023,97,42.56,17.16
147,2023,100.452,41.129,15.1935
148,2023,97.8919,44.6892,13.1351
149,2023,98.75,45.75,12
150,2023,113.324,35.9718,16.6901
151,2023,112.786,35.2857,17.7857
152,2023,112.558,35.093,18.2093
153,2023,113.236,37.6364,14.8727
154,2023,112.014,38.5714,14.7857
155,2023,110.378,36.5135,14.4595
156,2023,112.681,35.0139,17.125
157,2023,110.254,35.0952,17.6508
158,2023,106.833,36.5333,15.2
159,2023,110.349,35.4186,16.8605
160,2023,112.229,34.6571,18.4286
161,2023,108.071,36.6905,17.6905
162,2023,110.795,34.9487,17.8974
163,2023,103.163,38.9767,16.2791
164,2023,99.8788,41.6061,16.7576
165,2023,98.9286,45.4286,15
166,2023,110.119,35.9701,15.7463
167,2023,101.5,40.0909,13.9545
168,2023,106.455,38,14.3818
169,2023,99.8125,43.3125,11.125
170,2023,105.174,41.3605,12.6279
171,2023,105.8,43.1,11.9
172,2023,110.673,38.2449,13.1429
173,2023,108.562,40.8125,12.1458
174,2023,108.286,42.1429,12
175,2023,106.766,41.1277,12.5532
176,2023,106.5,41.5,12
177,2023,99.3,44.775,10.725
178,2023,100.296,45.4074,11.8333
179,2023,105.089,42.8889,11.6
180,2023,105.164,40.1091,11.7455
181,2023,106.429,40,12
182,2023,103,44.1944,10.9722
183,2023,102.861,40.0278,11.1944
184,2023,103.255,41.1176,9.60784
185,2023,103.909,42.0909,10
186,2023,101.25,43.9444,10.4444
187,2023,100.75,44.5,11
188,2023,101.235,44.3235,10.2647
189,2023,106.564,41.5641,11.8462
190,2023,107.941,42.7794,11.1912
191,2023,106.78,44.72,11
193,2023,110.176,39.5,12.3824
194,2023,107.906,40.75,12
195,2023,105.262,40.3571,12.0952
196,2023,105.7,39,12.9
197,2023,109.632,40.4211,10.6842
198,2023,110.7,40.4,11
199,2023,109.667,42.5385,11.0769
200,2023,114.815,41.1481,9
201,2023,116.378,37.6444,11
202,2023,115.571,41.4286,9
203,2023,115,41.8,9
204,2023,115.667,41.1667,9
205,2023,115.25,41.5,9
206,2023,111.18,42.1311,9.85246
207,2023,112.245,41.5094,8.66038
208,2023,112.9,39.45,9.75
209,2023,111.875,40.5,9.125
210,2023,108.688,40.6875,10.5
211,2023,109.467,40.9,10.9333
212,2023,107.93,42.186,10.186
214,2023,113.2,41.6,10.4
215,2023,109.609,34.4783,14.3913
216,2023,108.776,42.1724,10.7414
217,2023,111.161,38.0714,12.625
218,2023,114.838,41,11.7027
219,2023,108.533,40.8667,10.7333
220,2023,116.421,38.9474,10.2105
221,2023,116.5,38.5,10.0625
222,2023,115.636,40.3636,9
223,2023,115.571,40.7143,10
224,2023,114.375,39.1667,10.0417
225,2023,115.08,38.12,10.08
226,2023,115.724,35.6552,12.6897
227,2023,117.486,34.6857,12.7429
228,2023,114.107,34.25,12.7857
229,2023,119.75,36.925,9.9
230,2023,120.625,36.5833,10.0625
231,2023,120.756,36.3111,9.95556
232,2023,124.043,35.2609,9.86957
233,2023,123.034,36.069,11.3103
234,2023,123.422,36.3333,11.2
235,2023,128.786,33.7857,11.0714
236,2023,126.5,33.5,11.0417
237,2023,129.429,33.5714,11
238,2023,128.436,33.5273,8.70909
239,2023,129.556,34.1944,7.36111
240,2023,123.419,35.9767,6.67442
241,2023,124.625,35.225,6.375
242,2023,122.75,37.9318,6.59091
243,2023,123.4,35.5,6.95
244,2023,115.535,36.6977,10.3721
245,2023,128.054,33.9464,7.16071
246,2023,119.68,38.64,7.96
247,2023,119.882,38.1176,9.70588
248,2023,119.364,38.8,10.2
249,2023,116.114,38.6286,9.17143
250,2023,115.44,40.2,12.9
251,2023,115.596,40.0192,12.9808
252,2023,115.15,38.7,13.775
253,2023,116.214,39.5714,13.9286
254,2023,112.458,35.7917,13
255,2023,116.2,38.6,13.15
256,2023,117.465,42.186,11.0698
257,2023,115.333,39.1667,14.8333
258,2023,117.636,41.6591,9.79545
259,2023,117.189,41.1351,9.81081
260,2023,114.167,36.7083,14.7083
261,2023,112.697,39.2121,13.4545
262,2023,112.038,36.4808,12.9231
263,2023,110.419,39.3226,13.6129
264,2023,110.138,39,14.2069
265,2023,111.757,36.5135,15.5676
266,2023,113.393,40.1429,11.6071
267,2023,111.043,34,14.6957
268,2023,112.25,33.875,14.375
270,2023,134.471,33.4706,4.79412
271,2023,138,34.2222,4
272,2023,136.727,34.8864,4.56818
273,2023,135.75,34.6111,4.97222
274,2023,138.818,33.5455,5
275,2023,135.736,34.625,5.98611
276,2023,138.471,36.1765,6
277,2023,136.222,34.4444,6.55556
278,2023,131.639,32.988,6.45783
279,2023,129.759,31.1724,8.55172
280,2023,137.878,37.1633,2.36735
281,2023,136.581,37.1628,2.23256
282,2023,139.828,38.4138,2
283,2023,137.987,31.0909,3.7013
284,2023,146.455,23.6,3.90909
285,2023,141.468,28.1774,4.98387
286,2023,131.709,35.0886,4.12658
287,2023,135.173,34.5467,3.92
288,2023,135.2,34.2,3.4
289,2023,125.5,35.8333,5.5
290,2023,143,30.8163,3
291,2023,143.532,30.6596,3
292,2023,143.923,31.9231,3
293,2023,138.844,35.5778,3.55556
294,2023,149.509,26.6667,4.05263
295,2023,144.93,27.6842,2.91228
296,2023,136.846,35.0308,4
297,2023,136.88,35.96,2.44
298,2023,145.4,33.2571,3
299,2023,159.226,24.7742,4.22581
300,2023,141.129,39.7581,4.14516
301,2023,140.649,39.4561,4.4386
302,2023,143.696,40.4821,3.91071
303,2023,146.2,40.525,4
304,2023,156.465,27.2791,3.67442
305,2023,133.349,36.4127,4.85714
306,2023,139.841,36.0455,3.38636
307,2023,133.844,39.2188,5.6875
308,2023,142.955,33.7273,3.04545
309,2023,147.143,36.4286,3
310,2023,150.179,33.1429,3.32143
312,2023,146.3,34.9,3.9
313,2023,166.708,21.375,2.83333
314,2023,169.333,22.1667,3
315,2023,172.83,19.7872,2.14894
316,2023,178.774,21.4839,2.16129
317,2023,168.558,28.0577,3.17308
318,2023,151.259,37.1481,3.03704
319,2023,155.857,38.1429,2.85714
320,2023,180.696,13.4348,1.3913
321,2023,172.422,13.6889,1
322,2023,182.892,13.027,1.81081
323,2023,175.86,23.6977,3.16279
324,2023,177.116,26.5116,3.18605
325,2023,186.439,32.5854,2.12195
326,2023,182.791,14.3488,1
327,2023,169.795,13.6591,1
328,2023,171.765,11.8529,0.970588
329,2023,163.853,8.58824,0.823529
330,2023,119.725,3.47059,1
331,2023,117.508,3.63492,1
333,2023,127.214,2.60714,1
334,2023,136.561,2.59649,1
335,2023,176.523,12.2727,1
336,2023,177.037,13.6296,1
337,2023,181.205,14.0256,1
338,2023,173.788,9.46154,1
339,2023,165.714,4.77551,1
341,2023,145.833,5.5,1
342,2023,178.979,8.83333,1
344,2023,179.382,13.9412,1
346,2023,178.182,13.8788,1
347,2023,171.031,12.4688,1
349,2023,155.5,3.81818,1
350,2023,143.807,42.8246,3.66667
351,2023,145.452,42.6905,3.21429
352,2023,149.323,43,3.35484
354,2023,150.206,41.0882,3.64706
355,2023,137.683,43.878,4.82927
356,2023,131.297,45.2162,6
357,2023,133.812,41.7188,5.8125
358,2023,132.818,44.2727,6
359,2023,137.41,40.5128,4.23077
360,2023,161.649,37.807,2.35088
361,2023,159.875,40.5625,2.8125
362,2023,145.286,40.3929,3.32143
363,2023,173.588,31.4118,3
364,2023,169.219,38.2188,0.78125
365,2023,179.4,35.4833,0.55
366,2023,183.571,36.6667,0.47619
367,2023,155.795,41.4773,2.77273
368,2023,153.704,39.6667,2.81481
369,2023,160.538,40.3846,2.23077
370,2023,124.703,46.9688,5.53125
371,2023,125.234,46.5319,5.57447
372,2023,128.043,46.6087,5.95652
373,2023,131.662,39.6753,6.72727
374,2023,135,40.3125,7
376,2023,128.091,34.0909,5.81818
377,2023,129.792,37.0625,5.97917
378,2023,129.586,36.3966,6.31034
379,2023,130,39.1053,6.05263
380,2023,122.32,60.04,4.08
381,2023,124.806,63.7419,3
382,2023,124.357,55.5714,5.03571
383,2023,125.672,53.0656,5.21311
384,2023,127.912,47.6176,5.85294
385,2023,129.745,40.7447,5.85106
386,2023,126.585,56.6226,3.77358
387,2023,128.625,60.075,4.325
388,2023,134.415,47.5854,5.14634
389,2023,131.486,54.9189,4.56757
390,2023,144.278,48.5278,1.47222
391,2023,147.326,48.3953,1.4186
392,2023,151.529,49.4706,0.941176
393,2023,158.275,40.35,1.75
394,2023,167.583,36.0556,0.611111
395,2023,184.714,31.6071,1.21429
396,2023,164.654,41.6154,0.692308
397,2023,141.167,44.9333,4.66667
398,2023,169.548,29.1935,3.25806
400,2023,118.673,38.3469,12.5306
401,2023,124.29,38.6129,12.6129
402,2023,121.265,39.6765,12.7059
403,2023,117.125,38.25,10.925
404,2023,116.72,39.24,10.4
405,2023,117.688,38.875,12
406,2023,115,36,11
407,2023,122.818,40.2727,6.81818
408,2023,124.649,39.8108,6.62162
409,2023,124.567,39.2667,6.96667
410,2023,119.509,36.9811,12.4717
411,2023,116.185,40.0741,11.963
412,2023,116.207,43.2414,9.10345
413,2023,117,40.2105,8.89474
414,2023,116.667,41.5,9
415,2023,118.684,41.4474,8.39474
416,2023,118.882,42.0588,8.35294
417,2023,120.303,41.4545,7.78788
418,2023,121.152,41.5758,7.87879
420,2023,123.521,52.75,5.72917
421,2023,123,47.0357,6.10714
422,2023,121.633,48.4333,6.2
423,2023,126.775,42.5,9.375
424,2023,126.321,43.4286,8.42857
425,2023,117.714,42.0714,8.35714
426,2023,122,41.3333,5.91667
427,2023,121.588,42.3529,9.11765
430,2023,113.919,37.2903,14.6613
431,2023,115.217,36.1522,14.6087
432,2023,114.533,37.4333,15.6333
433,2023,111.95,40.975,13.775
434,2023,106.442,45.7442,16.4651
435,2023,102.755,47.6415,14.8491
436,2023,107.765,46.0588,16.9412
437,2023,115.125,33.8571,14.9464
438,2023,114.353,34.8235,14.1176
439,2023,114.255,36.2182,14.3636
440,2023,103.035,41.1404,16.9123
441,2023,103.646,41.1042,16.9375
442,2023,108.318,37.9091,16.4318
443,2023,109.056,37.5556,17
444,2023,108.788,37.0192,16.6923
445,2023,110.769,36.6923,17.7692
446,2023,112.208,36.2083,14.6944
447,2023,111.786,34.7857,16.8571
448,2023,106.679,41.5,14.8571
449,2023,109.857,38.8571,14
450,2023,117.333,41.2424,12.8788
451,2023,117.521,40.625,11.9792
452,2023,119.261,39.9783,12.8043
453,2023,117,41.4156,13.4026
454,2023,119.2,40.8667,13.4667
455,2023,115,41.1667,13
456,2023,115.641,38.5156,12.7812
457,2023,114.979,36.4043,13.8085
458,2023,108.573,44.3902,13.7439
460,2023,114.841,44.9545,13.9773
461,2023,120.226,40.5645,13.9516
462,2023,121.474,40.9474,14
463,2023,103.133,50.0222,14.3333
464,2023,102.222,51.3333,14.7778
465,2023,100.104,52.6875,14.5833
466,2023,97.1818,53.8182,15.6364
467,2023,103.516,48.7903,13.5484
468,2023,106.375,48,13.1875
469,2023,107.468,47.8387,14.0806
470,2023,118.862,38,13.8966
471,2023,120.889,37.2889,12.9333
472,2023,121.303,37.5758,13.3636
473,2023,116.441,42.8475,13.9661
474,2023,122.233,38.3023,13.1395
475,2023,122.904,38.1538,12.25
476,2023,124.192,38.0385,11.8846
477,2023,125.778,38.8889,11.3333
478,2023,123.245,37.7143,13.7551
479,2023,112.169,44.0308,14.0462
480,2023,91.6232,57.1884,16.2174
481,2023,98.3571,52.0714,16.1
482,2023,96.0513,54.6154,16.1026
483,2023,91.8431,56.5882,16.5294
484,2023,84.0169,57.2881,17.9322
485,2023,83.9,60.5,17.4
486,2023,84.6863,54.3137,20.0588
487,2023,82.96,54.78,20.88
488,2023,85.0253,57.7342,17.6076
489,2023,87.5714,56.5714,18.5714
490,2023,93.8861,54.5949,15.1646
491,2023,95.7,54.85,15.85
492,2023,96.7069,51.4483,16.2931
493,2023,88.3095,55.7857,17.3333
494,2023,90,54.66,18.86
495,2023,92.2857,56.3571,17.5
496,2023,86.1642,50.9403,21.8806
497,2023,81.5758,48.2424,24.803
498,2023,78.5077,50.3846,23.3846
499,2023,69.4565,57,24.1522
500,2023,113.238,54.4127,10.127
501,2023,112.478,55.1739,10.5217
502,2023,113.25,54.75,10.2812
503,2023,118.059,52,10.7647
504,2023,100.309,59.2182,12.5636
505,2023,104.892,56.4595,10.4595
506,2023,104.279,57.6324,12.7941
507,2023,105,57.25,13.75
508,2023,110.857,53.1071,9.57143
510,2023,104.109,51.5636,9.61818
511,2023,108.75,47.375,11.5
512,2023,100.95,48.3,11.45
513,2023,97.3913,56.6957,11.087
514,2023,110.469,55.4375,9
515,2023,107.222,53.3889,10.1852
516,2023,110.1,51.95,10.75
520,2023,105.795,53.3182,14.4318
521,2023,101.438,56.3125,13.0625
522,2023,108.617,54.6809,13.3191
523,2023,109.415,54.0755,13.4528
524,2023,111.833,52.5,13.5
525,2023,112.22,54.22,10.12
526,2023,113.324,49.7059,12.4706
527,2023,109.955,53.0455,14.75
528,2023,113.667,49.3333,16
530,2023,91.7733,54.4933,18.6933
531,2023,96.8182,58.8909,15.2182
532,2023,93.0667,58.2,16.5667
534,2023,98.4,58,15
535,2023,98.2222,56.963,15.0864
537,2023,97.6429,59.9286,15
538,2023,103.81,51.9524,15.1429
539,2023,92.4375,54.9583,16.6458
540,2023,82.7083,61.8333,15.125
541,2023,81.8148,51.537,21.3889
542,2023,88.5185,48.1111,21.963
543,2023,85,50.5714,22
544,2023,81.4675,55.3377,18.5195
545,2023,72.7333,56.7333,21.0889
546,2023,90.1132,57.3019,14.8302
547,2023,81.6327,60.6122,15
548,2023,74.1935,58.0484,20.2742
549,2023,87.8036,51.9107,20.3571
550,2023,83.8696,61.6522,15.7971
551,2023,85.5938,63.0625,15.5
553,2023,85.5116,60.8372,15.7907
554,2023,87.549,61.3137,16.1176
556,2023,60.7692,61,21.3077
557,2023,64.1884,61.1884,21.7536
558,2023,66.5455,64.1818,20.6364
559,2023,93.2535,60.2535,13.3099
560,2023,91.6479,60.1408,13.7324
561,2023,93.2727,52.4545,14.3333
562,2023,85.1351,54.4324,18.2162
563,2023,82.5714,53.3571,21
564,2023,74.3333,51.9487,23.9487
565,2023,75.2535,49.9014,26.6479
566,2023,63.4792,54.6042,25.0833
567,2023,61,54.3,28.575
570,2023,96.5217,44.6377,16.3188
571,2023,98.1111,45.4444,17.4444
572,2023,83.8214,46.4464,21.4643
573,2023,90.5167,40.3167,17.5667
574,2023,81.6327,39.8776,23.0204
575,2023,92.9302,32.3953,14.3721
576,2023,83.625,32.4062,20.25
577,2023,93.0351,26.8947,12.8421
580,2023,75.9833,47.4167,27.1333
581,2023,76.75,50.5,28
582,2023,64.8276,55,27.2414
583,2023,64.5,55.14,24.1
584,2023,72.4516,46.0645,24.2903
585,2023,76.4444,39.8444,23.7778
586,2023,77.3226,36.871,19.9355
587,2023,68.127,47.4127,24.0159
588,2023,67.5333,45,23.2667
590,2023,71.3333,19.6944,5.95833
591,2023,75.5,22.5,6
592,2023,61.6098,44.0488,20.0976
593,2023,71.6333,31.4333,13.6667
594,2023,68.0492,27.1148,11.8197
595,2023,65.6087,30.7391,19.1739
596,2023,65.5789,19.1053,4.73684
597,2023,63.0476,13.1667,2.2619
598,2023,65.8,20.14,5.46
599,2023,64.8519,23.4444,10.5185
600,2023,102.923,55.3692,14.8615
601,2023,104.722,53.75,15.375
602,2023,103.25,53.25,16.25
603,2023,106.5,52.25,16
604,2023,107.57,48.1013,15.7089
605,2023,108.393,50.25,15.4643
606,2023,105.536,51.4643,16.3571
607,2023,104.75,52.75,15.5
608,2023,105.75,49.75,16
609,2023,114.518,43.3929,14.3036
610,2023,105.833,53.0758,16.3636
611,2023,101.182,56.2727,16.7273
612,2023,114.5,48.1818,16.0227
613,2023,118.339,43.6613,16.7097
614,2023,117.877,46,13.9452
615,2023,120.37,41.1739,14.4783
616,2023,119.417,41.25,15.6667
617,2023,122.094,39.3208,15.7925
618,2023,121.259,39.069,14.3276
619,2023,124.2,37.7333,13.8333
620,2023,125.187,45.7867,9.90667
622,2023,123.135,46.7297,9.55405
623,2023,117.577,50.7692,10.4038
624,2023,125.2,39.1667,10.5
625,2023,123.02,42.8824,11.7843
626,2023,121.316,46.2632,10.9825
627,2023,121.875,47,11
628,2023,122.465,44.3721,9.34884
629,2023,125.154,50.0641,7.29487
630,2023,124.509,48.1754,10.807
631,2023,130.239,45.1304,11.6522
633,2023,122,49.5111,10.4889
634,2023,116.225,50.9,9.975
635,2023,114.636,52.5758,9.18182
636,2023,120.382,52.2647,7.61765
637,2023,121.297,57.2703,5.45946
638,2023,119.844,65.1111,5.17778
639,2023,119.034,58.931,5.03448
640,2023,116.635,57.254,6.8254
641,2023,115.745,60.5686,6.64706
644,2023,110.129,55.9286,9.47143
645,2023,111.333,55,9
646,2023,113.63,57.037,8.44444
647,2023,120.37,55,4.56522
648,2023,127.735,49.5588,2.32353
650,2023,121.296,50.6852,9.2963
651,2023,121,48.5,10
652,2023,117.413,52.5652,9.78261
653,2023,118.71,54.4194,8.19355
654,2023,122.75,52.4643,8
655,2023,122.677,52.129,7.64516
656,2023,125.914,50.2714,4.61429
657,2023,125.5,51.0676,4.67568
658,2023,127.889,52,5
660,2023,118.5,56.2941,4.55882
661,2023,115,60.5833,6.5
662,2023,116.76,61.8,4.16
664,2023,118.257,51.4,5.6
665,2023,118.674,51.6977,5.62791
666,2023,120.833,57.0556,4.61111
667,2023,126.314,50.3922,2.47059
668,2023,121.143,47.1143,2.91429
669,2023,117.588,40.6765,4.70588
670,2023,128.328,35.3448,1.94828
671,2023,128.762,35.1429,1.7619
672,2023,132.429,39.0714,2
673,2023,132.111,42.5926,2.55556
674,2023,121.053,38.3158,3.36842
675,2023,126.415,28.9057,2.16981
676,2023,124.511,25.7333,2.97778
677,2023,123.214,19.3929,0.714286
678,2023,122.615,17.8462,0.717949
679,2023,117.833,12.8333,2
680,2023,107.055,49.1455,11.8182
681,2023,105.5,53.5526,11.4737
683,2023,115.943,45.4143,8.45714
684,2023,114.946,46.4107,9.01786
685,2023,113.609,47.1304,10.7391
686,2023,112.524,40.5476,12.0952
687,2023,105.329,40.863,12.2055
688,2023,115.391,30.375,10.0938
689,2023,119.036,32.5091,6.16364
690,2023,120.077,21.8462,2.42308
691,2023,111.955,19.5,5.15909
692,2023,99.4545,27.8182,11.7273
693,2023,104.138,16.2759,5.31034
700,2023,200.178,38.2667,1
701,2023,201.818,38.2273,1
703,2023,198.588,41.4118,1
704,2023,181.564,37.9744,0.794872
705,2023,188.328,40.3279,1.06557
706,2023,171.667,40.6667,1.28205
707,2023,183.845,43.9828,0.965517
708,2023,191.524,43.1429,1
710,2023,151.906,40.6226,1.15094
711,2023,155.533,39.8667,1
712,2023,136.745,52.098,1.90196
713,2023,161.571,45.9286,1.16667
714,2023,153.305,43,1.22034
716,2023,124.143,58.9429,3.17143
717,2023,137.759,46.7931,2.13793
718,2023,142.743,40.9714,1.25714
719,2023,134.622,45.2432,1
720,2023,126.427,56.04,2.94667
721,2023,127.3,55.55,2.8
722,2023,129.167,56,3
723,2023,123.207,64.1034,3.5
724,2023,120.8,66.6333,4.21667
725,2023,126.291,54.5636,3.29091
726,2023,128.98,48.4082,2.46939
727,2023,132.05,44.5,1.175
728,2023,131.514,46.1429,1.71429
729,2023,131.4,43,0.657143
730,2023,139.506,30.1529,1.88235
731,2023,143.163,33.5581,2
734,2023,141.909,29.8788,1.33333
735,2023,133.583,20.6875,1.29167
736,2023,130.212,20,1.33333
737,2023,130.612,31.3469,2.14286
738,2023,125.474,19.6842,1.78947
739,2023,117.125,13,1.5
740,2023,136.836,40.3433,2.08955
741,2023,139.034,41.2069,2.82759
743,2023,130.667,43.7,1.83333
744,2023,135.628,39.814,1.60465
745,2023,134.667,39.3333,1.05128
746,2023,135.167,36.5556,2.16667
747,2023,137.941,39.7647,1.08824
748,2023,138.277,35.7447,1.87234
749,2023,133.688,41.0312,0.625
750,2023,144.661,36.5,1
751,2023,147.269,35.6731,1.07692
752,2023,146.64,35.88,1
753,2023,150,35,1
754,2023,141.014,38.9595,1.40541
755,2023,146.333,40,1.95833
756,2023,152,39.1778,1.37778
757,2023,150.875,37.55,1.675
758,2023,151.214,35.3571,1
759,2023,154.318,38.9545,1.22727
760,2023,147.183,29.8167,1
761,2023,149.806,29.0556,1
762,2023,140.595,31.5476,1
763,2023,132.964,20.3214,0.928571
764,2023,139.292,22.75,0.833333
765,2023,145.404,27.8936,1.02128
766,2023,147.661,30.6429,1
767,2023,149.2,30.5,1
768,2023,140.146,18.0833,0.791667
769,2023,137.84,12.6,0.76
770,2023,173.135,39.9688,0.71875
772,2023,176,41,1
773,2023,160.161,37.7857,1.41071
774,2023,172.366,37.7324,0.309859
775,2023,176.397,41.0862,0.189655
776,2023,171.4,41.3,1.23333
777,2023,174.75,43.625,1
778,2023,154,33.5,1.02778
779,2023,172,35.4706,0
780,2023,157.25,22.9821,0.0714286
781,2023,164.095,27.9048,0
782,2023,160.066,24.2951,0
783,2023,175.182,35.2273,0
784,2023,179.444,41.1111,0
785,2023,178.115,43.918,0
786,2023,151.281,26.7031,0.515625
787,2023,155.409,27,1
788,2023,148.618,16.6471,0.0588235
789,2023,160.04,31.4,0.6
790,2023,119.315,10.4384,1.09589
791,2023,118.214,9.35714,1
792,2023,130.161,11.9677,1
793,2023,118.553,7.55319,0.510638
794,2023,121.4,8,1
795,2023,136.851,12.9362,1.02128
796,2023,139,16.4286,1.14286
797,2023,120.74,6.76,0.08
798,2023,100.333,2.57143,0
799,2023,89.72,1,0
800,2023,76.2593,8.40741,2
801,2023,77.7429,7.42857,1.97143
802,2023,76.8864,8.18182,2
803,2023,70.5,9,2
804,2023,60.5439,6.05263,0.894737
805,2023,76.625,8.90625,1.9375
806,2023,84.1852,9.37037,2
807,2023,108.909,14.8182,1.87879
808,2023,92.7949,7.89744,1.12821
809,2023,80.9355,4.90323,1.77419
810,2023,93.1346,6.71154,0.673077
811,2023,53.5517,3.7931,0
812,2023,55.3103,4.89655,0.0344828
813,2023,36.6667,1.2,0
814,2023,38.9565,2.52174,0
815,2023,36.5,3.21429,0
816,2023,45.6765,4.47059,0.352941
820,2023,79.4545,10.1818,1.81818
821,2023,54,6,1
822,2023,87.55,14.6,3.8
823,2023,59.4286,7.14286,0
824,2023,77.5455,12,1.45455
825,2023,61.3333,6.44444,0.666667
826,2023,76,8.66667,1.72222
827,2023,79.75,20.4375,8.625
828,2023,73.9231,20.3077,3.76923
829,2023,48.5263,4.15789,0.105263
830,2023,57,6,1
831,2023,53.1667,4.5,0.166667
832,2023,53.0385,4.98077,0.538462
833,2023,54.3784,4.32432,0.675676
834,2023,60.7381,6.30952,1.04762
835,2023,71.4815,14.5556,3.48148
836,2023,62.6,8.46,1.62
837,2023,60.5833,8.75,1
838,2023,65.1833,27.2,6.46667
840,2023,41.7674,2.94186,0
841,2023,42.4444,3,0
843,2023,45.7692,4.64103,0
844,2023,42.5,3,0
845,2023,34.5,1.84615,0
846,2023,34.6222,2.24444,0.0222222
847,2023,27.4638,0.347826,0.15942
850,2023,42.5227,0.977273,0
851,2023,46.84,0,0
852,2023,44.2444,0.777778,0
853,2023,38.5072,0.289855,0
855,2023,49.5238,0.238095,0
856,2023,54.1333,0.222222,0
857,2023,52.7368,0,0
859,2023,48.1538,0.5,0.153846
860,2023,36.4722,0.638889,0.111111
863,2023,36.88,0.4,0.32
864,2023,27.6087,0,0
865,2023,40.55,0.15,0
870,2023,62.6842,0.578947,0
871,2023,65.7273,0,0
873,2023,47.087,0.391304,0
874,2023,43.6,0.733333,0
875,2023,65.8689,2.98361,0.0983607
877,2023,78.1667,4.23333,0
878,2023,57,0.5,0
879,2023,68.9167,1.58333,0
880,2023,70.3409,0.568182,0
881,2023,105.579,4.78947,0
882,2023,108.565,3.6087,0
883,2023,89.3939,1.06061,0
884,2023,95,6,0.2
890,2023,23.1064,0.744681,0
891,2023,22.8667,1.77778,0
893,2023,26,0,0
894,2023,39.3261,0.956522,0
895,2023,43.3077,0.846154,0
897,2023,40.4,1.4,0
898,2023,37.375,0.9375,0
900,2023,30.3676,0,0
902,2023,30.4,0,0
903,2023,31,0,0
904,2023,31.2,0,0
905,2023,30.6667,0,0
906,2023,28.6111,0,0
907,2023,30.6364,0,0
908,2023,31.2143,0,0
910,2023,28.6154,0.0769231,0.153846
911,2023,28.25,0.375,0
912,2023,29.9,0,0
913,2023,29.7632,0,0
914,2023,29.75,0,0
915,2023,30.4,0,0
916,2023,30.4286,0,0
917,2023,27.587,0.130435,0.565217
918,2023,29.5,0,0
919,2023,30.68,0.32,0
920,2023,30.6304,0.0869565,0
921,2023,32.0465,0.0465116,0
922,2023,28.5833,0.25,0
923,2023,27.4921,0.015873,0.222222
924,2023,28.375,0,0.75
925,2023,28.5,0.125,0.2
926,2023,31.8837,0.116279,0.0465116
927,2023,32.2222,0,0
928,2023,30.303,0.030303,0
930,2023,30.625,0.0416667,0
931,2023,31.7778,0,0
932,2023,28.8615,1.27692,0
933,2023,29.2727,0.727273,0
934,2023,30.8947,0.157895,0.184211
935,2023,25.9524,0.0238095,0
936,2023,32.1525,1.69492,0
937,2023,37.55,2,0
939,2023,32.76,1.96,0
940,2023,42.0588,3.67647,0
941,2023,44.931,3.75862,0
943,2023,42,3,0
944,2023,44.25,3,0
945,2023,45.8193,3.37349,0
946,2023,46,3.93333,0
947,2023,45.9,4,0
948,2023,46,4,0
949,2023,43.1389,5.83333,0.25
950,2023,36.7436,2.48718,0
951,2023,38.7931,2.41379,0
952,2023,43.2195,1.26829,0
953,2023,38.3714,1.21429,0.0714286
954,2023,45.6176,6.66176,0.573529
955,2023,36.234,12.3404,6.97872
956,2023,45.5747,2.42529,0
957,2023,43.1364,2.13636,0
958,2023,48.9655,2.03448,0
959,2023,51.1,2.58571,0
960,2023,47.4189,5.55405,1.41892
961,2023,44.0455,1.88636,0.0681818
967,2023,0.230769,0.0128205,0
968,2023,0.15,0,0
969,2023,0,0,0
970,2023,62.5484,10.3548,7.51613
971,2023,59.6341,9.56098,5.39024
972,2023,65.0857,9.94286,8.05714
973,2023,58.4462,9.18462,9.49231
974,2023,51.0769,8.80769,10.4487
975,2023,42.25,10.5417,12.875
976,2023,53.6364,7.81818,1.86364
977,2023,52.8438,9.25,4.59375
978,2023,68.434,11.7736,3.30189
979,2023,62.625,8.875,1.625
980,2023,61.7818,15.4727,8.89091
981,2023,60.8718,16.8718,9
982,2023,60.7164,15.8507,8.22388
983,2023,62.7794,12.1618,8.45588
984,2023,65.2593,11.4444,8.96296
985,2023,59.8209,10.6866,6.0597
986,2023,61.5263,11.4912,6.29825
988,2023,60.8222,18.9778,8.06667
989,2023,64.9667,14.4333,7.43333
990,2023,65.4375,27.7812,6.40625
991,2023,65.4219,22.5781,7.78125
992,2023,64.4375,30.9375,6.625
993,2023,69.9714,15.0857,5.88571
994,2023,76.3333,12,4.66667
995,2023,7.87719,2.38596,0.0877193
996,2023,6.78824,1.74118,0.0352941
997,2023,11.1818,7.14286,4.55844
998,2023,35.4667,8.06667,2.73333
999,2023,34.0909,11.7273,2.63636
006,2024,5.86957,0,0
007,2024,3.76087,0,0
008,2024,2,0,0
009,2024,4.4,0,0
010,2024,101.952,13.1129,2.3871
011,2024,104.769,12.4615,2
012,2024,101.594,14.4062,2.09375
013,2024,97.8333,13.8667,3.03333
014,2024,101.143,10.0476,5.19048
015,2024,102.711,10.2,5.08889
016,2024,104,10,5.36364
017,2024,100.296,10.8889,6
018,2024,98.2188,11,6
019,2024,98.375,11.125,6
020,2024,99.8846,10.5769,5.96154
021,2024,99.9811,11,6
022,2024,100.75,11,6
023,2024,99,9.57143,5.39286
024,2024,100.481,11,6
025,2024,102.88,9.88,4
026,2024,103.486,9.57143,4.08571
027,2024,102.583,9.27778,4.36111
028,2024,103.794,9.73016,4.42857
029,2024,102.056,9.11111,5
030,2024,96.1176,11.5882,5.29412
031,2024,94.2857,12,5
032,2024,88.4483,13.8621,5.7069
033,2024,89.5,13.75,5
034,2024,95.68,13.72,4.2
035,2024,83.35,13.8,6
036,2024,94.25,13.875,4.375
037,2024,89.4583,13.875,5.45833
038,2024,89.806,13.7313,5.62687
039,2024,93.1818,12.9091,6
040,2024,87.3065,14.5645,5.56452
041,2024,88.1111,14.5556,6
042,2024,85.0833,16.1875,5.14583
043,2024,85.381,17.381,5.28571
044,2024,80.0758,17.6212,4.69697
045,2024,85.8966,17.5862,5
046,2024,84.0169,18.3051,4.72881
047,2024,76.4359,17.5385,4.92308
048,2024,85.8333,18.5,5
049,2024,82.2656,16.9844,5.09375
050,2024,89.7551,15.1837,4.89796
051,2024,93.5,16.25,4
052,2024,96.1818,16.8182,3.90909
053,2024,96.381,15.619,3.57143
054,2024,85.5208,17.8958,4.83333
056,2024,87.3636,16.4848,5
057,2024,91.45,17.775,4
058,2024,84.375,15.875,5.375
059,2024,83.1429,14.7143,6
060,2024,106.934,11.5082,2
061,2024,107.357,10.7143,2
062,2024,105.303,10.8485,2.9697
063,2024,107.722,9.91667,3.13889
064,2024,109.87,10.7963,2
065,2024,110.667,10.5833,2
066,2024,109.8,10.3,2
067,2024,110.842,11.0263,2
068,2024,112.68,10.44,1.32
069,2024,114.833,10.6667,1
070,2024,117.443,9.46835,1
071,2024,118.833,9,1
072,2024,118.286,9,1
073,2024,119.857,9,1
074,2024,114.838,11.3243,1
075,2024,116.917,11,1
076,2024,115.769,11.4103,1
077,2024,117.634,8.19512,1
078,2024,115.956,11,1
079,2024,117.276,9.89655,1
080,2024,120.287,7.35632,1
081,2024,120.778,7.44444,1
082,2024,119.31,8.86207,1
083,2024,121.152,8,1
084,2024,118.75,9,1
085,2024,118.935,7.87097,1
086,2024,119.267,7.86667,1
087,2024,119.16,7.64,1
088,2024,118.556,8.35185,1
089,2024,118,8,1
100,2024,119.31,9.66667,1
101,2024,120.591,9.18182,1
102,2024,120,9,1
103,2024,118.462,8.69231,1
104,2024,116.96,10.68,1
105,2024,114.429,11.2381,1
106,2024,115,11,1
107,2024,115.111,10.5556,1
108,2024,116,9.25,1
109,2024,113.864,11.8644,1.01695
110,2024,116.5,9.42857,1
111,2024,118.286,10.2857,1
112,2024,119.605,9.10526,1
113,2024,118.154,10.7692,1
114,2024,117.346,10.8846,1
115,2024,116.075,9.675,1
116,2024,116,10,1
117,2024,115.584,8.87013,1.06494
118,2024,115,9,1
119,2024,113.114,9.31818,2
120,2024,96.7727,17.8485,2.5303
121,2024,96.9412,17.6912,2.39706
122,2024,97.4167,18,2.33333
123,2024,96.125,18.125,3.75
124,2024,104.305,15.9634,1.06098
125,2024,108.714,13.6825,1.5873
126,2024,111.333,13,1
127,2024,109.729,14.3729,1
128,2024,92.1077,18.2,3.93846
129,2024,85.7083,19.1667,4.02778
130,2024,93.46,22.18,2.86
131,2024,93.8824,22.6863,2.90196
132,2024,91.8824,23,3
133,2024,92.9811,21.2075,2.88679
134,2024,93.3065,21.3387,2.90323
135,2024,92,22,3
136,2024,88.5542,23.5904,3.03614
137,2024,100.692,18.4872,1.51282
138,2024,100.146,19.0488,1.78049
139,2024,101.2,18,1.8
140,2024,101.492,21.5738,1.85246
141,2024,101.6,21.6857,1.85714
142,2024,100.379,24,2
143,2024,99.2,24,2
144,2024,96.8222,21.9111,2.91111
145,2024,96.9821,21.9286,2.85714
146,2024,95.2,23.68,3
147,2024,106.984,19.9194,1
148,2024,99.1757,20.6757,1.95946
149,2024,98.75,21.75,2
150,2024,123,13.0282,1
151,2024,123.964,11.9643,1
152,2024,124.186,11.907,1
153,2024,126.582,10.9818,1
154,2024,125.029,11.0857,0.871429
155,2024,123.108,9.81081,0.216216
156,2024,123.111,11.4861,1
157,2024,120.952,11.873,1
158,2024,114.433,14.8333,1
159,2024,121.814,10.4186,0.837209
160,2024,119.486,14.8,1
161,2024,118.857,15.7143,1
162,2024,119.205,13.5385,1
163,2024,113.86,16.2326,1
164,2024,112.788,18.3636,1
165,2024,111.357,20.2857,1
166,2024,121.075,10.5075,0.38806
167,2024,106.045,18.4545,1
168,2024,116.655,12.0182,0.654545
169,2024,103.594,17.3125,1.8125
170,2024,120.244,10.0581,0.686047
171,2024,121.7,10,1
172,2024,124.122,9.06122,0
173,2024,121.562,7.375,0.625
174,2024,122,7,1
175,2024,120.596,7.78723,1
176,2024,121.25,7.5,1
177,2024,112.9,12.45,1.1
178,2024,117.519,11.4074,1
179,2024,119.156,10.2444,1
180,2024,119.291,9.69091,1
181,2024,119.714,9.85714,1
182,2024,118.306,11.0278,1
183,2024,117.389,11.2222,1
184,2024,110.686,13.9804,1
185,2024,112.364,13.8182,1
186,2024,113.694,12.8333,1
187,2024,115.5,12.125,1
188,2024,105.588,16,1.17647
189,2024,118.538,8.58974,1
190,2024,120.265,7.60294,1
191,2024,120.94,7.14,1
193,2024,120.706,7.08824,1
194,2024,118.625,8.34375,1
195,2024,119.643,9.57143,1
196,2024,118.9,9.1,1
197,2024,122.053,7.26316,1
198,2024,121.7,7.1,1
199,2024,120.923,9.05128,1
200,2024,123.704,9.33333,0
201,2024,123.756,8.44444,0
202,2024,124.286,9.28571,0
203,2024,125.2,9.4,0
204,2024,123.667,9.66667,0
205,2024,123.917,9.58333,0
206,2024,124.361,10.7705,0
207,2024,124.547,8.43396,0
208,2024,125.825,6.8,0
209,2024,126.5,6.25,0
210,2024,125.083,6.75,0.4375
211,2024,123.9,6.86667,0.366667
212,2024,126.302,6.67442,0.0465116
214,2024,125,10,0
215,2024,123,10.1304,0
216,2024,122.966,9.51724,0.396552
217,2024,124.268,8.05357,0
218,2024,123.459,9.72973,0.432432
219,2024,124,6.73333,1
220,2024,123.421,9.47368,0
221,2024,123.5,9.625,0
222,2024,123.909,9,0
223,2024,123.714,9.57143,0
224,2024,125,8.875,0
225,2024,125.2,8.36,0
226,2024,122.759,9.34483,0
227,2024,124.429,9.17143,0
228,2024,122.036,10.4643,0
229,2024,126.125,8.45,0
230,2024,126.854,7.85417,0
231,2024,127.844,7.91111,0
232,2024,129.696,8,0
233,2024,124.172,8.75862,0.137931
234,2024,124.622,8.42222,0
235,2024,128.071,7,0
236,2024,124.75,8.66667,0
237,2024,127.571,7,0
238,2024,128.527,7.14545,0
239,2024,127.306,6.63889,0
240,2024,126.093,7.13953,0
241,2024,126.475,6.925,0
242,2024,127.477,8.81818,0
243,2024,127.275,7.225,0
244,2024,125.837,9.25581,0
245,2024,128.429,6.83929,0
246,2024,126.12,9.56,0
247,2024,124.647,10.1765,0
248,2024,126.364,10.8545,0
249,2024,123.629,10.1714,0
250,2024,129.4,11.44,0
251,2024,129.769,11.2692,0
252,2024,130.825,11.025,0
253,2024,131.571,10.1429,0
254,2024,123.417,8.91667,0
255,2024,130.2,10.875,0
256,2024,129.186,12.2791,0
257,2024,131.5,10.6667,0
258,2024,124.364,10.6136,0
259,2024,123.622,10.5405,0
260,2024,126.625,12.25,1
261,2024,129.212,10.2727,0.363636
262,2024,125.942,10.4615,0
263,2024,126.645,10.6129,0
264,2024,126.414,10.5517,0.0344828
265,2024,125.135,11.1892,0.162162
266,2024,128,11.3571,0
267,2024,123.217,9.82609,0
268,2024,122.667,10.2917,0
270,2024,125.912,6.55882,0.0882353
271,2024,128.333,5.88889,0
272,2024,129.364,5.72727,0.386364
273,2024,128.25,5.52778,0.305556
274,2024,129.182,6,0
275,2024,131.903,6.27778,0.430556
276,2024,133.588,6.70588,0.529412
277,2024,131.778,6.66667,0
278,2024,130.241,6.68675,0.46988
279,2024,128.207,7.13793,0.172414
280,2024,133.837,3.46939,1
281,2024,133.884,3.60465,1
282,2024,134.724,3.13793,1
283,2024,139,5.64935,1
284,2024,137.4,3.83636,1
285,2024,134.452,4.95161,1
286,2024,128.342,7.07595,0.329114
287,2024,136.44,4.92,0.973333
288,2024,137.6,6.8,1
289,2024,142,4.16667,1
290,2024,136.939,4,1
291,2024,136.809,4.02128,1
292,2024,136.923,4.07692,1
293,2024,139.044,2.42222,1
294,2024,137.386,3.31579,1
295,2024,140.825,3.36842,1
296,2024,137.323,4.26154,1
297,2024,136.52,2.76,1
298,2024,135.143,5.02857,1
299,2024,132.484,4.83871,0.935484
300,2024,144.242,3.75806,1
301,2024,147.474,3.19298,1
302,2024,140.696,5.08929,1
303,2024,145.575,4,1
304,2024,132.86,5.53488,0.581395
305,2024,142.175,3.63492,1.03175
306,2024,139.136,3.34091,1
307,2024,145.812,4.59375,1
308,2024,134.227,5.18182,1
309,2024,136.571,5.28571,1
310,2024,136.369,5.5,0.559524
312,2024,142.1,5.6,1
313,2024,124.667,5.75,0.166667
314,2024,128.167,6.66667,0
315,2024,125.809,3.57447,0
316,2024,134.129,4.35484,0
317,2024,135.038,5.84615,0
318,2024,139.259,6.92593,0.259259
319,2024,141.286,8,0
320,2024,123.087,2.95652,0
321,2024,117.178,0.911111,0
322,2024,122.378,2.7027,0
323,2024,131.907,6.88372,0.0232558
324,2024,147.023,5.27907,0.0232558
325,2024,150.244,8.58537,0
326,2024,119.186,3.44186,0
327,2024,118.568,1.36364,0
328,2024,116.824,1.52941,0
329,2024,109.912,1.11765,0
330,2024,88.2549,0.784314,0
331,2024,85.8095,0.968254,0
333,2024,94.6071,0.964286,0
334,2024,97.1404,1.03509,0
335,2024,117.864,1.18182,0
336,2024,117.889,1.62963,0
337,2024,120.513,1.79487,0
338,2024,113.731,1.44231,0
339,2024,106.265,1.53061,0
341,2024,100,1.33333,0
342,2024,110.875,2.08333,0
344,2024,121.618,0.911765,0
346,2024,121.697,1.30303,0
347,2024,116.656,0.90625,0
349,2024,99,1.09091,0
350,2024,148.386,5.21053,0.859649
351,2024,148.357,5.30952,0.928571
352,2024,148.161,6.35484,1
354,2024,151.735,7.29412,0.382353
355,2024,153.512,4.04878,1
356,2024,148.892,4.91892,1
357,2024,147.594,4.3125,1
358,2024,148.091,4.09091,1
359,2024,148.846,3.35897,1
360,2024,145.93,7.38596,0
361,2024,149.062,9.25,0
362,2024,147.25,4.67857,1
363,2024,143.559,6.29412,0
364,2024,148.156,7.65625,0
365,2024,151.35,8.8,0
366,2024,156.095,9.7619,0
367,2024,148.114,8.09091,0
368,2024,143.259,6.92593,0.0740741
369,2024,154.385,6.46154,0
370,2024,141.516,5.79688,0.828125
371,2024,141.723,5.51064,0.829787
372,2024,144.696,4.3913,1
373,2024,141.844,4.90909,1
374,2024,143.562,6,1
376,2024,131.03,7.81818,0.030303
377,2024,136.979,6,0.354167
378,2024,136.414,6.22414,0.413793
379,2024,141.368,6,0.947368
380,2024,151.46,10.28,1
381,2024,153.452,12.5484,1
382,2024,143.857,10.3214,1
383,2024,151.213,7.40984,1
384,2024,147.382,5.26471,1
385,2024,140.809,4.76596,0.468085
386,2024,151.283,10.434,1
387,2024,151.2,11.075,0.625
388,2024,156.78,6.92683,1
389,2024,152.784,7.35135,0.810811
390,2024,157.917,5.36111,0
391,2024,157.651,5.25581,0
392,2024,164.235,5.70588,0
393,2024,155.125,6.225,0
394,2024,157.472,5.94444,0
395,2024,163.75,7.57143,0.107143
396,2024,162.615,6.38462,0
397,2024,151.367,5.86667,0.733333
398,2024,137.419,5.87097,0
400,2024,132.163,11,1.20408
401,2024,132.903,14.1935,0.193548
402,2024,134.294,12.1176,1.17647
403,2024,130.675,10.825,0.2
404,2024,132.16,10.24,0
405,2024,135,10.9375,0
406,2024,129,10,1
407,2024,131.727,8.63636,0
408,2024,130.27,8.81081,0
409,2024,132.567,8.03333,0
410,2024,124.811,12.0377,2.15094
411,2024,128.778,10.8519,0
412,2024,132.724,10.9655,0
413,2024,130.684,9.78947,0
414,2024,131,10.8333,0
415,2024,130.368,11,0
416,2024,131.471,10.5882,0
417,2024,132.03,8.27273,0
418,2024,130.758,9.57576,0
420,2024,140,14.9167,1
421,2024,138.536,9.46429,0
422,2024,138.133,10,0.366667
423,2024,139.25,13.025,0
424,2024,138.643,12.6071,0.357143
425,2024,131.786,9.57143,0
426,2024,133.917,8.91667,0
427,2024,135.765,11.5294,0
430,2024,120.935,15.5645,1.20968
431,2024,120.913,13.5435,1.02174
432,2024,120.233,16.3333,1
433,2024,120.925,16.1,1.475
434,2024,112.791,21.814,1
435,2024,113.66,22.9245,1.28302
436,2024,112.294,24.3529,1
437,2024,125.125,11.6429,1
438,2024,122,15.2941,1
439,2024,125.818,12.5273,1
440,2024,117,17.8947,1
441,2024,119.271,18.3125,1
442,2024,122.091,17.0455,1
443,2024,122.944,17,1
444,2024,119.481,16.0192,1
445,2024,119.846,16,1
446,2024,122.653,16.9167,1
447,2024,124.071,17.5714,1
448,2024,118.893,18.0357,1
449,2024,122.714,16.7143,1
450,2024,121.818,15.1818,3
451,2024,122.854,12.9375,1.9375
452,2024,123.978,14.8043,3
453,2024,121.571,15.6623,2.97403
454,2024,121.7,15.3667,3
455,2024,120,14,3
456,2024,129.328,10.3281,0.5
457,2024,130.085,9.85106,0.87234
458,2024,120.305,19,2.03659
460,2024,127.659,18.3409,3
461,2024,126.839,17.4516,3
462,2024,128.842,18.8684,3
463,2024,122.467,26.8444,1.97778
464,2024,124,27,2
465,2024,116.979,24.9583,1.14583
466,2024,118.364,25.9091,1
467,2024,118.935,22.129,1.56452
468,2024,121.062,22,2
469,2024,122.887,21.1774,2.59677
470,2024,125.379,13.7241,3
471,2024,127.8,13.9111,2.55556
472,2024,128.03,13.9394,3
473,2024,124.559,17.6271,3
474,2024,127.163,15.2093,3
475,2024,129.846,15.0385,2.38462
476,2024,133.346,14.8462,1.73077
477,2024,136,16,0.888889
478,2024,125.939,19.3265,3
479,2024,125.292,22.3538,2.93846
480,2024,101.058,31,0
481,2024,105.286,29.4714,0.0857143
482,2024,103.41,30.9487,0
483,2024,102.824,30.7451,0
484,2024,96.339,31.2881,0.169492
485,2024,98.5,29.6,0
486,2024,92.451,33.1961,0.607843
487,2024,91.22,33,0.58
488,2024,100.152,31.2911,0.0126582
489,2024,103.714,29.7143,0
490,2024,109.658,27.4177,0.139241
491,2024,117.75,26.6,1
492,2024,108.224,27.2414,0.155172
493,2024,98.0476,33.381,0
494,2024,99.94,33.14,0
495,2024,100.929,32.5,0
496,2024,90.3881,35.7015,0.432836
497,2024,85.803,33.1061,1.5
498,2024,78.6,35.7846,3.27692
499,2024,79.0435,33.6957,4.13043
500,2024,126.857,34.1587,3.33333
501,2024,127.652,33.6667,3.28986
502,2024,126.875,33.9531,3.28125
503,2024,129.353,34.5294,3
504,2024,113.6,39.3091,3.65455
505,2024,116.568,38.1216,3.45946
506,2024,118.368,37.2794,3
507,2024,119,37.5,3
508,2024,134.964,29.8929,3.39286
510,2024,114.145,37.4182,4.21818
511,2024,114.25,38.75,4
512,2024,112.8,36.05,4.9
513,2024,113.435,36.5217,4
514,2024,122.375,37.3125,3.65625
515,2024,125.556,34.6111,3.24074
516,2024,133.6,34.65,3
520,2024,118.159,32.0909,3.04545
521,2024,111.625,36.2812,3.03125
522,2024,126.128,32.9787,3
523,2024,126.321,32.9434,3
524,2024,126.5,33,3
525,2024,130.78,29.74,3.44
526,2024,133.324,28.7353,3.26471
527,2024,123.75,30.5682,3.70455
528,2024,123.833,31.3333,4
530,2024,106.96,29.5867,3
531,2024,113.345,27.8727,3.30909
532,2024,110.833,29.7333,3
534,2024,113.6,28.2,3
535,2024,111.716,29.0864,2.7284
537,2024,111.071,30.3571,2.71429
538,2024,113.619,32.4286,3
539,2024,101.188,33.5833,1.5
540,2024,95.125,35.25,6.125
541,2024,88.6852,33,3.09259
542,2024,92.7407,33.5926,2.81481
543,2024,92.7143,33.1429,3
544,2024,90.6753,34.8961,1.88312
545,2024,81.6444,34.9556,3.91111
546,2024,103.453,34.9811,2.35849
547,2024,94.7551,35.1429,3.89796
548,2024,84.2742,36.7258,5.62903
549,2024,95.6964,33.7321,2.16071
550,2024,96.3188,35.3768,6.24638
551,2024,98.0625,35.9375,6.875
553,2024,98.1512,34.2558,7.32558
554,2024,99.4118,35,7.21569
556,2024,75,39.5385,4.23077
557,2024,75.5507,41.4928,5.95652
558,2024,79.9091,41.2727,5
559,2024,105.183,35.5915,4.23944
560,2024,106.986,36.9437,4.59155
561,2024,106.576,36.9697,4.60606
562,2024,93.3514,38.527,6.52703
563,2024,88.7143,36.2143,7.8
564,2024,81.9231,36.6923,7.87179
565,2024,81.7183,39.7183,7.84507
566,2024,75.0208,39.3125,8.3125
567,2024,70.4,45.125,9.075
570,2024,104.014,37.7826,5.91304
571,2024,105.333,40.2222,6
572,2024,87.125,40.7321,7.30357
573,2024,89.95,38.15,5.75
574,2024,77.6531,42.2653,7.67347
575,2024,76.3721,35.9535,5.7907
576,2024,64.0625,39.75,9.125
577,2024,67.8246,35.4035,5.5614
580,2024,79.5167,42.4833,7.88333
581,2024,85.25,42,8
582,2024,75.8448,46.3276,9.05172
583,2024,79.44,42.62,9.42
584,2024,75.3226,42.1452,8.58065
585,2024,72.8889,39.0889,9.13333
586,2024,63.9355,39.4839,8.54839
587,2024,74.4127,41.3333,10.0794
588,2024,71.2,42.0667,8.73333
590,2024,51.7917,29.5972,8.95833
591,2024,60.25,31,10
592,2024,63.0244,39.122,8.17073
593,2024,53.5667,37.7333,7.5
594,2024,47.7049,35.8197,8.08197
595,2024,52.2174,35,8.17391
596,2024,38.2632,37.1579,8.84211
597,2024,36.3333,32.4286,11.5952
598,2024,38.36,34.68,10.44
599,2024,42.8148,34.4074,5.40741
600,2024,117.262,28.6923,3.61538
601,2024,120.153,28.25,3.44444
602,2024,118.75,29,3
603,2024,120,29,3
604,2024,122.57,27.8987,2.72152
605,2024,121.018,27.7679,3.16071
606,2024,121.018,28.2321,2.32143
607,2024,118.5,29,3
608,2024,122.75,27.5,2.25
609,2024,123,25.8393,3.19643
610,2024,118.242,26.5455,3.92424
611,2024,117.818,26.9091,4
612,2024,124.864,29.2727,3.61364
613,2024,122.79,25.2742,3.96774
614,2024,129,27.8219,3.24658
615,2024,125.826,25.5,3.86957
616,2024,126.583,26.0833,4
617,2024,124.245,24.717,4
618,2024,126.362,22.069,3.03448
619,2024,127.9,20.9,3
620,2024,132.067,21.88,3.45333
622,2024,132.878,20.7162,3.59459
623,2024,133.019,25.3654,4
624,2024,127.9,18.8833,3
625,2024,126.549,21.3529,3.60784
626,2024,127.509,22.0175,3.89474
627,2024,125.875,20.75,4
628,2024,131.767,18.1744,3.13953
629,2024,137.295,18.6026,1.32051
630,2024,135.526,22.386,3.5614
631,2024,136.848,21.5652,4
633,2024,131.178,24.5556,4
634,2024,132.45,27.575,4
635,2024,134.242,27.303,4.27273
636,2024,137.824,17.3235,2.64706
637,2024,139.784,20.6216,1.13514
638,2024,141.956,20.7556,1
639,2024,143.276,19.6552,1
640,2024,141.746,27.3651,3.49206
641,2024,145.294,27.549,4
644,2024,138.343,29.9857,3.27143
645,2024,140.5,28.8333,3.33333
646,2024,134.852,29.5,4.18519
647,2024,145.043,24,3
648,2024,159.324,18.6471,2.70588
650,2024,136.241,25.0185,3.2037
651,2024,134,24.5,3
652,2024,132.696,27.7391,3.93478
653,2024,136.935,27.5484,3.12903
654,2024,142.679,19.25,2.92857
655,2024,143.258,19.5484,2.87097
656,2024,152.1,18.4571,2.58571
657,2024,151.014,18.4459,2.56757
658,2024,153.667,18.3333,3
660,2024,142.059,26.4853,3.42647
661,2024,144.583,27.3333,4
662,2024,146.08,27.64,4
664,2024,136.686,29.2857,3.28571
665,2024,137.023,29.9767,3.23256
666,2024,142.167,27.5556,4
667,2024,149,24,3
668,2024,135.457,30.7143,2.62857
669,2024,127.706,28.5,3
670,2024,136.552,27.1724,1.7069
671,2024,136.81,27.3571,1.54762
672,2024,141.071,29.6429,2
673,2024,148.111,26.1481,2.96296
674,2024,130.439,28.1579,2.84211
675,2024,125.472,24.3208,2.49057
676,2024,121.689,22.9111,3
677,2024,105.143,17.9643,2.92857
678,2024,108.795,17.1026,2.25641
679,2024,100.5,13.1667,2
680,2024,118.091,37.5273,3.01818
681,2024,125.342,36.0789,3
683,2024,126.757,32.3571,3
684,2024,126.661,32.8929,3
685,2024,123.652,35.7826,3
686,2024,113.619,36.5,3.04762
687,2024,104.712,37.1918,3.76712
688,2024,111.516,30.6719,3.09375
689,2024,120.345,27.6364,3
690,2024,101.154,22.4615,3.5
691,2024,87.9091,26.75,3.59091
692,2024,79.9091,35,4
693,2024,73.0345,30.0345,3.13793
700,2024,173.578,8.42222,0.111111
701,2024,173.409,8.54545,0
703,2024,173.324,9.91176,0.235294
704,2024,170.846,7.41026,0.25641
705,2024,174.361,12.377,0.0327869
706,2024,168.821,10.6667,0.0512821
707,2024,174.345,9.56897,0
708,2024,182.667,10,0
710,2024,159.019,12.2075,0
711,2024,158.867,14.1333,0
712,2024,155.569,9.33333,0
713,2024,165.381,10.2619,0
714,2024,162.983,10.4237,0
716,2024,149.4,13.6857,0.514286
717,2024,156.793,13.2759,0.103448
718,2024,156.2,15.4857,0
719,2024,153.081,16.1351,0.810811
720,2024,148.92,18.2,1
721,2024,149.783,18.3167,1
722,2024,150.833,22,1
723,2024,146.31,16.6207,1
724,2024,146.15,19.8667,1
725,2024,150.218,17.9818,1.16364
726,2024,153.286,18.5102,2.06122
727,2024,157.575,16.875,2.1
728,2024,147.371,21.8571,1.42857
729,2024,154.657,19.1714,1.51429
730,2024,144.318,18.1765,0.988235
731,2024,147.721,20.2093,1
734,2024,153.242,15.9697,0.333333
735,2024,135.229,11.625,0.979167
736,2024,129.242,12.5455,1.24242
737,2024,141.265,22.0408,1
738,2024,120.474,17.4211,1.89474
739,2024,98.6875,12.375,1.5625
740,2024,148.448,22.6269,1.71642
741,2024,152.207,23.1379,2
743,2024,155.6,19.9667,2.13333
744,2024,153,22.0233,1.95349
745,2024,152,21.9744,0.0769231
746,2024,145.111,23.0556,1.33333
747,2024,154.412,18.2353,0
748,2024,150.532,20.3191,0.382979
749,2024,156.219,18.9688,1.25
750,2024,159.694,11.2097,0
751,2024,160.173,10.6731,0
752,2024,162.7,10.02,0
753,2024,164,10,0
754,2024,156.311,14.8243,0
755,2024,158,16.375,0
756,2024,159.644,12.3333,0
757,2024,161.1,10.575,0
758,2024,158.929,8.89286,0
759,2024,163.705,8.15909,0
760,2024,157.833,9.41667,0
761,2024,160.556,9.44444,0
762,2024,153.667,11.9524,0
763,2024,132.821,9.96429,0.964286
764,2024,141,7.375,0.0208333
765,2024,151.979,7.93617,0
766,2024,155.143,8.64286,0
767,2024,154.5,8.5,0
768,2024,136.729,3.77083,0
769,2024,120.84,4.96,0
770,2024,172.177,13.7396,0
772,2024,173,17,0
773,2024,162.929,10.3214,0
774,2024,169.056,14.0845,0
775,2024,172.966,15.2759,0
776,2024,169.467,11.2333,0
777,2024,169.875,12.75,0
778,2024,158.75,9.55556,0
779,2024,165.176,13.8529,0
780,2024,144.929,9.98214,0
781,2024,154.667,11,0.0238095
782,2024,149.508,9.98361,0
783,2024,166.614,16.0909,0
784,2024,176,21.4444,0
785,2024,174.508,24.1967,0
786,2024,151.891,7.51562,0
787,2024,156.227,7.5,0
788,2024,131.853,9.11765,0
789,2024,157.84,8.88,0
790,2024,96.1644,9.60274,1.30137
791,2024,95.2143,8.78571,1
792,2024,103.903,9.03226,1.09677
793,2024,88.5532,4.57447,0.957447
794,2024,94.7333,4.93333,1
795,2024,118.255,5.06383,0.744681
796,2024,126.143,5.42857,0.142857
797,2024,94.24,4.08,0.24
798,2024,55.7143,2.28571,0
799,2024,44.88,2,0
800,2024,70.1111,10.0741,2
801,2024,71.2,8.45714,1.48571
802,2024,72.2955,9.06818,2
803,2024,64.5,9.16667,1.5
804,2024,55.7719,5.80702,0.280702
805,2024,65.2188,11.0625,2.0625
806,2024,73.1852,11.3333,3.33333
807,2024,81.2424,17.3939,3.06061
808,2024,76.0513,10.4103,1.20513
809,2024,69.5806,8.83871,1
810,2024,72.8077,8.63462,0.923077
811,2024,42.9655,2.31034,0
812,2024,46.931,3.51724,0
813,2024,32.0667,3.26667,0
814,2024,37.1739,3.69565,0
815,2024,37.2143,6.64286,0
816,2024,43.1765,5.76471,0
820,2024,65.6364,14.9091,2.54545
821,2024,40,18,8
822,2024,63.2,26.2,3.2
823,2024,50.6429,15.7857,1.07143
824,2024,54.3636,26.7727,7.22727
825,2024,34.8889,23.8889,3.44444
826,2024,50.5556,28.6111,3.44444
827,2024,57,35.625,5.8125
828,2024,54.0769,30.8462,7.23077
829,2024,41.6316,15.3684,0.684211
830,2024,44,16,4.33333
831,2024,44.3889,17.7778,2.38889
832,2024,43.0192,16.4038,4.25
833,2024,38.5946,18.973,7.89189
834,2024,46.2857,18.9524,9.90476
835,2024,37.4074,31.7778,9.92593
836,2024,26.86,29.48,10.28
837,2024,31.9167,32,10.6667
838,2024,44.4833,32.9167,6.25
840,2024,40.3023,10.6279,0.232558
841,2024,42.7778,11.037,0
843,2024,41.6154,14.2308,1
844,2024,41.3333,13,1
845,2024,33.3846,6.53846,0
846,2024,35.6889,8.31111,0
847,2024,28.4928,5.71014,0.115942
850,2024,37.2727,4.27273,0
851,2024,29.56,3.68,0
852,2024,35.7333,4.62222,0
853,2024,33.8551,3.44928,0
855,2024,30,3.52381,0
856,2024,24.8889,3,0
857,2024,26.2895,3.02632,0
859,2024,31.7692,3.26923,0
860,2024,31.6389,3.19444,0
863,2024,31.88,3.92,0
864,2024,31.0435,4.30435,0
865,2024,30.45,2.3,0
870,2024,40.0702,1.87719,0.0175439
871,2024,42.6818,1.59091,0
873,2024,32.0435,2.26087,0
874,2024,31.7333,2.53333,0
875,2024,46.8689,3.80328,0.131148
877,2024,56.8,4.3,0
878,2024,33.5,2.33333,0
879,2024,39.1667,2.5,0
880,2024,35.6136,2.38636,0
881,2024,68.4211,7.15789,0.368421
882,2024,69.4783,5.47826,0
883,2024,51.7273,3.09091,0.424242
884,2024,66.55,6.4,0.2
890,2024,30.8723,5.76596,0.0638298
891,2024,31.4444,6.35556,0
893,2024,32.3333,7.66667,0
894,2024,28.7391,7.30435,1.13043
895,2024,30.6923,7.30769,0.923077
897,2024,29.4,6.2,0
898,2024,30.125,9.25,1.6875
900,2024,25.7794,3.51471,0
902,2024,25.2571,3,0.0285714
903,2024,24.4,4,0
904,2024,24.4,3,0
905,2024,25.1667,3.16667,0
906,2024,25.8333,3,0
907,2024,25.3182,2.68182,0
908,2024,25.5714,2.64286,0
910,2024,27.1538,2.61538,0
911,2024,27,2.875,0
912,2024,26.9,2.5,0
913,2024,26.0789,2.89474,0
914,2024,26,3.625,0
915,2024,26.2,3.2,0
916,2024,26.4286,3.28571,0
917,2024,25.8478,4.32609,0
918,2024,27,3,0
919,2024,22,2.44,0.44
920,2024,24.5435,2.13043,0.347826
921,2024,22.4884,2.97674,0.0232558
922,2024,27.8333,2.75,0.5625
923,2024,25.9206,5.31746,0.873016
924,2024,25.375,7.125,0.375
925,2024,25.575,3.25,0.725
926,2024,24.7442,2.32558,0
927,2024,24.7778,3.66667,0
928,2024,25.7576,3.42424,0
930,2024,21.25,2.625,0.0416667
931,2024,18.3333,2.88889,0.555556
932,2024,33.2923,3.43077,0.153846
933,2024,36.2727,2.81818,0
934,2024,20.3158,1.97368,0.0789474
935,2024,27.0952,3.35714,0.047619
936,2024,37.678,5.27119,0.305085
937,2024,42.55,7.7,0
939,2024,32.36,1,0
940,2024,33.5,3.11765,0
941,2024,34.7931,5.34483,0
943,2024,35,3,0
944,2024,34,3,0
945,2024,33.506,7.37349,0.0120482
946,2024,32.4667,7.86667,0
947,2024,33,8,0
948,2024,32.8,7.4,0
949,2024,33.2222,6.11111,0
950,2024,33,2.51282,0
951,2024,35.069,3.2069,0
952,2024,35.3659,7.63415,0.0243902
953,2024,36.7714,5.05714,0.0857143
954,2024,33.25,5.98529,0
955,2024,31.3191,10.2128,0.893617
956,2024,35.7816,8.49425,0.816092
957,2024,34.7273,7.90909,1.22727
958,2024,40.1379,9.24138,1
959,2024,36.3,8.72857,1.74286
960,2024,27.8378,13.6486,4.21622
961,2024,27.7727,9.61364,2.93182
967,2024,0,0,0
968,2024,0,0,0
969,2024,0,0,0
970,2024,36.7419,17.3387,4.56452
971,2024,43.8293,10.5122,1.85366
972,2024,39.3143,15.4286,4.65714
973,2024,37.3385,17.3231,2.52308
974,2024,28.9359,17.7692,3.88462
975,2024,24.8333,20.75,5.08333
976,2024,22.6364,23.2727,5.18182
977,2024,21.25,23.2188,8.59375
978,2024,30.5283,26.3396,9.64151
979,2024,23.6875,25.6875,9.8125
980,2024,41.9636,11.5091,3.87273
981,2024,44.7436,9.76923,3.94872
982,2024,39.5821,13.4925,2.19403
983,2024,42.1029,9.77941,2.97059
984,2024,44.3704,10.1852,3.48148
985,2024,43.7612,8.46269,1.61194
986,2024,39.9298,12.7719,3.92982
988,2024,31.5778,21.5778,6.11111
989,2024,35.4333,16.6667,7.6
990,2024,45.375,33.1562,5.125
991,2024,40.7656,28.3594,6.07812
992,2024,46.375,34.8125,5
993,2024,38.4857,25.2571,8.2
994,2024,36.3333,30.6667,10.3333
995,2024,11.7368,1.70175,0.631579
996,2024,12.1412,1.71765,0.611765
997,2024,17.4545,6.24675,1.94805
998,2024,25.7333,2.86667,0
999,2024,28.0909,3.27273,0.636364
006,2025,1,0,0
007,2025,1.95652,0,0
008,2025,2,0,0
009,2025,1.925,0,0
010,2025,67.2258,13.5,2.80645
011,2025,66,14.7692,3
012,2025,66.7812,12.9375,2.96875
013,2025,66.5333,12.7667,2.56667
014,2025,64.2857,14.9524,2
015,2025,65.7111,15.0222,2
016,2025,67.4545,15,2
017,2025,63.4815,15.1111,2
018,2025,61.4688,15.4062,2
019,2025,60.4375,15.2812,1.90625
020,2025,63.1923,15.1154,1.73077
021,2025,63.1887,15,1.90566
022,2025,63.5,15,2
023,2025,62.1786,15.6071,1.14286
024,2025,62.5185,15.6296,2
025,2025,62.16,15.24,1.12
026,2025,61.4571,15.4857,1
027,2025,62.4444,15.3611,1.16667
028,2025,63.9365,14.8889,1.98413
029,2025,65.2778,15,2
030,2025,62.7353,14.6765,2
031,2025,62.4286,14.8571,2
032,2025,64.3103,14.4828,2
033,2025,64.5,12.5,2
034,2025,65.8,12.4,2
035,2025,62.9,18.6,1.95
036,2025,65.25,12.875,2
037,2025,63.7917,17.5,2
038,2025,63.6866,15.2239,2
039,2025,62.5455,15.7273,2
040,2025,62.2097,16.3387,1.6129
041,2025,62.2222,17.8889,1
042,2025,63.8125,17.9583,1.625
043,2025,61.7619,17.6667,1
044,2025,60.8485,19.8636,0.166667
045,2025,60.1724,17.3103,1
046,2025,57.6441,18.5593,1.28814
047,2025,56.9231,24.5641,0.0769231
048,2025,61,16.7222,1.05556
049,2025,61.4531,19.0938,0.8125
050,2025,64.7551,19.1837,2
051,2025,64.875,15.5625,2
052,2025,65.1818,15.1818,1.72727
053,2025,67.5238,12.619,2.28571
054,2025,62.7292,22.7083,1
056,2025,63.4545,21.2424,1.78788
057,2025,64.725,18.95,1.55
058,2025,61.55,21.85,1.85
059,2025,62.7143,20.7143,2
060,2025,66.918,14.377,3
061,2025,67.2143,14.7143,3
062,2025,66.7879,14.1515,2.60606
063,2025,66.7778,13.1667,2.97222
064,2025,68.2593,14.6852,3
065,2025,68.3333,15.4167,3
066,2025,68.9,15,3
067,2025,69.3158,15.0263,3
068,2025,70.56,15.08,3
069,2025,70.8333,15,3
070,2025,75.3165,14.3418,3.89873
071,2025,75.0833,13.9167,4
072,2025,76.1429,12.7143,4.28571
073,2025,73.7143,12.8571,5
074,2025,73.4054,16.1622,2.75676
075,2025,75,16,3
076,2025,74.8462,14.8974,3.64103
077,2025,72.4146,13.3171,5
078,2025,74.6889,15.0889,2.22222
079,2025,75.6207,14.7241,3.44828
080,2025,77.2069,10.1379,4
081,2025,78.7778,10.5556,3.77778
082,2025,72.931,10.069,4.27586
083,2025,75.4545,8.90909,4
084,2025,74.75,10,4.25
085,2025,74,13.129,4.22581
086,2025,73.6667,12.9333,4.13333
087,2025,72.56,13.04,5
088,2025,75.0185,13.963,3.7963
089,2025,73.3333,14,4
100,2025,74.5714,13,4.95238
101,2025,74.0909,13,5
102,2025,74,13,5
103,2025,76.0769,12.0769,5
104,2025,75.24,13.2,4.28
105,2025,71.6984,15.8413,2.8254
106,2025,72,15.6667,3
107,2025,72.6667,15.2222,3
108,2025,74,14.5,3
109,2025,71.6441,16.1356,2.10169
110,2025,73.3571,13.6429,4.07143
111,2025,74,13,5
112,2025,74.6053,12.4737,5
113,2025,74,13,4.92308
114,2025,73.7308,13,4.96154
115,2025,72.825,13.525,4.325
116,2025,75,12,5
117,2025,71.5325,13.7143,3.85714
118,2025,72,14,4
119,2025,67.0682,15.0227,3.52273
120,2025,65.8788,17.1515,0.530303
121,2025,66.0735,17.3382,0.617647
122,2025,66.3333,16.8333,0.833333
123,2025,67.375,17.75,0
124,2025,68.5854,16.9512,0.853659
125,2025,69.0952,15.7143,2
126,2025,68,16,2
127,2025,71.0339,15.2712,1.52542
128,2025,65.1385,20.1846,0.169231
129,2025,63.4028,22.2778,0.972222
130,2025,68.36,20.04,1
131,2025,69.3922,20.6471,1
132,2025,67.4706,21.9412,1
133,2025,67.3396,19.5283,0.773585
134,2025,67.2097,19.7903,0.83871
135,2025,67,20,1
136,2025,67.4578,23.1325,1.07229
137,2025,69.5385,15.5385,0.948718
138,2025,68.9512,15.7317,1
139,2025,70.4,15.6,1
140,2025,75.8525,21.541,0
141,2025,76.4571,21.8571,0
142,2025,77.1379,23.1379,0
143,2025,76.4,25,0
144,2025,74.0667,21.9778,0.177778
145,2025,74.3571,21.375,0.196429
146,2025,74.36,23.2,0
147,2025,80.7581,17.2419,0
148,2025,74.3243,16.4054,0.527027
149,2025,72,16,1
150,2025,80.4648,10.4366,1
151,2025,80.3571,9.82143,1
152,2025,79.1628,10.0233,1
153,2025,77.9818,10.0727,1
154,2025,76.8714,10.0286,1
155,2025,76.9189,11.3784,1
156,2025,79.8056,10.5556,1
157,2025,78.0635,12.8254,0.968254
158,2025,79.8333,13.4333,0
159,2025,78.7209,10.9535,1
160,2025,81.6571,13.3429,1
161,2025,83.4762,13.8333,1
162,2025,79.641,13.4103,0.769231
163,2025,84.0233,14.5581,0.302326
164,2025,85.3939,16.303,0.333333
165,2025,86.9286,18.7857,0
166,2025,79.2537,11.5075,0.820896
167,2025,79.5455,14.4545,0
168,2025,79.2364,13.0545,0
169,2025,76.75,13.4062,0.3125
170,2025,79.4186,12.1744,1.45349
171,2025,79.1,11.4,2
172,2025,79.2857,11.2449,1
173,2025,77.7708,10.1667,2.52083
174,2025,78.4286,10,3
175,2025,76.9362,10.7021,3
176,2025,76.5,10.75,3
177,2025,78.775,12.75,0.45
178,2025,80.4074,13.7593,0.851852
179,2025,79.0444,13.5333,1.2
180,2025,76.3818,13.8727,2.36364
181,2025,76,13.5714,2.57143
182,2025,77.0556,13.9444,1.25
183,2025,75.1667,13.8611,1.97222
184,2025,74.1765,14.1961,1.15686
185,2025,77.4545,14.0909,1
186,2025,75.8611,13.8611,1
187,2025,76.875,15,1
188,2025,72.5294,14.2941,1
189,2025,76.8462,13.0513,3.02564
190,2025,77.25,11.8382,3.16176
191,2025,78.26,11.68,3.16
193,2025,78.1765,10.5588,3
194,2025,77.625,12.1562,3
195,2025,77.5714,11.9524,2.85714
196,2025,77.1,12.6,3
197,2025,78.7895,9.73684,3
198,2025,78.5,10.6,3
199,2025,72.7179,8.07692,3.89744
200,2025,70.1481,9.18519,3
201,2025,72.5556,9.13333,2.44444
202,2025,70.5714,9.42857,3
203,2025,70.8,9.8,3
204,2025,70.1667,9.33333,3
205,2025,70.75,9.58333,3
206,2025,70.3115,8.5082,4
207,2025,70.3774,9.64151,3.33962
208,2025,70.575,9.375,2.975
209,2025,70,9,3
210,2025,74.3333,9.22917,3
211,2025,74.7333,9.3,3
212,2025,74.6977,9.46512,3
214,2025,72,8.4,3.2
215,2025,71,10.7391,1
216,2025,73.3103,7.98276,3.81034
217,2025,75.9107,9.21429,1.94643
218,2025,72.6757,8.27027,3.43243
219,2025,78.4,9.46667,3
220,2025,70.3684,8.78947,3.21053
221,2025,69.9375,8.5,3.375
222,2025,69.9091,9,3
223,2025,69.5,8.64286,3.42857
224,2025,70.4583,7.45833,3.70833
225,2025,69.44,7.36,3.6
226,2025,72.6207,9.55172,1.75862
227,2025,69.7143,8.8,2.45714
228,2025,67.1071,9.75,1.82143
229,2025,67.475,8.225,3.25
230,2025,69.7083,6.97917,3.20833
231,2025,70.0667,6.82222,3.31111
232,2025,68.8261,6.91304,3.95652
233,2025,69.7586,7.48276,2.86207
234,2025,68.5111,7.31111,2.84444
235,2025,68.0714,6,3
236,2025,68.2083,6.33333,3
237,2025,67.5714,6,3
238,2025,67.2,4.67273,3.23636
239,2025,64.2222,4.77778,3.47222
240,2025,61.2558,5.83721,3.53488
241,2025,60.675,5.5,3.2
242,2025,63.6591,7.93182,2
243,2025,57.875,5.675,2.475
244,2025,64.9535,7.44186,2.95349
245,2025,64.4464,5.46429,3.66071
246,2025,63.8,7.88,2
247,2025,62.3529,7.88235,2
248,2025,65.9636,8.16364,2
249,2025,63.5143,7.31429,2.14286
250,2025,72.14,9.86,2.3
251,2025,72.6923,9.67308,2.28846
252,2025,76.2,9.2,2.65
253,2025,74.9286,9.85714,2.92857
254,2025,73.6667,10.375,1.25
255,2025,77.1,9.025,2.825
256,2025,72.6279,9.48837,2.30233
257,2025,80.1667,8,2.83333
258,2025,65.7045,8.31818,2
259,2025,65.1622,8.13514,2
260,2025,81.625,10.3333,1.04167
261,2025,78.2727,9.24242,2.30303
262,2025,67.6346,10.3077,1.73077
263,2025,73.9032,9.6129,1.96774
264,2025,73.3448,9.68966,1.7931
265,2025,74.1622,10.4595,1
266,2025,70.1786,9.96429,2.10714
267,2025,69.1739,11.3913,1
268,2025,65.875,10.875,1
270,2025,62.4412,5.23529,2.82353
271,2025,63.6667,4.77778,2.77778
272,2025,67.5682,4.88636,2.36364
273,2025,67.3889,4.61111,2.61111
274,2025,65.3636,5.63636,2
275,2025,67.625,4.25,2.91667
276,2025,68.8235,4,3
277,2025,67.8889,4.44444,3
278,2025,66.012,3.6747,3
279,2025,62.4655,4.03448,2.94828
280,2025,70.7143,5.61224,2.20408
281,2025,71.5814,4.86047,2.44186
282,2025,74.2414,5.24138,2
283,2025,71.6494,3.80519,3
284,2025,74.9455,2.09091,3
285,2025,67.9677,2.12903,3
286,2025,62.9747,5.39241,2.88608
287,2025,69.7467,6.12,2.74667
288,2025,69.4,6,3
289,2025,76.5,4.5,2.33333
290,2025,83.2857,3.91837,2.95918
291,2025,84.8298,3.70213,2.97872
292,2025,89.0769,4.61538,3
293,2025,71.8222,7.15556,2.17778
294,2025,88.4386,3.05263,3
295,2025,78.0526,2.64912,3
296,2025,75.8154,5.33846,2.33846
297,2025,72.52,5.32,2.32
298,2025,90.4857,5.48571,3
299,2025,95.7419,3.80645,3
300,2025,90.6613,3.90323,3.32258
301,2025,91.1053,3.78947,3.87719
302,2025,93.8571,4.85714,3.01786
303,2025,94.025,3.325,3.35
304,2025,103.256,4.04651,3
305,2025,79.5238,4.11111,2.63492
306,2025,88.1818,5.06818,2.84091
307,2025,83.9688,5.4375,2.90625
308,2025,92.8182,5.86364,3
309,2025,97.2857,6.14286,3
310,2025,103.012,4.9881,3
312,2025,101.2,6.3,3
313,2025,103.875,2.29167,3
314,2025,105.5,3.16667,3
315,2025,101.617,2.08511,2.95745
316,2025,105.774,3.29032,2.93548
317,2025,114.769,3.71154,2.94231
318,2025,103.333,5.37037,3
319,2025,108.143,6.28571,3
320,2025,89.3478,0.956522,0.978261
321,2025,66.8,0.533333,0.355556
322,2025,89.2703,0.324324,1.43243
323,2025,109.535,4.67442,0.139535
324,2025,118.721,4.16279,0.325581
325,2025,129.829,5.58537,0.097561
326,2025,85,0.651163,0.162791
327,2025,60.2273,1.15909,0
328,2025,61.4412,0.558824,0
329,2025,48.0882,0.647059,0
330,2025,20.1569,0.333333,0
331,2025,15.9365,0.190476,0
333,2025,26.7143,0.178571,0
334,2025,37.0175,0.0877193,0
335,2025,59.7045,0.0909091,0
336,2025,59.7037,0.148148,0
337,2025,61.2308,0,0
338,2025,56.1154,0.134615,0
339,2025,46.0816,0.102041,0
341,2025,32.375,0.125,0
342,2025,50.6458,0.229167,0
344,2025,73.1765,0.0882353,0
346,2025,64.9394,0,0
347,2025,59.3438,0.34375,0
349,2025,47.6818,0.454545,0
350,2025,102.123,3.26316,3.07018
351,2025,102.381,2.95238,3
352,2025,105.194,3,3
354,2025,105.559,4.91176,3
355,2025,103.854,4.65854,3
356,2025,101.973,4.24324,3
357,2025,93.7812,4.9375,3
358,2025,97.1818,4,3
359,2025,92.7179,5.02564,3
360,2025,113.719,3.73684,3.21053
361,2025,116.938,4.375,4
362,2025,98.0714,3.07143,3.60714
363,2025,123.765,3.88235,2.20588
364,2025,122.438,3.25,1.59375
365,2025,131.15,4.33333,0.5
366,2025,134.238,5.61905,0
367,2025,114.977,3.06818,2.86364
368,2025,103.148,5,3.07407
369,2025,117.923,4,1.61538
370,2025,96.3438,6.39062,3.09375
371,2025,95.8936,6.10638,3.17021
372,2025,99.2609,7,3
373,2025,84.7662,5.4026,2.80519
374,2025,84.1875,6,3
376,2025,63.7576,6,2.0303
377,2025,73.9167,6.52083,2.27083
378,2025,72.3103,6.51724,2.17241
379,2025,76.6842,6.84211,2
380,2025,106.44,6.56,3
381,2025,112.548,6.77419,3
382,2025,104.964,7.17857,3
383,2025,103.902,6.4918,3
384,2025,99.6176,5.41176,3
385,2025,85.9787,6.44681,3.3617
386,2025,108.66,6.66038,2.45283
387,2025,118.475,7.125,1.1
388,2025,109.171,5.17073,3
389,2025,113.27,5.56757,1.83784
390,2025,119.917,5.69444,1.02778
391,2025,121.674,5.81395,1
392,2025,123.176,6.94118,1
393,2025,116.425,5.075,1.3
394,2025,125.528,4.83333,0.861111
395,2025,136.25,5.07143,0
396,2025,131.192,4.38462,0.807692
397,2025,110.6,5.36667,2.56667
398,2025,117.548,2.51613,2.3871
400,2025,92.0204,6.34694,2.85714
401,2025,97.0968,6.83871,3
402,2025,94.4706,6,3
403,2025,86.225,7.35,2
404,2025,82.76,7.92,2
405,2025,87.375,7.5,2
406,2025,89,6,2
407,2025,73.3636,8.54545,2.72727
408,2025,69.4865,8.43243,2.48649
409,2025,71.5333,8.5,2.86667
410,2025,91.2264,7.07547,1.88679
411,2025,82.2222,7.92593,1.96296
412,2025,76.2759,8.96552,2.96552
413,2025,77.1053,8.89474,2.42105
414,2025,78.3333,8.83333,2.33333
415,2025,69.4474,9.36842,2.02632
416,2025,72.3529,9,3
417,2025,72.9394,8.93939,3
418,2025,69.7576,8.75758,2.54545
420,2025,101.5,7.8125,3
421,2025,93.8571,6.78571,3
422,2025,97.7667,7.76667,3
423,2025,98.8,7.875,3
424,2025,98.9286,7.78571,3
425,2025,81.5,7.92857,2.07143
426,2025,78.4167,7.25,2.58333
427,2025,94.5294,6.85294,3
430,2025,87.8548,11.0645,2.04839
431,2025,87.2391,10.5,2
432,2025,87.7333,11.9667,2
433,2025,89.7,10.8,2.525
434,2025,91.093,12.2558,3
435,2025,89.6038,12.8491,2.22642
436,2025,89.2353,14.5882,3
437,2025,83.2143,10.6071,2
438,2025,85.1176,11,2
439,2025,81.9636,10.4727,1.27273
440,2025,86.0702,17.0351,1.10526
441,2025,85.3542,17.7917,1
442,2025,83.8182,15.7727,1.20455
443,2025,82.6111,16.8333,1
444,2025,82.4038,14.1538,1
445,2025,83.1538,13.8462,1
446,2025,84.7778,12.0139,1.43056
447,2025,83.7857,13,1
448,2025,87.8393,12.8214,2.375
449,2025,88.5714,12,2
450,2025,91.9091,8.24242,2.48485
451,2025,91.875,7.60417,1.9375
452,2025,92.6087,7.84783,2.02174
453,2025,92.1558,9.84416,2.24675
454,2025,91,9.1,2.7
455,2025,89.6667,9.5,2
456,2025,85.7188,8.9375,2
457,2025,81.8723,9.97872,2
458,2025,90.3171,11.4146,2.2439
460,2025,92.1364,10.3409,2.65909
461,2025,95.9839,8.48387,3.91935
462,2025,95.0263,8.47368,3.86842
463,2025,92.2,14.7556,2
464,2025,92.4444,15.5556,2
465,2025,87.9375,13.1667,2.8125
466,2025,86.7273,13.7273,3
467,2025,88.7742,13.0161,2.8871
468,2025,91.8125,12.0625,3
469,2025,91.7419,12.5161,2.6129
470,2025,93,7.17241,2.93103
471,2025,95.5333,6.28889,3.24444
472,2025,93.303,7.15152,3.93939
473,2025,93.322,9.23729,2.64407
474,2025,97.2326,8.62791,4
475,2025,100.096,8.03846,3.75
476,2025,101.692,7.69231,3.73077
477,2025,102.667,7,3.66667
478,2025,101.102,10.4082,4
479,2025,92.9846,12.6769,3.16923
480,2025,82.7681,22.058,2.2029
481,2025,84.2857,18.2714,2.85714
482,2025,83.3846,20.0769,2.79487
483,2025,81.9608,21.8235,2.66667
484,2025,76.1017,24.0847,2.71186
485,2025,77.7,23.2,3.9
486,2025,75.0392,25.451,2.72549
487,2025,74.46,25.84,2.62
488,2025,77.2911,24.0127,2.70886
489,2025,77.4286,23,3
490,2025,78.8861,19.7722,3
491,2025,84.8,15.2,2.65
492,2025,82.5,19.0517,2.65517
493,2025,77.9048,24.1667,2.88095
494,2025,79.44,22.66,2.8
495,2025,76.1429,24.5,2.07143
496,2025,77.4179,22.7164,3.67164
497,2025,72.5152,21.9091,5.39394
498,2025,80.4923,15.9846,8.03077
499,2025,80.7826,17.6087,9.56522
500,2025,112.54,16.4921,3.87302
501,2025,112.319,16.3188,4.15942
502,2025,112.297,16.5,4.03125
503,2025,112.529,17.9412,3.47059
504,2025,115.873,15.3818,4.63636
505,2025,114.649,16.7838,3.75676
506,2025,112.5,15.2941,5.35294
507,2025,111.25,15,5
508,2025,110.536,18.3571,2
510,2025,109.964,17.4,3.72727
511,2025,111.875,17,4.75
512,2025,104.85,19.3,4.1
513,2025,110.217,19.8261,3.95652
514,2025,113.812,15.9688,3.46875
515,2025,109.148,16.537,3
516,2025,110.9,15.9,3
520,2025,107.591,14.6136,5.02273
521,2025,110.625,13.0625,5.8125
522,2025,109.447,14.5957,5
523,2025,109.547,14.5849,5
524,2025,109.5,14.3333,5
525,2025,113.66,13.92,5
526,2025,112.176,12.8529,5
527,2025,108.364,15.0682,5
528,2025,110,15,5
530,2025,88.8,19.56,2.32
531,2025,90.5273,18.6909,2.10909
532,2025,88.2,20.7667,2.4
534,2025,84.4,20.6,3
535,2025,99.0494,14.5185,3.69136
537,2025,100.929,14.8571,3
538,2025,103.571,13.8095,4.90476
539,2025,89.875,15.9375,3.9375
540,2025,102,17.0417,4.79167
541,2025,84.1296,17.8889,4.18519
542,2025,83.7407,18.4074,4.55556
543,2025,84.7143,19.8571,4
544,2025,87.8961,16.4805,4.75325
545,2025,85.7556,16.6,6.62222
546,2025,95.9057,14.1509,5.16981
547,2025,95.4082,15.4898,5.4898
548,2025,90.0806,19.5968,5.54839
549,2025,87.2321,18.6964,3.21429
550,2025,102.942,17.8406,4.24638
551,2025,105.719,18,4
553,2025,106.907,18.6047,4.23256
554,2025,105.529,18.0196,4
556,2025,71.2308,25.7692,8.15385
557,2025,80.8116,25.3623,8.14493
558,2025,83.2727,27.4545,6
559,2025,106.394,14.0845,5.28169
560,2025,114.014,17.5493,4
561,2025,105.864,19.197,4.72727
562,2025,105.338,18.0676,5.77027
563,2025,97.8143,20.3714,5.85714
564,2025,90,22.9487,7.05128
565,2025,92.5634,25.169,6.32394
566,2025,81.6667,25.5,9.95833
567,2025,82.55,27.875,10.1
570,2025,102.159,17.3768,4.92754
571,2025,106.444,18.7778,5
572,2025,104.786,17.9286,5.14286
573,2025,95.1833,17.1667,4.3
574,2025,93.6531,20.449,5.04082
575,2025,81.186,17.3488,2.55814
576,2025,84.9062,19.375,2.4375
577,2025,71.7018,16.9474,2
580,2025,94.9833,23.4167,5.65
581,2025,96.25,27.5,5
582,2025,86.4655,27.3966,7.7069
583,2025,80.48,29.84,6.14
584,2025,88.6935,22.4516,5.62903
585,2025,83.2667,23.1778,3.91111
586,2025,78.7742,19.7419,2.58065
587,2025,78.9206,26,5.44444
588,2025,74.8667,23.4667,4.46667
590,2025,51.5972,13.2778,0.986111
591,2025,58,14.5,1
592,2025,71.439,23.9512,2.80488
593,2025,68.5333,16.9,1.66667
594,2025,51.5574,12.8033,2.7377
595,2025,55.8696,19.087,1.56522
596,2025,39.8421,11.4211,1.94737
597,2025,34.2619,7.2381,1.54762
598,2025,41.08,11.7,2.2
599,2025,46.5185,9.14815,3.14815
600,2025,91.1231,17.8462,2.67692
601,2025,95.8611,15.75,3.59722
602,2025,88.5,18,3
603,2025,92,17,3
604,2025,96.2532,13.5443,2.96203
605,2025,97.1964,14.5,4.26786
606,2025,91.0179,16.7143,2.69643
607,2025,91,17,3
608,2025,94.25,16,2.25
609,2025,98.8214,11.375,3.85714
610,2025,102.424,13.1667,4.80303
611,2025,101.182,13.2727,4.90909
612,2025,108.659,13.4091,5
613,2025,104.484,10.8871,4.98387
614,2025,110.342,11.1096,5
615,2025,108.978,10.2826,4.97826
616,2025,109.583,10,5
617,2025,106.491,10.3962,4.0566
618,2025,99.7069,13.3276,4
619,2025,102.1,12.4333,4
620,2025,105.627,11.4,4
622,2025,104.189,10.2703,4
623,2025,113.231,10.2308,4.78846
624,2025,104.05,9.81667,4
625,2025,103.745,11.6275,4
626,2025,109.158,10.7368,4.12281
627,2025,106.125,10.75,4
628,2025,105.244,8.63953,4
629,2025,102.372,8.33333,3.46154
630,2025,105.263,10.9298,4
631,2025,105.261,10.8913,4
633,2025,107.756,12.4,3.86667
634,2025,111.475,11.575,4.275
635,2025,111.667,12.3333,4.90909
636,2025,101.471,7.58824,4.08824
637,2025,102.432,9.02703,3.35135
638,2025,104.889,9.57778,3.08889
639,2025,104.448,7.27586,3.13793
640,2025,111.159,11.4762,5.04762
641,2025,113.471,11.1373,5.45098
644,2025,107.529,14.9571,3.67143
645,2025,106.167,13.3333,4
646,2025,109.111,12.3704,4.7963
647,2025,110.913,11.4783,4.36957
648,2025,112.559,9.88235,2.14706
650,2025,107.778,10.4815,4.40741
651,2025,106,10,4.5
652,2025,108.217,12.7826,4.47826
653,2025,109.516,10.871,4.80645
654,2025,103.179,8.03571,4.10714
655,2025,103.613,7.96774,4.16129
656,2025,108.986,7.38571,3.42857
657,2025,109.068,7.36486,3.32432
658,2025,113.111,8.22222,4
660,2025,110.544,11.7059,4.47059
661,2025,113.417,11,5.66667
662,2025,114.28,11,5.92
664,2025,104.857,13.9429,3.02857
665,2025,105.349,14.7442,2.97674
666,2025,107.278,14.5556,3.83333
667,2025,114.333,12.9412,3.15686
668,2025,107.371,14.8857,1.22857
669,2025,101.676,11.4706,2.35294
670,2025,102.845,11.7759,0.0344828
671,2025,102.738,11.3095,0.047619
672,2025,106.786,13.6071,0
673,2025,114.667,14.2222,1.55556
674,2025,104.737,11.0877,1.49123
675,2025,92.7736,12.2264,0.679245
676,2025,86.5778,13.2,1.66667
677,2025,74.2857,13.3214,0.892857
678,2025,77.0513,8.92308,0
679,2025,69,7.83333,0
680,2025,107.673,15.5091,3.49091
681,2025,112.5,16.0526,3
683,2025,106.571,13.7857,2.7
684,2025,107.464,13.9643,2.73214
685,2025,110.478,14.6522,3
686,2025,98.6905,13.119,3.28571
687,2025,95.8767,15.0959,3.91781
688,2025,88.7031,11.9219,2.01562
689,2025,92.6,11.8727,1.96364
690,2025,76.4615,13.9615,1
691,2025,70.9545,12.25,1.59091
692,2025,74.3636,15.4545,2
693,2025,59.7586,12.4483,2.06897
700,2025,150.422,6.02222,0
701,2025,148.818,5.81818,0
703,2025,157.853,7.11765,0
704,2025,139.846,5.69231,0.025641
705,2025,158.934,7.18033,0
706,2025,144.897,7.07692,0
707,2025,150.845,7.60345,0
708,2025,152.524,7.90476,0
710,2025,131.925,5.30189,0
711,2025,134,5,0
712,2025,131.02,6.37255,0.941176
713,2025,142.119,6.40476,0.238095
714,2025,137.763,6.44068,0.20339
716,2025,120.429,8.4,1
717,2025,123.69,6.27586,0.413793
718,2025,121.2,6.45714,0
719,2025,116.595,8.02703,0.162162
720,2025,115.093,8.74667,1.45333
721,2025,116.2,8.9,1.38333
722,2025,122.083,9.83333,1.33333
723,2025,112.603,7.65517,2.37931
724,2025,107.383,9.58333,3.1
725,2025,107.527,8.12727,2.83636
726,2025,110.245,7.18367,1.5102
727,2025,109.925,9.925,0.075
728,2025,112.743,8.34286,0.0285714
729,2025,109.4,9.22857,0
730,2025,105.718,5.81176,0
731,2025,108.605,7,0
734,2025,111.909,5.87879,0
735,2025,98.4583,4.0625,0
736,2025,92.4545,3.93939,0
737,2025,101.551,8.42857,0
738,2025,90.2632,5.36842,0
739,2025,68.625,5.625,0.125
740,2025,113.448,9.80597,0.731343
741,2025,113.69,10.4138,0.827586
743,2025,112.1,9.96667,1.16667
744,2025,112.209,8.25581,0.162791
745,2025,111.769,6.38462,0
746,2025,109.167,10.5,0
747,2025,118.412,5.29412,0
748,2025,107.936,7.14894,0
749,2025,110.469,8.375,0
750,2025,121.306,4.96774,0
751,2025,125.135,4.65385,0
752,2025,123.84,5,0
753,2025,125,5,0
754,2025,120.568,4.97297,0
755,2025,122.583,4.70833,0
756,2025,130.022,4.22222,0
757,2025,129.35,4.575,0
758,2025,128.143,4.21429,0
759,2025,135.455,4.45455,0
760,2025,116.767,3.81667,0
761,2025,117.889,4.02778,0
762,2025,113.381,4.7619,0
763,2025,100.536,4.03571,0
764,2025,107.625,2.6875,0
765,2025,127.298,2.76596,0
766,2025,124.536,3.28571,0
767,2025,125.3,2.9,0
768,2025,105.854,1.9375,0
769,2025,91.16,1.76,0
770,2025,155.312,4.72917,0
772,2025,159,5,0
773,2025,139.893,4.60714,0
774,2025,152.563,3.71831,0
775,2025,159.966,4.25862,0
776,2025,152.167,5.46667,0
777,2025,156,6.5,0
778,2025,132.583,3.91667,0
779,2025,151.824,2.85294,0
780,2025,123.964,1.5,0
781,2025,133.143,2.42857,0
782,2025,125.803,2,0
783,2025,150.545,2.68182,0
784,2025,162.833,3.66667,0
785,2025,158.787,5.88525,0
786,2025,126.328,2.89062,0
787,2025,133.114,3.72727,0
788,2025,108.441,1.47059,0
789,2025,139.32,4,0
790,2025,71.6301,3.16438,0
791,2025,71.8571,2.78571,0
792,2025,83.4194,2.87097,0
793,2025,69.8085,1.14894,0
794,2025,75.6667,1.06667,0
795,2025,92.2979,2.70213,0
796,2025,97.5714,3,0
797,2025,67.82,1.32,0
798,2025,41.1429,1,0
799,2025,36.24,0,0
800,2025,45.9259,14.4815,0.481481
801,2025,47.0286,12.0571,1.4
802,2025,46.4545,14.25,0.818182
803,2025,44.3333,14.3333,0
804,2025,38.4035,11.2105,0.385965
805,2025,49.6562,12.0312,0.3125
806,2025,55.1852,11.037,0.962963
807,2025,62.0909,11.5152,1.48485
808,2025,50.6154,11.8974,0.923077
809,2025,47.1935,13.129,1
810,2025,43.7885,12.3077,0.230769
811,2025,24.069,9.34483,0.793103
812,2025,28.069,11.7931,0.758621
813,2025,24.4667,9.4,0.4
814,2025,24.7826,11.4783,0.565217
815,2025,31.7857,14.3571,0.642857
816,2025,31.2941,11.1176,0.0588235
820,2025,50,10.4545,1
821,2025,35,1,0
822,2025,52.6,14.45,1.15
823,2025,39.8571,9.71429,1.21429
824,2025,47.6818,11.8182,1
825,2025,34,8.55556,1.88889
826,2025,43.0556,13.3333,2
827,2025,62.6875,15.6875,1.375
828,2025,54.3077,15.5385,1
829,2025,33.7368,8.42105,1.89474
830,2025,39.8333,6,1.83333
831,2025,36.1111,7.44444,1.66667
832,2025,33.6346,4.75,1.15385
833,2025,28.8108,6.97297,0.27027
834,2025,36.0476,4.78571,2.59524
835,2025,34.963,11.7778,3.48148
836,2025,30.14,8.46,0.62
837,2025,32.75,10.3333,0
838,2025,40.85,13.1833,3.25
840,2025,33.7791,7.44186,1.4186
841,2025,36.4444,6.03704,1.37037
843,2025,37.0513,5.10256,0
844,2025,39,5,0.5
845,2025,25.2308,11.8462,0.538462
846,2025,28.4667,9.24444,2.53333
847,2025,21.7246,8.55072,0.434783
850,2025,22.7955,3.38636,0
851,2025,21.92,2.4,0
852,2025,22.1778,4.77778,0
853,2025,22.4203,2.18841,0.0289855
855,2025,19.0952,3.52381,0
856,2025,15.8667,1.02222,0.0444444
857,2025,18.7895,1.94737,0
859,2025,22.3462,6.76923,0.0384615
860,2025,22.1944,4.44444,0.0555556
863,2025,22.72,4.16,0
864,2025,21.087,4.73913,0
865,2025,23.75,5.65,0
870,2025,28.1579,7.21053,0
871,2025,30.9091,7.45455,0
873,2025,24.0435,6.17391,0
874,2025,23.4667,7.73333,0.266667
875,2025,29.4918,8.04918,0.0163934
877,2025,33.0667,7.76667,0
878,2025,22.8333,4.83333,0
879,2025,31.25,2.66667,0
880,2025,28.5,1.04545,0.181818
881,2025,53.2632,1.84211,0
882,2025,50.7391,1.26087,0
883,2025,38.4242,1.36364,0
884,2025,42.8,6,0
890,2025,20.3617,4.57447,0.0425532
891,2025,22.0667,6.26667,0
893,2025,17.1111,1.88889,0
894,2025,23.4348,3.13043,0.304348
895,2025,27.8462,2.92308,0
897,2025,27.8,3.8,0
898,2025,22,3.75,0.5625
900,2025,31.0147,3.72059,2.58824
902,2025,28.4857,4.05714,2.8
903,2025,31,4.4,3
904,2025,28.4,3.6,5
905,2025,26.6667,5.16667,3
906,2025,30.2778,3.94444,2.11111
907,2025,28.9545,3.81818,2.31818
908,2025,30.2857,3.57143,2.14286
910,2025,29,4.61538,0.769231
911,2025,29.25,4.75,2.125
912,2025,30.4,4.7,0.9
913,2025,29.2105,4.5,0
914,2025,29.625,6.625,0
915,2025,30,7,0
916,2025,30.1429,7.14286,0.142857
917,2025,27.7826,4.3913,0.934783
918,2025,29,4,3
919,2025,28.24,2.04,0
920,2025,27.1739,2.30435,0
921,2025,28.0698,3.11628,0.0232558
922,2025,23.5417,2.85417,0
923,2025,25.5873,4.28571,0
924,2025,29.125,4.25,0
925,2025,28.325,2.8,0
926,2025,29.2558,4.13953,0.651163
927,2025,29.6667,4.11111,1.11111
928,2025,29.1818,4.0303,1.15152
930,2025,25.4167,3.75,0.166667
931,2025,23.6667,5.66667,0.888889
932,2025,36.4462,4.55385,0.184615
933,2025,37.8182,5,0.727273
934,2025,22.0789,4.26316,0.605263
935,2025,23.1905,3.7619,0.190476
936,2025,32.322,5.47458,0.457627
937,2025,44.15,7.1,0
939,2025,22.56,1.4,0
940,2025,29.9412,1.67647,0
941,2025,36.5862,1.24138,0
943,2025,30.6,2,0
944,2025,31.25,2,0
945,2025,36.6867,1.18072,0
946,2025,37.7333,1,0
947,2025,38,1,0
948,2025,37.4,1,0
949,2025,34.75,1.77778,0.277778
950,2025,26.1538,1,0
951,2025,29.1379,1.06897,0
952,2025,45.7561,3.04878,0.0243902
953,2025,39.5429,2.82857,0.0714286
954,2025,34.4853,1.95588,0.441176
955,2025,32.617,4.08511,0.340426
956,2025,47.7241,2.7931,0
957,2025,41.9091,3.09091,0
958,2025,57.1034,3.03448,0
959,2025,42.3429,3.94286,0.0142857
960,2025,32.9595,5.36486,0.202703
961,2025,25.5227,4.43182,0.0227273
967,2025,0,0,0
968,2025,0,0,0
969,2025,0,0,0
970,2025,38.5968,8.12903,0.33871
971,2025,36.6341,3.36585,0
972,2025,41.6,7.22857,0
973,2025,36.2615,5.4,0.0461538
974,2025,34.2821,5.5,0.538462
975,2025,35.625,10.9167,0.0416667
976,2025,30.7273,6.40909,0
977,2025,31.1875,7.34375,0.4375
978,2025,34.3774,8.77358,1.26415
979,2025,27.4375,8.125,0
980,2025,40.3091,9.43636,1.63636
981,2025,40.4359,10.0256,2.30769
982,2025,36.3582,8.83582,2.73134
983,2025,36.0882,9.91176,0.955882
984,2025,41.4074,11.4815,0.962963
985,2025,35.6567,6.97015,0.41791
986,2025,39.5263,7.75439,0.122807
988,2025,33.9333,12.6889,5.95556
989,2025,37.8667,14.2667,3.1
990,2025,42.7812,13.3125,4.15625
991,2025,38.8906,12.1719,4.40625
992,2025,42.875,13.875,4.625
993,2025,38.8286,11.0286,3.68571
994,2025,40,9.66667,3
995,2025,14.9825,1.08772,0.157895
996,2025,13.0941,1.42353,0.2
997,2025,18.1818,6.36364,3.18182
998,2025,21.2667,0.666667,0.2
999,2025,18.1818,1,0.363636
